2024-11-20 13:07:27,635 [Worker-2: Loading available Gradle versions] INFO  o.e.b.c.i.u.g.PublishedGradleVersions - Gradle version information cache is out-of-date. Trying to update.
2024-11-20 13:12:02,902 [ModalContext] INFO  o.e.m.c.i.e.AbstractTransferListenerAdapter - Downloading https://repo.maven.apache.org/maven2/com/browserstack/cucumber-testng-archetype-integrate/1.4/cucumber-testng-archetype-integrate-1.4.pom
2024-11-20 13:12:02,935 [ModalContext] INFO  o.e.m.c.i.e.AbstractTransferListenerAdapter - Downloaded https://repo.maven.apache.org/maven2/com/browserstack/cucumber-testng-archetype-integrate/1.4/cucumber-testng-archetype-integrate-1.4.pom
2024-11-20 13:12:03,254 [ModalContext] INFO  o.e.m.c.i.e.AbstractTransferListenerAdapter - Downloading https://repo.maven.apache.org/maven2/com/browserstack/cucumber-testng-archetype-integrate/1.4/cucumber-testng-archetype-integrate-1.4.jar
2024-11-20 13:12:03,634 [ModalContext] INFO  o.e.m.c.i.e.AbstractTransferListenerAdapter - Downloaded https://repo.maven.apache.org/maven2/com/browserstack/cucumber-testng-archetype-integrate/1.4/cucumber-testng-archetype-integrate-1.4.jar
2024-11-20 13:17:07,189 [ModalContext] INFO  o.e.m.c.i.e.AbstractTransferListenerAdapter - Downloading https://repo.maven.apache.org/maven2/org/apache/maven/archetypes/maven-archetype-quickstart/1.5/maven-archetype-quickstart-1.5.pom
2024-11-20 13:17:07,198 [ModalContext] INFO  o.e.m.c.i.e.AbstractTransferListenerAdapter - Downloaded https://repo.maven.apache.org/maven2/org/apache/maven/archetypes/maven-archetype-quickstart/1.5/maven-archetype-quickstart-1.5.pom
2024-11-20 13:17:07,267 [ModalContext] INFO  o.e.m.c.i.e.AbstractTransferListenerAdapter - Downloading https://repo.maven.apache.org/maven2/org/apache/maven/archetypes/maven-archetype-bundles/1.5/maven-archetype-bundles-1.5.pom
2024-11-20 13:17:07,287 [ModalContext] INFO  o.e.m.c.i.e.AbstractTransferListenerAdapter - Downloaded https://repo.maven.apache.org/maven2/org/apache/maven/archetypes/maven-archetype-bundles/1.5/maven-archetype-bundles-1.5.pom
2024-11-20 13:17:07,336 [ModalContext] INFO  o.e.m.c.i.e.AbstractTransferListenerAdapter - Downloading https://repo.maven.apache.org/maven2/org/apache/maven/maven-parent/43/maven-parent-43.pom
2024-11-20 13:17:07,415 [ModalContext] INFO  o.e.m.c.i.e.AbstractTransferListenerAdapter - Downloaded https://repo.maven.apache.org/maven2/org/apache/maven/maven-parent/43/maven-parent-43.pom
2024-11-20 13:17:07,476 [ModalContext] INFO  o.e.m.c.i.e.AbstractTransferListenerAdapter - Downloading https://repo.maven.apache.org/maven2/org/apache/apache/33/apache-33.pom
2024-11-20 13:17:07,500 [ModalContext] INFO  o.e.m.c.i.e.AbstractTransferListenerAdapter - Downloaded https://repo.maven.apache.org/maven2/org/apache/apache/33/apache-33.pom
2024-11-20 13:17:07,551 [ModalContext] INFO  o.e.m.c.i.e.AbstractTransferListenerAdapter - Downloading https://repo.maven.apache.org/maven2/org/junit/junit-bom/5.10.3/junit-bom-5.10.3.pom
2024-11-20 13:17:07,561 [ModalContext] INFO  o.e.m.c.i.e.AbstractTransferListenerAdapter - Downloaded https://repo.maven.apache.org/maven2/org/junit/junit-bom/5.10.3/junit-bom-5.10.3.pom
2024-11-20 13:17:07,604 [ModalContext] INFO  o.e.m.c.i.e.AbstractTransferListenerAdapter - Downloading https://repo.maven.apache.org/maven2/org/apache/maven/archetypes/maven-archetype-quickstart/1.5/maven-archetype-quickstart-1.5.jar
2024-11-20 13:17:07,614 [ModalContext] INFO  o.e.m.c.i.e.AbstractTransferListenerAdapter - Downloaded https://repo.maven.apache.org/maven2/org/apache/maven/archetypes/maven-archetype-quickstart/1.5/maven-archetype-quickstart-1.5.jar
2024-11-20 13:17:34,971 [Worker-20: Launching mavenrun-da53d694-52bc-4038-90cd-198a7a9fccfd] INFO  o.eclipse.m2e.core.internal.Bundles - getClasspathEntries(Bundle=org.eclipse.m2e.maven.runtime_3.9.500.20231113-2345 [575])
2024-11-20 13:17:34,974 [Worker-20: Launching mavenrun-da53d694-52bc-4038-90cd-198a7a9fccfd] INFO  o.eclipse.m2e.core.internal.Bundles - 	Entry: C:\Users\DELL\.p2\pool\plugins\org.eclipse.m2e.maven.runtime_3.9.500.20231113-2345
2024-11-20 13:17:34,975 [Worker-20: Launching mavenrun-da53d694-52bc-4038-90cd-198a7a9fccfd] INFO  o.eclipse.m2e.core.internal.Bundles - 	Entry: C:\Users\DELL\.p2\pool\plugins\org.eclipse.m2e.maven.runtime_3.9.500.20231113-2345\jars\aopalliance-1.0.jar
2024-11-20 13:17:34,975 [Worker-20: Launching mavenrun-da53d694-52bc-4038-90cd-198a7a9fccfd] INFO  o.eclipse.m2e.core.internal.Bundles - 	Entry: C:\Users\DELL\.p2\pool\plugins\org.eclipse.m2e.maven.runtime_3.9.500.20231113-2345\jars\guice-5.1.0.jar
2024-11-20 13:17:34,975 [Worker-20: Launching mavenrun-da53d694-52bc-4038-90cd-198a7a9fccfd] INFO  o.eclipse.m2e.core.internal.Bundles - 	Entry: C:\Users\DELL\.p2\pool\plugins\org.eclipse.m2e.maven.runtime_3.9.500.20231113-2345\jars\httpclient-4.5.14.jar
2024-11-20 13:17:34,976 [Worker-20: Launching mavenrun-da53d694-52bc-4038-90cd-198a7a9fccfd] INFO  o.eclipse.m2e.core.internal.Bundles - 	Entry: C:\Users\DELL\.p2\pool\plugins\org.eclipse.m2e.maven.runtime_3.9.500.20231113-2345\jars\httpcore-4.4.16.jar
2024-11-20 13:17:34,976 [Worker-20: Launching mavenrun-da53d694-52bc-4038-90cd-198a7a9fccfd] INFO  o.eclipse.m2e.core.internal.Bundles - 	Entry: C:\Users\DELL\.p2\pool\plugins\org.eclipse.m2e.maven.runtime_3.9.500.20231113-2345\jars\jansi-2.4.0.jar
2024-11-20 13:17:34,976 [Worker-20: Launching mavenrun-da53d694-52bc-4038-90cd-198a7a9fccfd] INFO  o.eclipse.m2e.core.internal.Bundles - 	Entry: C:\Users\DELL\.p2\pool\plugins\org.eclipse.m2e.maven.runtime_3.9.500.20231113-2345\jars\jcl-over-slf4j-1.7.36.jar
2024-11-20 13:17:34,977 [Worker-20: Launching mavenrun-da53d694-52bc-4038-90cd-198a7a9fccfd] INFO  o.eclipse.m2e.core.internal.Bundles - 	Entry: C:\Users\DELL\.p2\pool\plugins\org.eclipse.m2e.maven.runtime_3.9.500.20231113-2345\jars\maven-artifact-3.9.5.jar
2024-11-20 13:17:34,977 [Worker-20: Launching mavenrun-da53d694-52bc-4038-90cd-198a7a9fccfd] INFO  o.eclipse.m2e.core.internal.Bundles - 	Entry: C:\Users\DELL\.p2\pool\plugins\org.eclipse.m2e.maven.runtime_3.9.500.20231113-2345\jars\maven-builder-support-3.9.5.jar
2024-11-20 13:17:34,977 [Worker-20: Launching mavenrun-da53d694-52bc-4038-90cd-198a7a9fccfd] INFO  o.eclipse.m2e.core.internal.Bundles - 	Entry: C:\Users\DELL\.p2\pool\plugins\org.eclipse.m2e.maven.runtime_3.9.500.20231113-2345\jars\maven-compat-3.9.5.jar
2024-11-20 13:17:34,978 [Worker-20: Launching mavenrun-da53d694-52bc-4038-90cd-198a7a9fccfd] INFO  o.eclipse.m2e.core.internal.Bundles - 	Entry: C:\Users\DELL\.p2\pool\plugins\org.eclipse.m2e.maven.runtime_3.9.500.20231113-2345\jars\maven-core-3.9.5.jar
2024-11-20 13:17:34,978 [Worker-20: Launching mavenrun-da53d694-52bc-4038-90cd-198a7a9fccfd] INFO  o.eclipse.m2e.core.internal.Bundles - 	Entry: C:\Users\DELL\.p2\pool\plugins\org.eclipse.m2e.maven.runtime_3.9.500.20231113-2345\jars\maven-embedder-3.9.5.jar
2024-11-20 13:17:34,978 [Worker-20: Launching mavenrun-da53d694-52bc-4038-90cd-198a7a9fccfd] INFO  o.eclipse.m2e.core.internal.Bundles - 	Entry: C:\Users\DELL\.p2\pool\plugins\org.eclipse.m2e.maven.runtime_3.9.500.20231113-2345\jars\maven-model-3.9.5.jar
2024-11-20 13:17:34,979 [Worker-20: Launching mavenrun-da53d694-52bc-4038-90cd-198a7a9fccfd] INFO  o.eclipse.m2e.core.internal.Bundles - 	Entry: C:\Users\DELL\.p2\pool\plugins\org.eclipse.m2e.maven.runtime_3.9.500.20231113-2345\jars\maven-model-builder-3.9.5.jar
2024-11-20 13:17:34,979 [Worker-20: Launching mavenrun-da53d694-52bc-4038-90cd-198a7a9fccfd] INFO  o.eclipse.m2e.core.internal.Bundles - 	Entry: C:\Users\DELL\.p2\pool\plugins\org.eclipse.m2e.maven.runtime_3.9.500.20231113-2345\jars\maven-plugin-api-3.9.5.jar
2024-11-20 13:17:34,979 [Worker-20: Launching mavenrun-da53d694-52bc-4038-90cd-198a7a9fccfd] INFO  o.eclipse.m2e.core.internal.Bundles - 	Entry: C:\Users\DELL\.p2\pool\plugins\org.eclipse.m2e.maven.runtime_3.9.500.20231113-2345\jars\maven-repository-metadata-3.9.5.jar
2024-11-20 13:17:34,980 [Worker-20: Launching mavenrun-da53d694-52bc-4038-90cd-198a7a9fccfd] INFO  o.eclipse.m2e.core.internal.Bundles - 	Entry: C:\Users\DELL\.p2\pool\plugins\org.eclipse.m2e.maven.runtime_3.9.500.20231113-2345\jars\maven-resolver-api-1.9.16.jar
2024-11-20 13:17:34,980 [Worker-20: Launching mavenrun-da53d694-52bc-4038-90cd-198a7a9fccfd] INFO  o.eclipse.m2e.core.internal.Bundles - 	Entry: C:\Users\DELL\.p2\pool\plugins\org.eclipse.m2e.maven.runtime_3.9.500.20231113-2345\jars\maven-resolver-connector-basic-1.9.16.jar
2024-11-20 13:17:34,981 [Worker-20: Launching mavenrun-da53d694-52bc-4038-90cd-198a7a9fccfd] INFO  o.eclipse.m2e.core.internal.Bundles - 	Entry: C:\Users\DELL\.p2\pool\plugins\org.eclipse.m2e.maven.runtime_3.9.500.20231113-2345\jars\maven-resolver-impl-1.9.16.jar
2024-11-20 13:17:34,981 [Worker-20: Launching mavenrun-da53d694-52bc-4038-90cd-198a7a9fccfd] INFO  o.eclipse.m2e.core.internal.Bundles - 	Entry: C:\Users\DELL\.p2\pool\plugins\org.eclipse.m2e.maven.runtime_3.9.500.20231113-2345\jars\maven-resolver-named-locks-1.9.16.jar
2024-11-20 13:17:34,981 [Worker-20: Launching mavenrun-da53d694-52bc-4038-90cd-198a7a9fccfd] INFO  o.eclipse.m2e.core.internal.Bundles - 	Entry: C:\Users\DELL\.p2\pool\plugins\org.eclipse.m2e.maven.runtime_3.9.500.20231113-2345\jars\maven-resolver-provider-3.9.5.jar
2024-11-20 13:17:34,982 [Worker-20: Launching mavenrun-da53d694-52bc-4038-90cd-198a7a9fccfd] INFO  o.eclipse.m2e.core.internal.Bundles - 	Entry: C:\Users\DELL\.p2\pool\plugins\org.eclipse.m2e.maven.runtime_3.9.500.20231113-2345\jars\maven-resolver-spi-1.9.16.jar
2024-11-20 13:17:34,982 [Worker-20: Launching mavenrun-da53d694-52bc-4038-90cd-198a7a9fccfd] INFO  o.eclipse.m2e.core.internal.Bundles - 	Entry: C:\Users\DELL\.p2\pool\plugins\org.eclipse.m2e.maven.runtime_3.9.500.20231113-2345\jars\maven-resolver-transport-file-1.9.16.jar
2024-11-20 13:17:34,982 [Worker-20: Launching mavenrun-da53d694-52bc-4038-90cd-198a7a9fccfd] INFO  o.eclipse.m2e.core.internal.Bundles - 	Entry: C:\Users\DELL\.p2\pool\plugins\org.eclipse.m2e.maven.runtime_3.9.500.20231113-2345\jars\maven-resolver-transport-http-1.9.16.jar
2024-11-20 13:17:34,983 [Worker-20: Launching mavenrun-da53d694-52bc-4038-90cd-198a7a9fccfd] INFO  o.eclipse.m2e.core.internal.Bundles - 	Entry: C:\Users\DELL\.p2\pool\plugins\org.eclipse.m2e.maven.runtime_3.9.500.20231113-2345\jars\maven-resolver-transport-wagon-1.9.16.jar
2024-11-20 13:17:34,983 [Worker-20: Launching mavenrun-da53d694-52bc-4038-90cd-198a7a9fccfd] INFO  o.eclipse.m2e.core.internal.Bundles - 	Entry: C:\Users\DELL\.p2\pool\plugins\org.eclipse.m2e.maven.runtime_3.9.500.20231113-2345\jars\maven-resolver-util-1.9.16.jar
2024-11-20 13:17:34,984 [Worker-20: Launching mavenrun-da53d694-52bc-4038-90cd-198a7a9fccfd] INFO  o.eclipse.m2e.core.internal.Bundles - 	Entry: C:\Users\DELL\.p2\pool\plugins\org.eclipse.m2e.maven.runtime_3.9.500.20231113-2345\jars\maven-settings-3.9.5.jar
2024-11-20 13:17:34,984 [Worker-20: Launching mavenrun-da53d694-52bc-4038-90cd-198a7a9fccfd] INFO  o.eclipse.m2e.core.internal.Bundles - 	Entry: C:\Users\DELL\.p2\pool\plugins\org.eclipse.m2e.maven.runtime_3.9.500.20231113-2345\jars\maven-settings-builder-3.9.5.jar
2024-11-20 13:17:34,984 [Worker-20: Launching mavenrun-da53d694-52bc-4038-90cd-198a7a9fccfd] INFO  o.eclipse.m2e.core.internal.Bundles - 	Entry: C:\Users\DELL\.p2\pool\plugins\org.eclipse.m2e.maven.runtime_3.9.500.20231113-2345\jars\maven-shared-utils-3.3.4.jar
2024-11-20 13:17:34,985 [Worker-20: Launching mavenrun-da53d694-52bc-4038-90cd-198a7a9fccfd] INFO  o.eclipse.m2e.core.internal.Bundles - 	Entry: C:\Users\DELL\.p2\pool\plugins\org.eclipse.m2e.maven.runtime_3.9.500.20231113-2345\jars\org.eclipse.sisu.inject-0.3.5.jar
2024-11-20 13:17:34,985 [Worker-20: Launching mavenrun-da53d694-52bc-4038-90cd-198a7a9fccfd] INFO  o.eclipse.m2e.core.internal.Bundles - 	Entry: C:\Users\DELL\.p2\pool\plugins\org.eclipse.m2e.maven.runtime_3.9.500.20231113-2345\jars\org.eclipse.sisu.plexus-0.3.5.jar
2024-11-20 13:17:34,985 [Worker-20: Launching mavenrun-da53d694-52bc-4038-90cd-198a7a9fccfd] INFO  o.eclipse.m2e.core.internal.Bundles - 	Entry: C:\Users\DELL\.p2\pool\plugins\org.eclipse.m2e.maven.runtime_3.9.500.20231113-2345\jars\plexus-build-api-0.0.7.jar
2024-11-20 13:17:34,986 [Worker-20: Launching mavenrun-da53d694-52bc-4038-90cd-198a7a9fccfd] INFO  o.eclipse.m2e.core.internal.Bundles - 	Entry: C:\Users\DELL\.p2\pool\plugins\org.eclipse.m2e.maven.runtime_3.9.500.20231113-2345\jars\plexus-cipher-2.0.jar
2024-11-20 13:17:34,986 [Worker-20: Launching mavenrun-da53d694-52bc-4038-90cd-198a7a9fccfd] INFO  o.eclipse.m2e.core.internal.Bundles - 	Entry: C:\Users\DELL\.p2\pool\plugins\org.eclipse.m2e.maven.runtime_3.9.500.20231113-2345\jars\plexus-classworlds-2.7.0.jar
2024-11-20 13:17:34,987 [Worker-20: Launching mavenrun-da53d694-52bc-4038-90cd-198a7a9fccfd] INFO  o.eclipse.m2e.core.internal.Bundles - 	Entry: C:\Users\DELL\.p2\pool\plugins\org.eclipse.m2e.maven.runtime_3.9.500.20231113-2345\jars\plexus-component-annotations-2.1.0.jar
2024-11-20 13:17:34,987 [Worker-20: Launching mavenrun-da53d694-52bc-4038-90cd-198a7a9fccfd] INFO  o.eclipse.m2e.core.internal.Bundles - 	Entry: C:\Users\DELL\.p2\pool\plugins\org.eclipse.m2e.maven.runtime_3.9.500.20231113-2345\jars\plexus-interpolation-1.26.jar
2024-11-20 13:17:34,987 [Worker-20: Launching mavenrun-da53d694-52bc-4038-90cd-198a7a9fccfd] INFO  o.eclipse.m2e.core.internal.Bundles - 	Entry: C:\Users\DELL\.p2\pool\plugins\org.eclipse.m2e.maven.runtime_3.9.500.20231113-2345\jars\plexus-sec-dispatcher-2.0.jar
2024-11-20 13:17:34,988 [Worker-20: Launching mavenrun-da53d694-52bc-4038-90cd-198a7a9fccfd] INFO  o.eclipse.m2e.core.internal.Bundles - 	Entry: C:\Users\DELL\.p2\pool\plugins\org.eclipse.m2e.maven.runtime_3.9.500.20231113-2345\jars\plexus-utils-3.5.1.jar
2024-11-20 13:17:34,988 [Worker-20: Launching mavenrun-da53d694-52bc-4038-90cd-198a7a9fccfd] INFO  o.eclipse.m2e.core.internal.Bundles - 	Entry: C:\Users\DELL\.p2\pool\plugins\org.eclipse.m2e.maven.runtime_3.9.500.20231113-2345\jars\wagon-file-3.5.3.jar
2024-11-20 13:17:34,988 [Worker-20: Launching mavenrun-da53d694-52bc-4038-90cd-198a7a9fccfd] INFO  o.eclipse.m2e.core.internal.Bundles - 	Entry: C:\Users\DELL\.p2\pool\plugins\org.eclipse.m2e.maven.runtime_3.9.500.20231113-2345\jars\wagon-http-3.5.3.jar
2024-11-20 13:17:34,989 [Worker-20: Launching mavenrun-da53d694-52bc-4038-90cd-198a7a9fccfd] INFO  o.eclipse.m2e.core.internal.Bundles - 	Entry: C:\Users\DELL\.p2\pool\plugins\org.eclipse.m2e.maven.runtime_3.9.500.20231113-2345\jars\wagon-http-shared-3.5.3.jar
2024-11-20 13:17:34,989 [Worker-20: Launching mavenrun-da53d694-52bc-4038-90cd-198a7a9fccfd] INFO  o.eclipse.m2e.core.internal.Bundles - 	Entry: C:\Users\DELL\.p2\pool\plugins\org.eclipse.m2e.maven.runtime_3.9.500.20231113-2345\jars\wagon-provider-api-3.5.3.jar
2024-11-20 13:17:34,992 [Worker-20: Launching mavenrun-da53d694-52bc-4038-90cd-198a7a9fccfd] INFO  o.eclipse.m2e.core.internal.Bundles - getClasspathEntries(Bundle=com.google.guava_32.1.3.jre [552])
2024-11-20 13:17:34,993 [Worker-20: Launching mavenrun-da53d694-52bc-4038-90cd-198a7a9fccfd] INFO  o.eclipse.m2e.core.internal.Bundles - 	Entry: C:\Users\DELL\.p2\pool\plugins\com.google.guava_32.1.3.jre.jar
2024-11-20 13:17:34,994 [Worker-20: Launching mavenrun-da53d694-52bc-4038-90cd-198a7a9fccfd] INFO  o.eclipse.m2e.core.internal.Bundles - getClasspathEntries(Bundle=slf4j.api_2.0.9 [518])
2024-11-20 13:17:34,994 [Worker-20: Launching mavenrun-da53d694-52bc-4038-90cd-198a7a9fccfd] INFO  o.eclipse.m2e.core.internal.Bundles - 	Entry: C:\Users\DELL\.p2\pool\plugins\slf4j.api_2.0.9.jar
2024-11-20 13:17:34,994 [Worker-20: Launching mavenrun-da53d694-52bc-4038-90cd-198a7a9fccfd] INFO  o.eclipse.m2e.core.internal.Bundles - getClasspathEntries(Bundle=javax.inject_1.0.0.v20220405-0441 [26])
2024-11-20 13:17:34,995 [Worker-20: Launching mavenrun-da53d694-52bc-4038-90cd-198a7a9fccfd] INFO  o.eclipse.m2e.core.internal.Bundles - 	Entry: C:\Users\DELL\.p2\pool\plugins\javax.inject_1.0.0.v20220405-0441.jar
2024-11-20 13:17:34,995 [Worker-20: Launching mavenrun-da53d694-52bc-4038-90cd-198a7a9fccfd] INFO  o.eclipse.m2e.core.internal.Bundles - getClasspathEntries(Bundle=javax.annotation_1.3.5.v20200909-1856 [24])
2024-11-20 13:17:34,996 [Worker-20: Launching mavenrun-da53d694-52bc-4038-90cd-198a7a9fccfd] INFO  o.eclipse.m2e.core.internal.Bundles - 	Entry: C:\Users\DELL\.p2\pool\plugins\javax.annotation_1.3.5.v20200909-1856.jar
2024-11-20 13:17:34,996 [Worker-20: Launching mavenrun-da53d694-52bc-4038-90cd-198a7a9fccfd] INFO  o.eclipse.m2e.core.internal.Bundles - getClasspathEntries(Bundle=org.apache.commons.cli_1.6.0 [555])
2024-11-20 13:17:34,997 [Worker-20: Launching mavenrun-da53d694-52bc-4038-90cd-198a7a9fccfd] INFO  o.eclipse.m2e.core.internal.Bundles - 	Entry: C:\Users\DELL\.p2\pool\plugins\org.apache.commons.cli_1.6.0.jar
2024-11-20 13:17:34,997 [Worker-20: Launching mavenrun-da53d694-52bc-4038-90cd-198a7a9fccfd] INFO  o.eclipse.m2e.core.internal.Bundles - getClasspathEntries(Bundle=org.apache.commons.commons-codec_1.16.0 [51])
2024-11-20 13:17:34,998 [Worker-20: Launching mavenrun-da53d694-52bc-4038-90cd-198a7a9fccfd] INFO  o.eclipse.m2e.core.internal.Bundles - 	Entry: C:\Users\DELL\.p2\pool\plugins\org.apache.commons.commons-codec_1.16.0.jar
2024-11-20 13:17:34,998 [Worker-20: Launching mavenrun-da53d694-52bc-4038-90cd-198a7a9fccfd] INFO  o.eclipse.m2e.core.internal.Bundles - getClasspathEntries(Bundle=org.apache.commons.lang3_3.13.0 [556])
2024-11-20 13:17:34,999 [Worker-20: Launching mavenrun-da53d694-52bc-4038-90cd-198a7a9fccfd] INFO  o.eclipse.m2e.core.internal.Bundles - 	Entry: C:\Users\DELL\.p2\pool\plugins\org.apache.commons.lang3_3.13.0.jar
2024-11-20 13:17:34,999 [Worker-20: Launching mavenrun-da53d694-52bc-4038-90cd-198a7a9fccfd] INFO  o.eclipse.m2e.core.internal.Bundles - getClasspathEntries(Bundle=com.google.guava.failureaccess_1.0.2 [553])
2024-11-20 13:17:34,999 [Worker-20: Launching mavenrun-da53d694-52bc-4038-90cd-198a7a9fccfd] INFO  o.eclipse.m2e.core.internal.Bundles - 	Entry: C:\Users\DELL\.p2\pool\plugins\com.google.guava.failureaccess_1.0.2.jar
2024-11-20 13:17:35,009 [Worker-20: Launching mavenrun-da53d694-52bc-4038-90cd-198a7a9fccfd] INFO  o.e.m.i.launch.MavenLaunchDelegate - Run build in "C:\Users\DELL\AppData\Local\Temp\m2e-archetypeGenerator11880679235946135734":
2024-11-20 13:17:35,015 [Worker-20: Launching mavenrun-da53d694-52bc-4038-90cd-198a7a9fccfd] INFO  o.e.m.i.launch.MavenLaunchDelegate -  mvn  -DjavaCompilerVersion=17 -DjunitVersion=5.11.0 -DarchetypeGroupId=org.apache.maven.archetypes -DarchetypeArtifactId=maven-archetype-quickstart -DarchetypeVersion=1.5 -DgroupId=Project_Firesolution -DartifactId=Project_Firesolution -Dversion=0.0.1-SNAPSHOT -Dpackage=Project_Firesolution.Project_Firesolution -DoutputDirectory=E:\Qk_practice_Project\FireSolution_Project -Dstyle.color=always -U archetype:generate
2024-11-20 13:18:23,837 [Worker-13: Creating maven-archetype-quickstart] INFO  o.e.m.c.i.p.ProjectConfigurationManager - Collecting project info '/pom.xml' E:\Qk_practice_Project\FireSolution_Project\Project_Firesolution\pom.xml
2024-11-20 13:18:24,913 [Worker-13: Creating maven-archetype-quickstart] INFO  o.e.m.c.i.e.AbstractTransferListenerAdapter - Downloading https://repo.maven.apache.org/maven2/org/apache/maven/plugins/maven-clean-plugin/3.4.0/maven-clean-plugin-3.4.0.jar
2024-11-20 13:18:24,927 [Worker-13: Creating maven-archetype-quickstart] INFO  o.e.m.c.i.e.AbstractTransferListenerAdapter - Downloaded https://repo.maven.apache.org/maven2/org/apache/maven/plugins/maven-clean-plugin/3.4.0/maven-clean-plugin-3.4.0.jar
2024-11-20 13:18:25,452 [Worker-13: Creating maven-archetype-quickstart] INFO  o.e.m.c.i.e.AbstractTransferListenerAdapter - Downloading https://repo.maven.apache.org/maven2/org/apache/maven/plugins/maven-compiler-plugin/3.13.0/maven-compiler-plugin-3.13.0.jar
2024-11-20 13:18:25,487 [Worker-13: Creating maven-archetype-quickstart] INFO  o.e.m.c.i.e.AbstractTransferListenerAdapter - Downloaded https://repo.maven.apache.org/maven2/org/apache/maven/plugins/maven-compiler-plugin/3.13.0/maven-compiler-plugin-3.13.0.jar
2024-11-20 13:18:25,542 [Worker-13: Creating maven-archetype-quickstart] INFO  o.e.m.c.i.e.AbstractTransferListenerAdapter - Downloading https://repo.maven.apache.org/maven2/org/apache/maven/plugins/maven-surefire-plugin/3.3.0/maven-surefire-plugin-3.3.0.jar
2024-11-20 13:18:25,552 [Worker-13: Creating maven-archetype-quickstart] INFO  o.e.m.c.i.e.AbstractTransferListenerAdapter - Downloaded https://repo.maven.apache.org/maven2/org/apache/maven/plugins/maven-surefire-plugin/3.3.0/maven-surefire-plugin-3.3.0.jar
2024-11-20 13:18:25,779 [Worker-13: Creating maven-archetype-quickstart] INFO  o.e.m.c.i.e.AbstractTransferListenerAdapter - Downloading https://repo.maven.apache.org/maven2/org/apache/maven/plugins/maven-jar-plugin/3.4.2/maven-jar-plugin-3.4.2.jar
2024-11-20 13:18:25,789 [Worker-13: Creating maven-archetype-quickstart] INFO  o.e.m.c.i.e.AbstractTransferListenerAdapter - Downloaded https://repo.maven.apache.org/maven2/org/apache/maven/plugins/maven-jar-plugin/3.4.2/maven-jar-plugin-3.4.2.jar
2024-11-20 13:18:26,032 [Worker-13: Creating maven-archetype-quickstart] INFO  o.e.m.c.i.e.AbstractTransferListenerAdapter - Downloading https://repo.maven.apache.org/maven2/org/apache/maven/plugins/maven-install-plugin/3.1.2/maven-install-plugin-3.1.2.jar
2024-11-20 13:18:26,042 [Worker-13: Creating maven-archetype-quickstart] INFO  o.e.m.c.i.e.AbstractTransferListenerAdapter - Downloaded https://repo.maven.apache.org/maven2/org/apache/maven/plugins/maven-install-plugin/3.1.2/maven-install-plugin-3.1.2.jar
2024-11-20 13:18:26,270 [Worker-13: Creating maven-archetype-quickstart] INFO  o.e.m.c.i.e.AbstractTransferListenerAdapter - Downloading https://repo.maven.apache.org/maven2/org/apache/maven/plugins/maven-deploy-plugin/3.1.2/maven-deploy-plugin-3.1.2.jar
2024-11-20 13:18:26,280 [Worker-13: Creating maven-archetype-quickstart] INFO  o.e.m.c.i.e.AbstractTransferListenerAdapter - Downloaded https://repo.maven.apache.org/maven2/org/apache/maven/plugins/maven-deploy-plugin/3.1.2/maven-deploy-plugin-3.1.2.jar
2024-11-20 13:18:26,597 [Worker-13: Creating maven-archetype-quickstart] INFO  o.e.m.c.i.e.AbstractTransferListenerAdapter - Downloading https://repo.maven.apache.org/maven2/org/apache/maven/plugins/maven-compiler-plugin/3.13.0/maven-compiler-plugin-3.13.0.pom
2024-11-20 13:18:26,604 [Worker-13: Creating maven-archetype-quickstart] INFO  o.e.m.c.i.e.AbstractTransferListenerAdapter - Downloaded https://repo.maven.apache.org/maven2/org/apache/maven/plugins/maven-compiler-plugin/3.13.0/maven-compiler-plugin-3.13.0.pom
2024-11-20 13:18:26,642 [Worker-13: Creating maven-archetype-quickstart] INFO  o.e.m.c.i.e.AbstractTransferListenerAdapter - Downloading https://repo.maven.apache.org/maven2/org/apache/maven/plugins/maven-plugins/41/maven-plugins-41.pom
2024-11-20 13:18:26,648 [Worker-13: Creating maven-archetype-quickstart] INFO  o.e.m.c.i.e.AbstractTransferListenerAdapter - Downloaded https://repo.maven.apache.org/maven2/org/apache/maven/plugins/maven-plugins/41/maven-plugins-41.pom
2024-11-20 13:18:27,125 [Worker-13: Creating maven-archetype-quickstart] INFO  o.e.m.c.i.e.AbstractTransferListenerAdapter - Downloading https://repo.maven.apache.org/maven2/org/codehaus/plexus/plexus-java/1.2.0/plexus-java-1.2.0.pom
2024-11-20 13:18:27,133 [Worker-13: Creating maven-archetype-quickstart] INFO  o.e.m.c.i.e.AbstractTransferListenerAdapter - Downloaded https://repo.maven.apache.org/maven2/org/codehaus/plexus/plexus-java/1.2.0/plexus-java-1.2.0.pom
2024-11-20 13:18:27,173 [Worker-13: Creating maven-archetype-quickstart] INFO  o.e.m.c.i.e.AbstractTransferListenerAdapter - Downloading https://repo.maven.apache.org/maven2/org/codehaus/plexus/plexus-languages/1.2.0/plexus-languages-1.2.0.pom
2024-11-20 13:18:27,180 [Worker-13: Creating maven-archetype-quickstart] INFO  o.e.m.c.i.e.AbstractTransferListenerAdapter - Downloaded https://repo.maven.apache.org/maven2/org/codehaus/plexus/plexus-languages/1.2.0/plexus-languages-1.2.0.pom
2024-11-20 13:18:27,224 [Worker-13: Creating maven-archetype-quickstart] INFO  o.e.m.c.i.e.AbstractTransferListenerAdapter - Downloading https://repo.maven.apache.org/maven2/org/codehaus/plexus/plexus/15/plexus-15.pom
2024-11-20 13:18:27,233 [Worker-13: Creating maven-archetype-quickstart] INFO  o.e.m.c.i.e.AbstractTransferListenerAdapter - Downloaded https://repo.maven.apache.org/maven2/org/codehaus/plexus/plexus/15/plexus-15.pom
2024-11-20 13:18:27,270 [Worker-13: Creating maven-archetype-quickstart] INFO  o.e.m.c.i.e.AbstractTransferListenerAdapter - Downloading https://repo.maven.apache.org/maven2/org/junit/junit-bom/5.10.0/junit-bom-5.10.0.pom
2024-11-20 13:18:27,278 [Worker-13: Creating maven-archetype-quickstart] INFO  o.e.m.c.i.e.AbstractTransferListenerAdapter - Downloaded https://repo.maven.apache.org/maven2/org/junit/junit-bom/5.10.0/junit-bom-5.10.0.pom
2024-11-20 13:18:27,315 [Worker-13: Creating maven-archetype-quickstart] INFO  o.e.m.c.i.e.AbstractTransferListenerAdapter - Downloading https://repo.maven.apache.org/maven2/org/ow2/asm/asm/9.6/asm-9.6.pom
2024-11-20 13:18:27,323 [Worker-13: Creating maven-archetype-quickstart] INFO  o.e.m.c.i.e.AbstractTransferListenerAdapter - Downloaded https://repo.maven.apache.org/maven2/org/ow2/asm/asm/9.6/asm-9.6.pom
2024-11-20 13:18:27,469 [Worker-13: Creating maven-archetype-quickstart] INFO  o.e.m.c.i.e.AbstractTransferListenerAdapter - Downloading https://repo.maven.apache.org/maven2/org/codehaus/plexus/plexus-compiler-api/2.15.0/plexus-compiler-api-2.15.0.pom
2024-11-20 13:18:27,477 [Worker-13: Creating maven-archetype-quickstart] INFO  o.e.m.c.i.e.AbstractTransferListenerAdapter - Downloaded https://repo.maven.apache.org/maven2/org/codehaus/plexus/plexus-compiler-api/2.15.0/plexus-compiler-api-2.15.0.pom
2024-11-20 13:18:27,511 [Worker-13: Creating maven-archetype-quickstart] INFO  o.e.m.c.i.e.AbstractTransferListenerAdapter - Downloading https://repo.maven.apache.org/maven2/org/codehaus/plexus/plexus-compiler/2.15.0/plexus-compiler-2.15.0.pom
2024-11-20 13:18:27,519 [Worker-13: Creating maven-archetype-quickstart] INFO  o.e.m.c.i.e.AbstractTransferListenerAdapter - Downloaded https://repo.maven.apache.org/maven2/org/codehaus/plexus/plexus-compiler/2.15.0/plexus-compiler-2.15.0.pom
2024-11-20 13:18:27,592 [Worker-13: Creating maven-archetype-quickstart] INFO  o.e.m.c.i.e.AbstractTransferListenerAdapter - Downloading https://repo.maven.apache.org/maven2/org/codehaus/plexus/plexus-utils/4.0.0/plexus-utils-4.0.0.pom
2024-11-20 13:18:27,599 [Worker-13: Creating maven-archetype-quickstart] INFO  o.e.m.c.i.e.AbstractTransferListenerAdapter - Downloaded https://repo.maven.apache.org/maven2/org/codehaus/plexus/plexus-utils/4.0.0/plexus-utils-4.0.0.pom
2024-11-20 13:18:27,635 [Worker-13: Creating maven-archetype-quickstart] INFO  o.e.m.c.i.e.AbstractTransferListenerAdapter - Downloading https://repo.maven.apache.org/maven2/org/codehaus/plexus/plexus/13/plexus-13.pom
2024-11-20 13:18:27,649 [Worker-13: Creating maven-archetype-quickstart] INFO  o.e.m.c.i.e.AbstractTransferListenerAdapter - Downloaded https://repo.maven.apache.org/maven2/org/codehaus/plexus/plexus/13/plexus-13.pom
2024-11-20 13:18:27,720 [Worker-13: Creating maven-archetype-quickstart] INFO  o.e.m.c.i.e.AbstractTransferListenerAdapter - Downloading https://repo.maven.apache.org/maven2/org/codehaus/plexus/plexus-compiler-manager/2.15.0/plexus-compiler-manager-2.15.0.pom
2024-11-20 13:18:27,727 [Worker-13: Creating maven-archetype-quickstart] INFO  o.e.m.c.i.e.AbstractTransferListenerAdapter - Downloaded https://repo.maven.apache.org/maven2/org/codehaus/plexus/plexus-compiler-manager/2.15.0/plexus-compiler-manager-2.15.0.pom
2024-11-20 13:18:27,761 [Worker-13: Creating maven-archetype-quickstart] INFO  o.e.m.c.i.e.AbstractTransferListenerAdapter - Downloading https://repo.maven.apache.org/maven2/org/codehaus/plexus/plexus-xml/3.0.0/plexus-xml-3.0.0.pom
2024-11-20 13:18:27,768 [Worker-13: Creating maven-archetype-quickstart] INFO  o.e.m.c.i.e.AbstractTransferListenerAdapter - Downloaded https://repo.maven.apache.org/maven2/org/codehaus/plexus/plexus-xml/3.0.0/plexus-xml-3.0.0.pom
2024-11-20 13:18:27,803 [Worker-13: Creating maven-archetype-quickstart] INFO  o.e.m.c.i.e.AbstractTransferListenerAdapter - Downloading https://repo.maven.apache.org/maven2/org/codehaus/plexus/plexus-compiler-javac/2.15.0/plexus-compiler-javac-2.15.0.pom
2024-11-20 13:18:27,810 [Worker-13: Creating maven-archetype-quickstart] INFO  o.e.m.c.i.e.AbstractTransferListenerAdapter - Downloaded https://repo.maven.apache.org/maven2/org/codehaus/plexus/plexus-compiler-javac/2.15.0/plexus-compiler-javac-2.15.0.pom
2024-11-20 13:18:27,839 [Worker-13: Creating maven-archetype-quickstart] INFO  o.e.m.c.i.e.AbstractTransferListenerAdapter - Downloading https://repo.maven.apache.org/maven2/org/codehaus/plexus/plexus-compilers/2.15.0/plexus-compilers-2.15.0.pom
2024-11-20 13:18:27,846 [Worker-13: Creating maven-archetype-quickstart] INFO  o.e.m.c.i.e.AbstractTransferListenerAdapter - Downloaded https://repo.maven.apache.org/maven2/org/codehaus/plexus/plexus-compilers/2.15.0/plexus-compilers-2.15.0.pom
2024-11-20 13:18:27,937 [Worker-13: Creating maven-archetype-quickstart] INFO  o.e.m.c.i.e.AbstractTransferListenerAdapter - Downloading https://repo.maven.apache.org/maven2/org/codehaus/plexus/plexus-java/1.2.0/plexus-java-1.2.0.jar
2024-11-20 13:18:27,953 [Worker-13: Creating maven-archetype-quickstart] INFO  o.e.m.c.i.e.AbstractTransferListenerAdapter - Downloaded https://repo.maven.apache.org/maven2/org/codehaus/plexus/plexus-java/1.2.0/plexus-java-1.2.0.jar
2024-11-20 13:18:27,967 [BasicRepositoryConnector-repo.maven.apache.org-0-1] INFO  o.e.m.c.i.e.AbstractTransferListenerAdapter - Downloading https://repo.maven.apache.org/maven2/org/codehaus/plexus/plexus-compiler-api/2.15.0/plexus-compiler-api-2.15.0.jar
2024-11-20 13:18:27,977 [BasicRepositoryConnector-repo.maven.apache.org-0-1] INFO  o.e.m.c.i.e.AbstractTransferListenerAdapter - Downloaded https://repo.maven.apache.org/maven2/org/codehaus/plexus/plexus-compiler-api/2.15.0/plexus-compiler-api-2.15.0.jar
2024-11-20 13:18:27,994 [BasicRepositoryConnector-repo.maven.apache.org-0-4] INFO  o.e.m.c.i.e.AbstractTransferListenerAdapter - Downloading https://repo.maven.apache.org/maven2/org/codehaus/plexus/plexus-compiler-javac/2.15.0/plexus-compiler-javac-2.15.0.jar
2024-11-20 13:18:27,998 [BasicRepositoryConnector-repo.maven.apache.org-0-2] INFO  o.e.m.c.i.e.AbstractTransferListenerAdapter - Downloading https://repo.maven.apache.org/maven2/org/codehaus/plexus/plexus-compiler-manager/2.15.0/plexus-compiler-manager-2.15.0.jar
2024-11-20 13:18:28,006 [BasicRepositoryConnector-repo.maven.apache.org-0-4] INFO  o.e.m.c.i.e.AbstractTransferListenerAdapter - Downloaded https://repo.maven.apache.org/maven2/org/codehaus/plexus/plexus-compiler-javac/2.15.0/plexus-compiler-javac-2.15.0.jar
2024-11-20 13:18:28,006 [BasicRepositoryConnector-repo.maven.apache.org-0-0] INFO  o.e.m.c.i.e.AbstractTransferListenerAdapter - Downloading https://repo.maven.apache.org/maven2/org/ow2/asm/asm/9.6/asm-9.6.jar
2024-11-20 13:18:28,009 [BasicRepositoryConnector-repo.maven.apache.org-0-2] INFO  o.e.m.c.i.e.AbstractTransferListenerAdapter - Downloaded https://repo.maven.apache.org/maven2/org/codehaus/plexus/plexus-compiler-manager/2.15.0/plexus-compiler-manager-2.15.0.jar
2024-11-20 13:18:28,014 [BasicRepositoryConnector-repo.maven.apache.org-0-3] INFO  o.e.m.c.i.e.AbstractTransferListenerAdapter - Downloading https://repo.maven.apache.org/maven2/org/codehaus/plexus/plexus-xml/3.0.0/plexus-xml-3.0.0.jar
2024-11-20 13:18:28,026 [BasicRepositoryConnector-repo.maven.apache.org-0-1] INFO  o.e.m.c.i.e.AbstractTransferListenerAdapter - Downloading https://repo.maven.apache.org/maven2/org/codehaus/plexus/plexus-utils/4.0.0/plexus-utils-4.0.0.jar
2024-11-20 13:18:28,060 [BasicRepositoryConnector-repo.maven.apache.org-0-0] INFO  o.e.m.c.i.e.AbstractTransferListenerAdapter - Downloaded https://repo.maven.apache.org/maven2/org/ow2/asm/asm/9.6/asm-9.6.jar
2024-11-20 13:18:28,063 [BasicRepositoryConnector-repo.maven.apache.org-0-3] INFO  o.e.m.c.i.e.AbstractTransferListenerAdapter - Downloaded https://repo.maven.apache.org/maven2/org/codehaus/plexus/plexus-xml/3.0.0/plexus-xml-3.0.0.jar
2024-11-20 13:18:28,087 [BasicRepositoryConnector-repo.maven.apache.org-0-1] INFO  o.e.m.c.i.e.AbstractTransferListenerAdapter - Downloaded https://repo.maven.apache.org/maven2/org/codehaus/plexus/plexus-utils/4.0.0/plexus-utils-4.0.0.jar
2024-11-20 13:18:28,570 [Worker-13: Creating maven-archetype-quickstart] INFO  o.e.m.c.i.l.LifecycleMappingFactory - Using org.eclipse.m2e.jdt.JarLifecycleMapping lifecycle mapping for MavenProject: Project_Firesolution:Project_Firesolution:0.0.1-SNAPSHOT @ E:\Qk_practice_Project\FireSolution_Project\Project_Firesolution\pom.xml.
2024-11-20 13:18:28,595 [Worker-13: Creating maven-archetype-quickstart] INFO  o.e.m.c.i.e.AbstractTransferListenerAdapter - Downloading https://repo.maven.apache.org/maven2/org/junit/jupiter/junit-jupiter-api/5.11.0/junit-jupiter-api-5.11.0.pom
2024-11-20 13:18:28,615 [Worker-13: Creating maven-archetype-quickstart] INFO  o.e.m.c.i.e.AbstractTransferListenerAdapter - Downloaded https://repo.maven.apache.org/maven2/org/junit/jupiter/junit-jupiter-api/5.11.0/junit-jupiter-api-5.11.0.pom
2024-11-20 13:18:28,659 [Worker-13: Creating maven-archetype-quickstart] INFO  o.e.m.c.i.e.AbstractTransferListenerAdapter - Downloading https://repo.maven.apache.org/maven2/org/opentest4j/opentest4j/1.3.0/opentest4j-1.3.0.pom
2024-11-20 13:18:28,665 [Worker-13: Creating maven-archetype-quickstart] INFO  o.e.m.c.i.e.AbstractTransferListenerAdapter - Downloaded https://repo.maven.apache.org/maven2/org/opentest4j/opentest4j/1.3.0/opentest4j-1.3.0.pom
2024-11-20 13:18:28,700 [Worker-13: Creating maven-archetype-quickstart] INFO  o.e.m.c.i.e.AbstractTransferListenerAdapter - Downloading https://repo.maven.apache.org/maven2/org/junit/platform/junit-platform-commons/1.11.0/junit-platform-commons-1.11.0.pom
2024-11-20 13:18:28,707 [Worker-13: Creating maven-archetype-quickstart] INFO  o.e.m.c.i.e.AbstractTransferListenerAdapter - Downloaded https://repo.maven.apache.org/maven2/org/junit/platform/junit-platform-commons/1.11.0/junit-platform-commons-1.11.0.pom
2024-11-20 13:18:28,740 [Worker-13: Creating maven-archetype-quickstart] INFO  o.e.m.c.i.e.AbstractTransferListenerAdapter - Downloading https://repo.maven.apache.org/maven2/org/apiguardian/apiguardian-api/1.1.2/apiguardian-api-1.1.2.pom
2024-11-20 13:18:28,747 [Worker-13: Creating maven-archetype-quickstart] INFO  o.e.m.c.i.e.AbstractTransferListenerAdapter - Downloaded https://repo.maven.apache.org/maven2/org/apiguardian/apiguardian-api/1.1.2/apiguardian-api-1.1.2.pom
2024-11-20 13:18:28,814 [Worker-13: Creating maven-archetype-quickstart] INFO  o.e.m.c.i.e.AbstractTransferListenerAdapter - Downloading https://repo.maven.apache.org/maven2/org/junit/jupiter/junit-jupiter-params/5.11.0/junit-jupiter-params-5.11.0.pom
2024-11-20 13:18:28,820 [Worker-13: Creating maven-archetype-quickstart] INFO  o.e.m.c.i.e.AbstractTransferListenerAdapter - Downloaded https://repo.maven.apache.org/maven2/org/junit/jupiter/junit-jupiter-params/5.11.0/junit-jupiter-params-5.11.0.pom
2024-11-20 13:18:28,868 [Worker-13: Creating maven-archetype-quickstart] INFO  o.e.m.c.i.e.AbstractTransferListenerAdapter - Downloading https://repo.maven.apache.org/maven2/org/junit/jupiter/junit-jupiter-api/5.11.0/junit-jupiter-api-5.11.0.jar
2024-11-20 13:18:28,952 [Worker-13: Creating maven-archetype-quickstart] INFO  o.e.m.c.i.e.AbstractTransferListenerAdapter - Downloaded https://repo.maven.apache.org/maven2/org/junit/jupiter/junit-jupiter-api/5.11.0/junit-jupiter-api-5.11.0.jar
2024-11-20 13:18:28,973 [BasicRepositoryConnector-repo.maven.apache.org-1-2] INFO  o.e.m.c.i.e.AbstractTransferListenerAdapter - Downloading https://repo.maven.apache.org/maven2/org/apiguardian/apiguardian-api/1.1.2/apiguardian-api-1.1.2.jar
2024-11-20 13:18:28,974 [BasicRepositoryConnector-repo.maven.apache.org-1-1] INFO  o.e.m.c.i.e.AbstractTransferListenerAdapter - Downloading https://repo.maven.apache.org/maven2/org/junit/platform/junit-platform-commons/1.11.0/junit-platform-commons-1.11.0.jar
2024-11-20 13:18:28,979 [BasicRepositoryConnector-repo.maven.apache.org-1-3] INFO  o.e.m.c.i.e.AbstractTransferListenerAdapter - Downloading https://repo.maven.apache.org/maven2/org/junit/jupiter/junit-jupiter-params/5.11.0/junit-jupiter-params-5.11.0.jar
2024-11-20 13:18:28,983 [BasicRepositoryConnector-repo.maven.apache.org-1-2] INFO  o.e.m.c.i.e.AbstractTransferListenerAdapter - Downloaded https://repo.maven.apache.org/maven2/org/apiguardian/apiguardian-api/1.1.2/apiguardian-api-1.1.2.jar
2024-11-20 13:18:29,022 [BasicRepositoryConnector-repo.maven.apache.org-1-1] INFO  o.e.m.c.i.e.AbstractTransferListenerAdapter - Downloaded https://repo.maven.apache.org/maven2/org/junit/platform/junit-platform-commons/1.11.0/junit-platform-commons-1.11.0.jar
2024-11-20 13:18:29,028 [BasicRepositoryConnector-repo.maven.apache.org-1-0] INFO  o.e.m.c.i.e.AbstractTransferListenerAdapter - Downloading https://repo.maven.apache.org/maven2/org/opentest4j/opentest4j/1.3.0/opentest4j-1.3.0.jar
2024-11-20 13:18:29,118 [BasicRepositoryConnector-repo.maven.apache.org-1-0] INFO  o.e.m.c.i.e.AbstractTransferListenerAdapter - Downloaded https://repo.maven.apache.org/maven2/org/opentest4j/opentest4j/1.3.0/opentest4j-1.3.0.jar
2024-11-20 13:18:29,202 [BasicRepositoryConnector-repo.maven.apache.org-1-3] INFO  o.e.m.c.i.e.AbstractTransferListenerAdapter - Downloaded https://repo.maven.apache.org/maven2/org/junit/jupiter/junit-jupiter-params/5.11.0/junit-jupiter-params-5.11.0.jar
2024-11-20 13:18:29,324 [Worker-13: Creating maven-archetype-quickstart] INFO  o.e.m.c.i.e.AbstractTransferListenerAdapter - Downloading https://repo.maven.apache.org/maven2/org/apache/maven/plugins/maven-surefire-plugin/3.3.0/maven-surefire-plugin-3.3.0.pom
2024-11-20 13:18:29,331 [Worker-13: Creating maven-archetype-quickstart] INFO  o.e.m.c.i.e.AbstractTransferListenerAdapter - Downloaded https://repo.maven.apache.org/maven2/org/apache/maven/plugins/maven-surefire-plugin/3.3.0/maven-surefire-plugin-3.3.0.pom
2024-11-20 13:18:29,364 [Worker-13: Creating maven-archetype-quickstart] INFO  o.e.m.c.i.e.AbstractTransferListenerAdapter - Downloading https://repo.maven.apache.org/maven2/org/apache/maven/surefire/surefire/3.3.0/surefire-3.3.0.pom
2024-11-20 13:18:29,372 [Worker-13: Creating maven-archetype-quickstart] INFO  o.e.m.c.i.e.AbstractTransferListenerAdapter - Downloaded https://repo.maven.apache.org/maven2/org/apache/maven/surefire/surefire/3.3.0/surefire-3.3.0.pom
2024-11-20 13:18:29,444 [Worker-13: Creating maven-archetype-quickstart] INFO  o.e.m.c.i.e.AbstractTransferListenerAdapter - Downloading https://repo.maven.apache.org/maven2/org/apache/maven/plugins/maven-jar-plugin/3.4.2/maven-jar-plugin-3.4.2.pom
2024-11-20 13:18:29,452 [Worker-13: Creating maven-archetype-quickstart] INFO  o.e.m.c.i.e.AbstractTransferListenerAdapter - Downloaded https://repo.maven.apache.org/maven2/org/apache/maven/plugins/maven-jar-plugin/3.4.2/maven-jar-plugin-3.4.2.pom
2024-11-20 13:18:29,489 [Worker-13: Creating maven-archetype-quickstart] INFO  o.e.m.c.i.e.AbstractTransferListenerAdapter - Downloading https://repo.maven.apache.org/maven2/org/apache/maven/plugins/maven-plugins/42/maven-plugins-42.pom
2024-11-20 13:18:29,498 [Worker-13: Creating maven-archetype-quickstart] INFO  o.e.m.c.i.e.AbstractTransferListenerAdapter - Downloaded https://repo.maven.apache.org/maven2/org/apache/maven/plugins/maven-plugins/42/maven-plugins-42.pom
2024-11-20 13:18:29,675 [Worker-13: Creating maven-archetype-quickstart] INFO  o.e.m.c.i.e.AbstractTransferListenerAdapter - Downloading https://repo.maven.apache.org/maven2/commons-io/commons-io/2.16.1/commons-io-2.16.1.pom
2024-11-20 13:18:29,685 [Worker-13: Creating maven-archetype-quickstart] INFO  o.e.m.c.i.e.AbstractTransferListenerAdapter - Downloaded https://repo.maven.apache.org/maven2/commons-io/commons-io/2.16.1/commons-io-2.16.1.pom
2024-11-20 13:18:29,895 [Worker-13: Creating maven-archetype-quickstart] INFO  o.e.m.c.i.e.AbstractTransferListenerAdapter - Downloading https://repo.maven.apache.org/maven2/org/apache/commons/commons-lang3/3.14.0/commons-lang3-3.14.0.pom
2024-11-20 13:18:29,904 [Worker-13: Creating maven-archetype-quickstart] INFO  o.e.m.c.i.e.AbstractTransferListenerAdapter - Downloaded https://repo.maven.apache.org/maven2/org/apache/commons/commons-lang3/3.14.0/commons-lang3-3.14.0.pom
2024-11-20 13:18:29,945 [Worker-13: Creating maven-archetype-quickstart] INFO  o.e.m.c.i.e.AbstractTransferListenerAdapter - Downloading https://repo.maven.apache.org/maven2/org/apache/commons/commons-parent/64/commons-parent-64.pom
2024-11-20 13:18:29,963 [Worker-13: Creating maven-archetype-quickstart] INFO  o.e.m.c.i.e.AbstractTransferListenerAdapter - Downloaded https://repo.maven.apache.org/maven2/org/apache/commons/commons-parent/64/commons-parent-64.pom
2024-11-20 13:18:30,002 [Worker-13: Creating maven-archetype-quickstart] INFO  o.e.m.c.i.e.AbstractTransferListenerAdapter - Downloading https://repo.maven.apache.org/maven2/org/apache/apache/30/apache-30.pom
2024-11-20 13:18:30,009 [Worker-13: Creating maven-archetype-quickstart] INFO  o.e.m.c.i.e.AbstractTransferListenerAdapter - Downloaded https://repo.maven.apache.org/maven2/org/apache/apache/30/apache-30.pom
2024-11-20 13:18:30,128 [Worker-13: Creating maven-archetype-quickstart] INFO  o.e.m.c.i.e.AbstractTransferListenerAdapter - Downloading https://repo.maven.apache.org/maven2/commons-io/commons-io/2.16.1/commons-io-2.16.1.jar
2024-11-20 13:18:30,230 [Worker-13: Creating maven-archetype-quickstart] INFO  o.e.m.c.i.e.AbstractTransferListenerAdapter - Downloaded https://repo.maven.apache.org/maven2/commons-io/commons-io/2.16.1/commons-io-2.16.1.jar
2024-11-20 13:18:30,248 [BasicRepositoryConnector-repo.maven.apache.org-2-1] INFO  o.e.m.c.i.e.AbstractTransferListenerAdapter - Downloading https://repo.maven.apache.org/maven2/org/codehaus/plexus/plexus-io/3.4.2/plexus-io-3.4.2.jar
2024-11-20 13:18:30,251 [BasicRepositoryConnector-repo.maven.apache.org-2-0] INFO  o.e.m.c.i.e.AbstractTransferListenerAdapter - Downloading https://repo.maven.apache.org/maven2/org/codehaus/plexus/plexus-archiver/4.9.2/plexus-archiver-4.9.2.jar
2024-11-20 13:18:30,255 [BasicRepositoryConnector-repo.maven.apache.org-2-3] INFO  o.e.m.c.i.e.AbstractTransferListenerAdapter - Downloading https://repo.maven.apache.org/maven2/org/apache/commons/commons-lang3/3.14.0/commons-lang3-3.14.0.jar
2024-11-20 13:18:30,266 [BasicRepositoryConnector-repo.maven.apache.org-2-2] INFO  o.e.m.c.i.e.AbstractTransferListenerAdapter - Downloading https://repo.maven.apache.org/maven2/org/apache/commons/commons-compress/1.26.1/commons-compress-1.26.1.jar
2024-11-20 13:18:30,270 [BasicRepositoryConnector-repo.maven.apache.org-2-4] INFO  o.e.m.c.i.e.AbstractTransferListenerAdapter - Downloading https://repo.maven.apache.org/maven2/commons-codec/commons-codec/1.16.1/commons-codec-1.16.1.jar
2024-11-20 13:18:30,333 [BasicRepositoryConnector-repo.maven.apache.org-2-1] INFO  o.e.m.c.i.e.AbstractTransferListenerAdapter - Downloaded https://repo.maven.apache.org/maven2/org/codehaus/plexus/plexus-io/3.4.2/plexus-io-3.4.2.jar
2024-11-20 13:18:30,412 [BasicRepositoryConnector-repo.maven.apache.org-2-1] INFO  o.e.m.c.i.e.AbstractTransferListenerAdapter - Downloading https://repo.maven.apache.org/maven2/com/github/luben/zstd-jni/1.5.5-11/zstd-jni-1.5.5-11.jar
2024-11-20 13:18:30,500 [BasicRepositoryConnector-repo.maven.apache.org-2-0] INFO  o.e.m.c.i.e.AbstractTransferListenerAdapter - Downloaded https://repo.maven.apache.org/maven2/org/codehaus/plexus/plexus-archiver/4.9.2/plexus-archiver-4.9.2.jar
2024-11-20 13:18:30,581 [BasicRepositoryConnector-repo.maven.apache.org-2-4] INFO  o.e.m.c.i.e.AbstractTransferListenerAdapter - Downloaded https://repo.maven.apache.org/maven2/commons-codec/commons-codec/1.16.1/commons-codec-1.16.1.jar
2024-11-20 13:18:30,806 [BasicRepositoryConnector-repo.maven.apache.org-2-2] INFO  o.e.m.c.i.e.AbstractTransferListenerAdapter - Downloaded https://repo.maven.apache.org/maven2/org/apache/commons/commons-compress/1.26.1/commons-compress-1.26.1.jar
2024-11-20 13:18:30,955 [BasicRepositoryConnector-repo.maven.apache.org-2-3] INFO  o.e.m.c.i.e.AbstractTransferListenerAdapter - Downloaded https://repo.maven.apache.org/maven2/org/apache/commons/commons-lang3/3.14.0/commons-lang3-3.14.0.jar
2024-11-20 13:18:32,039 [BasicRepositoryConnector-repo.maven.apache.org-2-1] INFO  o.e.m.c.i.e.AbstractTransferListenerAdapter - Downloaded https://repo.maven.apache.org/maven2/com/github/luben/zstd-jni/1.5.5-11/zstd-jni-1.5.5-11.jar
2024-11-20 13:18:33,701 [Worker-13: Creating maven-archetype-quickstart] INFO  o.e.m.j.i.AbstractJavaProjectConfigurator - Adding source folder /Project_Firesolution/src/main/java
2024-11-20 13:18:33,701 [Worker-13: Creating maven-archetype-quickstart] INFO  o.e.m.j.i.AbstractJavaProjectConfigurator - Adding resource folder /Project_Firesolution/src/main/resources
2024-11-20 13:18:33,717 [Worker-13: Creating maven-archetype-quickstart] INFO  o.e.m.j.i.AbstractJavaProjectConfigurator - Adding source folder /Project_Firesolution/src/test/java
2024-11-20 13:18:33,718 [Worker-13: Creating maven-archetype-quickstart] INFO  o.e.m.j.i.AbstractJavaProjectConfigurator - Adding resource folder /Project_Firesolution/src/test/resources
2024-11-20 13:18:33,992 [Worker-20: Download sources and javadoc] INFO  o.e.m.c.i.e.AbstractTransferListenerAdapter - Downloading https://repo.maven.apache.org/maven2/org/junit/jupiter/junit-jupiter-api/5.11.0/junit-jupiter-api-5.11.0-sources.jar
2024-11-20 13:18:34,119 [Worker-20: Download sources and javadoc] INFO  o.e.m.c.i.e.AbstractTransferListenerAdapter - Downloaded https://repo.maven.apache.org/maven2/org/junit/jupiter/junit-jupiter-api/5.11.0/junit-jupiter-api-5.11.0-sources.jar
2024-11-20 13:18:34,130 [Worker-20: Download sources and javadoc] INFO  o.e.m.j.internal.DownloadSourcesJob - Downloaded sources for org.junit.jupiter:junit-jupiter-api:5.11.0
2024-11-20 13:18:34,243 [Worker-20: Download sources and javadoc] INFO  o.e.m.c.i.e.AbstractTransferListenerAdapter - Downloading https://repo.maven.apache.org/maven2/org/opentest4j/opentest4j/1.3.0/opentest4j-1.3.0-sources.jar
2024-11-20 13:18:34,250 [Worker-20: Download sources and javadoc] INFO  o.e.m.c.i.e.AbstractTransferListenerAdapter - Downloaded https://repo.maven.apache.org/maven2/org/opentest4j/opentest4j/1.3.0/opentest4j-1.3.0-sources.jar
2024-11-20 13:18:34,260 [Worker-20: Download sources and javadoc] INFO  o.e.m.j.internal.DownloadSourcesJob - Downloaded sources for org.opentest4j:opentest4j:1.3.0
2024-11-20 13:18:34,544 [Worker-20: Download sources and javadoc] INFO  o.e.m.c.i.e.AbstractTransferListenerAdapter - Downloading https://repo.maven.apache.org/maven2/org/junit/platform/junit-platform-commons/1.11.0/junit-platform-commons-1.11.0-sources.jar
2024-11-20 13:18:34,629 [Worker-20: Download sources and javadoc] INFO  o.e.m.c.i.e.AbstractTransferListenerAdapter - Downloaded https://repo.maven.apache.org/maven2/org/junit/platform/junit-platform-commons/1.11.0/junit-platform-commons-1.11.0-sources.jar
2024-11-20 13:18:34,640 [Worker-20: Download sources and javadoc] INFO  o.e.m.j.internal.DownloadSourcesJob - Downloaded sources for org.junit.platform:junit-platform-commons:1.11.0
2024-11-20 13:18:34,716 [Worker-20: Download sources and javadoc] INFO  o.e.m.c.i.e.AbstractTransferListenerAdapter - Downloading https://repo.maven.apache.org/maven2/org/apiguardian/apiguardian-api/1.1.2/apiguardian-api-1.1.2-sources.jar
2024-11-20 13:18:34,728 [Worker-20: Download sources and javadoc] INFO  o.e.m.c.i.e.AbstractTransferListenerAdapter - Downloaded https://repo.maven.apache.org/maven2/org/apiguardian/apiguardian-api/1.1.2/apiguardian-api-1.1.2-sources.jar
2024-11-20 13:18:34,737 [Worker-20: Download sources and javadoc] INFO  o.e.m.j.internal.DownloadSourcesJob - Downloaded sources for org.apiguardian:apiguardian-api:1.1.2
2024-11-20 13:18:34,826 [Worker-13: Creating maven-archetype-quickstart] INFO  o.e.m.c.i.p.ProjectConfigurationManager - Imported and configured 1 project(s) in 10 sec
2024-11-20 13:18:34,838 [Worker-20: Download sources and javadoc] INFO  o.e.m.c.i.e.AbstractTransferListenerAdapter - Downloading https://repo.maven.apache.org/maven2/org/junit/jupiter/junit-jupiter-params/5.11.0/junit-jupiter-params-5.11.0-sources.jar
2024-11-20 13:18:34,890 [Worker-20: Download sources and javadoc] INFO  o.e.m.c.i.e.AbstractTransferListenerAdapter - Downloaded https://repo.maven.apache.org/maven2/org/junit/jupiter/junit-jupiter-params/5.11.0/junit-jupiter-params-5.11.0-sources.jar
2024-11-20 13:18:34,908 [Worker-20: Download sources and javadoc] INFO  o.e.m.j.internal.DownloadSourcesJob - Downloaded sources for org.junit.jupiter:junit-jupiter-params:5.11.0
2024-11-20 13:18:36,658 [Worker-23: Building] INFO  o.a.m.s.f.DefaultMavenResourcesFiltering - skip non existing resourceDirectory E:\Qk_practice_Project\FireSolution_Project\Project_Firesolution\src\main\resources
2024-11-20 13:18:36,679 [Worker-23: Building] INFO  o.a.m.s.f.DefaultMavenResourcesFiltering - skip non existing resourceDirectory E:\Qk_practice_Project\FireSolution_Project\Project_Firesolution\src\test\resources
2024-11-20 13:22:30,948 [Worker-8: Building] INFO  o.e.m.c.i.l.LifecycleMappingFactory - Using org.eclipse.m2e.jdt.JarLifecycleMapping lifecycle mapping for MavenProject: Project_Firesolution:Project_Firesolution:0.0.1-SNAPSHOT @ E:\Qk_practice_Project\FireSolution_Project\Project_Firesolution\pom.xml.
2024-11-20 13:22:31,329 [Worker-8: Building] INFO  o.a.m.s.f.DefaultMavenResourcesFiltering - skip non existing resourceDirectory E:\Qk_practice_Project\FireSolution_Project\Project_Firesolution\src\main\resources
2024-11-20 13:22:31,334 [Worker-8: Building] INFO  o.a.m.s.f.DefaultMavenResourcesFiltering - skip non existing resourceDirectory E:\Qk_practice_Project\FireSolution_Project\Project_Firesolution\src\test\resources
2024-11-20 14:32:23,194 [Worker-13: Building] INFO  o.a.m.s.f.DefaultMavenResourcesFiltering - skip non existing resourceDirectory E:\Qk_practice_Project\FireSolution_Project\Project_Firesolution\src\main\resources
2024-11-20 14:32:23,203 [Worker-13: Building] INFO  o.a.m.s.f.DefaultMavenResourcesFiltering - skip non existing resourceDirectory E:\Qk_practice_Project\FireSolution_Project\Project_Firesolution\src\test\resources
2024-11-20 14:42:48,908 [Worker-22: Building] INFO  o.e.m.c.i.l.LifecycleMappingFactory - Using org.eclipse.m2e.jdt.JarLifecycleMapping lifecycle mapping for MavenProject: Project_Firesolution:Project_Firesolution:0.0.1-SNAPSHOT @ E:\Qk_practice_Project\FireSolution_Project\Project_Firesolution\pom.xml.
2024-11-20 14:42:53,395 [Worker-22: Building] INFO  o.e.m.c.i.e.AbstractTransferListenerAdapter - Downloading https://repo.maven.apache.org/maven2/org/seleniumhq/selenium/selenium-java/4.25.0/selenium-java-4.25.0.pom
2024-11-20 14:42:53,493 [Worker-22: Building] INFO  o.e.m.c.i.e.AbstractTransferListenerAdapter - Downloaded https://repo.maven.apache.org/maven2/org/seleniumhq/selenium/selenium-java/4.25.0/selenium-java-4.25.0.pom
2024-11-20 14:42:53,619 [Worker-22: Building] INFO  o.e.m.c.i.e.AbstractTransferListenerAdapter - Downloading https://repo.maven.apache.org/maven2/org/seleniumhq/selenium/selenium-api/4.25.0/selenium-api-4.25.0.pom
2024-11-20 14:42:53,658 [Worker-22: Building] INFO  o.e.m.c.i.e.AbstractTransferListenerAdapter - Downloaded https://repo.maven.apache.org/maven2/org/seleniumhq/selenium/selenium-api/4.25.0/selenium-api-4.25.0.pom
2024-11-20 14:42:53,896 [Worker-22: Building] INFO  o.e.m.c.i.e.AbstractTransferListenerAdapter - Downloading https://repo.maven.apache.org/maven2/org/jspecify/jspecify/1.0.0/jspecify-1.0.0.pom
2024-11-20 14:42:53,929 [Worker-22: Building] INFO  o.e.m.c.i.e.AbstractTransferListenerAdapter - Downloaded https://repo.maven.apache.org/maven2/org/jspecify/jspecify/1.0.0/jspecify-1.0.0.pom
2024-11-20 14:42:54,190 [Worker-22: Building] INFO  o.e.m.c.i.e.AbstractTransferListenerAdapter - Downloading https://repo.maven.apache.org/maven2/org/seleniumhq/selenium/selenium-chrome-driver/4.25.0/selenium-chrome-driver-4.25.0.pom
2024-11-20 14:42:54,415 [Worker-22: Building] INFO  o.e.m.c.i.e.AbstractTransferListenerAdapter - Downloaded https://repo.maven.apache.org/maven2/org/seleniumhq/selenium/selenium-chrome-driver/4.25.0/selenium-chrome-driver-4.25.0.pom
2024-11-20 14:42:54,616 [Worker-22: Building] INFO  o.e.m.c.i.e.AbstractTransferListenerAdapter - Downloading https://repo.maven.apache.org/maven2/org/seleniumhq/selenium/selenium-chromium-driver/4.25.0/selenium-chromium-driver-4.25.0.pom
2024-11-20 14:42:54,844 [Worker-22: Building] INFO  o.e.m.c.i.e.AbstractTransferListenerAdapter - Downloaded https://repo.maven.apache.org/maven2/org/seleniumhq/selenium/selenium-chromium-driver/4.25.0/selenium-chromium-driver-4.25.0.pom
2024-11-20 14:42:54,909 [Worker-22: Building] INFO  o.e.m.c.i.e.AbstractTransferListenerAdapter - Downloading https://repo.maven.apache.org/maven2/org/seleniumhq/selenium/selenium-json/4.25.0/selenium-json-4.25.0.pom
2024-11-20 14:42:55,285 [Worker-22: Building] INFO  o.e.m.c.i.e.AbstractTransferListenerAdapter - Downloaded https://repo.maven.apache.org/maven2/org/seleniumhq/selenium/selenium-json/4.25.0/selenium-json-4.25.0.pom
2024-11-20 14:42:55,369 [Worker-22: Building] INFO  o.e.m.c.i.e.AbstractTransferListenerAdapter - Downloading https://repo.maven.apache.org/maven2/org/seleniumhq/selenium/selenium-remote-driver/4.25.0/selenium-remote-driver-4.25.0.pom
2024-11-20 14:42:55,694 [Worker-22: Building] INFO  o.e.m.c.i.e.AbstractTransferListenerAdapter - Downloaded https://repo.maven.apache.org/maven2/org/seleniumhq/selenium/selenium-remote-driver/4.25.0/selenium-remote-driver-4.25.0.pom
2024-11-20 14:42:56,403 [Worker-22: Building] INFO  o.e.m.c.i.e.AbstractTransferListenerAdapter - Downloading https://repo.maven.apache.org/maven2/com/google/guava/guava/33.3.0-jre/guava-33.3.0-jre.pom
2024-11-20 14:42:56,785 [Worker-22: Building] INFO  o.e.m.c.i.e.AbstractTransferListenerAdapter - Downloaded https://repo.maven.apache.org/maven2/com/google/guava/guava/33.3.0-jre/guava-33.3.0-jre.pom
2024-11-20 14:42:58,021 [Worker-22: Building] INFO  o.e.m.c.i.e.AbstractTransferListenerAdapter - Downloading https://repo.maven.apache.org/maven2/com/google/guava/guava-parent/33.3.0-jre/guava-parent-33.3.0-jre.pom
2024-11-20 14:42:59,176 [Worker-22: Building] INFO  o.e.m.c.i.e.AbstractTransferListenerAdapter - Downloaded https://repo.maven.apache.org/maven2/com/google/guava/guava-parent/33.3.0-jre/guava-parent-33.3.0-jre.pom
2024-11-20 14:42:59,418 [Worker-22: Building] INFO  o.e.m.c.i.e.AbstractTransferListenerAdapter - Downloading https://repo.maven.apache.org/maven2/com/google/guava/failureaccess/1.0.2/failureaccess-1.0.2.pom
2024-11-20 14:42:59,493 [Worker-22: Building] INFO  o.e.m.c.i.e.AbstractTransferListenerAdapter - Downloaded https://repo.maven.apache.org/maven2/com/google/guava/failureaccess/1.0.2/failureaccess-1.0.2.pom
2024-11-20 14:42:59,682 [Worker-22: Building] INFO  o.e.m.c.i.e.AbstractTransferListenerAdapter - Downloading https://repo.maven.apache.org/maven2/org/checkerframework/checker-qual/3.43.0/checker-qual-3.43.0.pom
2024-11-20 14:42:59,696 [Worker-22: Building] INFO  o.e.m.c.i.e.AbstractTransferListenerAdapter - Downloaded https://repo.maven.apache.org/maven2/org/checkerframework/checker-qual/3.43.0/checker-qual-3.43.0.pom
2024-11-20 14:42:59,825 [Worker-22: Building] INFO  o.e.m.c.i.e.AbstractTransferListenerAdapter - Downloading https://repo.maven.apache.org/maven2/com/google/errorprone/error_prone_annotations/2.28.0/error_prone_annotations-2.28.0.pom
2024-11-20 14:42:59,939 [Worker-22: Building] INFO  o.e.m.c.i.e.AbstractTransferListenerAdapter - Downloaded https://repo.maven.apache.org/maven2/com/google/errorprone/error_prone_annotations/2.28.0/error_prone_annotations-2.28.0.pom
2024-11-20 14:43:00,095 [Worker-22: Building] INFO  o.e.m.c.i.e.AbstractTransferListenerAdapter - Downloading https://repo.maven.apache.org/maven2/com/google/errorprone/error_prone_parent/2.28.0/error_prone_parent-2.28.0.pom
2024-11-20 14:43:00,420 [Worker-22: Building] INFO  o.e.m.c.i.e.AbstractTransferListenerAdapter - Downloaded https://repo.maven.apache.org/maven2/com/google/errorprone/error_prone_parent/2.28.0/error_prone_parent-2.28.0.pom
2024-11-20 14:43:00,676 [Worker-22: Building] INFO  o.e.m.c.i.e.AbstractTransferListenerAdapter - Downloading https://repo.maven.apache.org/maven2/com/google/j2objc/j2objc-annotations/3.0.0/j2objc-annotations-3.0.0.pom
2024-11-20 14:43:01,090 [Worker-22: Building] INFO  o.e.m.c.i.e.AbstractTransferListenerAdapter - Downloaded https://repo.maven.apache.org/maven2/com/google/j2objc/j2objc-annotations/3.0.0/j2objc-annotations-3.0.0.pom
2024-11-20 14:43:01,512 [Worker-22: Building] INFO  o.e.m.c.i.e.AbstractTransferListenerAdapter - Downloading https://repo.maven.apache.org/maven2/io/opentelemetry/semconv/opentelemetry-semconv/1.25.0-alpha/opentelemetry-semconv-1.25.0-alpha.pom
2024-11-20 14:43:01,524 [Worker-22: Building] INFO  o.e.m.c.i.e.AbstractTransferListenerAdapter - Downloaded https://repo.maven.apache.org/maven2/io/opentelemetry/semconv/opentelemetry-semconv/1.25.0-alpha/opentelemetry-semconv-1.25.0-alpha.pom
2024-11-20 14:43:01,872 [Worker-22: Building] INFO  o.e.m.c.i.e.AbstractTransferListenerAdapter - Downloading https://repo.maven.apache.org/maven2/io/opentelemetry/opentelemetry-api/1.42.1/opentelemetry-api-1.42.1.pom
2024-11-20 14:43:01,883 [Worker-22: Building] INFO  o.e.m.c.i.e.AbstractTransferListenerAdapter - Downloaded https://repo.maven.apache.org/maven2/io/opentelemetry/opentelemetry-api/1.42.1/opentelemetry-api-1.42.1.pom
2024-11-20 14:43:02,065 [Worker-22: Building] INFO  o.e.m.c.i.e.AbstractTransferListenerAdapter - Downloading https://repo.maven.apache.org/maven2/io/opentelemetry/opentelemetry-context/1.42.1/opentelemetry-context-1.42.1.pom
2024-11-20 14:43:02,088 [Worker-22: Building] INFO  o.e.m.c.i.e.AbstractTransferListenerAdapter - Downloaded https://repo.maven.apache.org/maven2/io/opentelemetry/opentelemetry-context/1.42.1/opentelemetry-context-1.42.1.pom
2024-11-20 14:43:02,200 [Worker-22: Building] INFO  o.e.m.c.i.e.AbstractTransferListenerAdapter - Downloading https://repo.maven.apache.org/maven2/io/opentelemetry/opentelemetry-exporter-logging/1.42.1/opentelemetry-exporter-logging-1.42.1.pom
2024-11-20 14:43:02,211 [Worker-22: Building] INFO  o.e.m.c.i.e.AbstractTransferListenerAdapter - Downloaded https://repo.maven.apache.org/maven2/io/opentelemetry/opentelemetry-exporter-logging/1.42.1/opentelemetry-exporter-logging-1.42.1.pom
2024-11-20 14:43:02,355 [Worker-22: Building] INFO  o.e.m.c.i.e.AbstractTransferListenerAdapter - Downloading https://repo.maven.apache.org/maven2/io/opentelemetry/opentelemetry-sdk/1.42.1/opentelemetry-sdk-1.42.1.pom
2024-11-20 14:43:02,396 [Worker-22: Building] INFO  o.e.m.c.i.e.AbstractTransferListenerAdapter - Downloaded https://repo.maven.apache.org/maven2/io/opentelemetry/opentelemetry-sdk/1.42.1/opentelemetry-sdk-1.42.1.pom
2024-11-20 14:43:02,672 [Worker-22: Building] INFO  o.e.m.c.i.e.AbstractTransferListenerAdapter - Downloading https://repo.maven.apache.org/maven2/io/opentelemetry/opentelemetry-sdk-common/1.42.1/opentelemetry-sdk-common-1.42.1.pom
2024-11-20 14:43:02,685 [Worker-22: Building] INFO  o.e.m.c.i.e.AbstractTransferListenerAdapter - Downloaded https://repo.maven.apache.org/maven2/io/opentelemetry/opentelemetry-sdk-common/1.42.1/opentelemetry-sdk-common-1.42.1.pom
2024-11-20 14:43:02,971 [Worker-22: Building] INFO  o.e.m.c.i.e.AbstractTransferListenerAdapter - Downloading https://repo.maven.apache.org/maven2/io/opentelemetry/opentelemetry-sdk-trace/1.42.1/opentelemetry-sdk-trace-1.42.1.pom
2024-11-20 14:43:02,990 [Worker-22: Building] INFO  o.e.m.c.i.e.AbstractTransferListenerAdapter - Downloaded https://repo.maven.apache.org/maven2/io/opentelemetry/opentelemetry-sdk-trace/1.42.1/opentelemetry-sdk-trace-1.42.1.pom
2024-11-20 14:43:03,487 [Worker-22: Building] INFO  o.e.m.c.i.e.AbstractTransferListenerAdapter - Downloading https://repo.maven.apache.org/maven2/io/opentelemetry/opentelemetry-api-incubator/1.42.1-alpha/opentelemetry-api-incubator-1.42.1-alpha.pom
2024-11-20 14:43:03,502 [Worker-22: Building] INFO  o.e.m.c.i.e.AbstractTransferListenerAdapter - Downloaded https://repo.maven.apache.org/maven2/io/opentelemetry/opentelemetry-api-incubator/1.42.1-alpha/opentelemetry-api-incubator-1.42.1-alpha.pom
2024-11-20 14:43:03,671 [Worker-22: Building] INFO  o.e.m.c.i.e.AbstractTransferListenerAdapter - Downloading https://repo.maven.apache.org/maven2/io/opentelemetry/opentelemetry-sdk-metrics/1.42.1/opentelemetry-sdk-metrics-1.42.1.pom
2024-11-20 14:43:03,691 [Worker-22: Building] INFO  o.e.m.c.i.e.AbstractTransferListenerAdapter - Downloaded https://repo.maven.apache.org/maven2/io/opentelemetry/opentelemetry-sdk-metrics/1.42.1/opentelemetry-sdk-metrics-1.42.1.pom
2024-11-20 14:43:04,248 [Worker-22: Building] INFO  o.e.m.c.i.e.AbstractTransferListenerAdapter - Downloading https://repo.maven.apache.org/maven2/io/opentelemetry/opentelemetry-sdk-logs/1.42.1/opentelemetry-sdk-logs-1.42.1.pom
2024-11-20 14:43:04,263 [Worker-22: Building] INFO  o.e.m.c.i.e.AbstractTransferListenerAdapter - Downloaded https://repo.maven.apache.org/maven2/io/opentelemetry/opentelemetry-sdk-logs/1.42.1/opentelemetry-sdk-logs-1.42.1.pom
2024-11-20 14:43:04,494 [Worker-22: Building] INFO  o.e.m.c.i.e.AbstractTransferListenerAdapter - Downloading https://repo.maven.apache.org/maven2/io/opentelemetry/opentelemetry-sdk-extension-autoconfigure-spi/1.42.1/opentelemetry-sdk-extension-autoconfigure-spi-1.42.1.pom
2024-11-20 14:43:04,510 [Worker-22: Building] INFO  o.e.m.c.i.e.AbstractTransferListenerAdapter - Downloaded https://repo.maven.apache.org/maven2/io/opentelemetry/opentelemetry-sdk-extension-autoconfigure-spi/1.42.1/opentelemetry-sdk-extension-autoconfigure-spi-1.42.1.pom
2024-11-20 14:43:04,622 [Worker-22: Building] INFO  o.e.m.c.i.e.AbstractTransferListenerAdapter - Downloading https://repo.maven.apache.org/maven2/io/opentelemetry/opentelemetry-sdk-extension-autoconfigure/1.42.1/opentelemetry-sdk-extension-autoconfigure-1.42.1.pom
2024-11-20 14:43:04,632 [Worker-22: Building] INFO  o.e.m.c.i.e.AbstractTransferListenerAdapter - Downloaded https://repo.maven.apache.org/maven2/io/opentelemetry/opentelemetry-sdk-extension-autoconfigure/1.42.1/opentelemetry-sdk-extension-autoconfigure-1.42.1.pom
2024-11-20 14:43:04,728 [Worker-22: Building] INFO  o.e.m.c.i.e.AbstractTransferListenerAdapter - Downloading https://repo.maven.apache.org/maven2/net/bytebuddy/byte-buddy/1.15.1/byte-buddy-1.15.1.pom
2024-11-20 14:43:07,234 [Worker-22: Building] INFO  o.e.m.c.i.e.AbstractTransferListenerAdapter - Downloaded https://repo.maven.apache.org/maven2/net/bytebuddy/byte-buddy/1.15.1/byte-buddy-1.15.1.pom
2024-11-20 14:43:08,207 [Worker-22: Building] INFO  o.e.m.c.i.e.AbstractTransferListenerAdapter - Downloading https://repo.maven.apache.org/maven2/net/bytebuddy/byte-buddy-parent/1.15.1/byte-buddy-parent-1.15.1.pom
2024-11-20 14:43:15,057 [Worker-22: Building] INFO  o.e.m.c.i.e.AbstractTransferListenerAdapter - Downloaded https://repo.maven.apache.org/maven2/net/bytebuddy/byte-buddy-parent/1.15.1/byte-buddy-parent-1.15.1.pom
2024-11-20 14:43:19,939 [Worker-22: Building] INFO  o.e.m.c.i.e.AbstractTransferListenerAdapter - Downloading https://repo.maven.apache.org/maven2/org/seleniumhq/selenium/selenium-http/4.25.0/selenium-http-4.25.0.pom
2024-11-20 14:43:20,676 [Worker-22: Building] INFO  o.e.m.c.i.e.AbstractTransferListenerAdapter - Downloaded https://repo.maven.apache.org/maven2/org/seleniumhq/selenium/selenium-http/4.25.0/selenium-http-4.25.0.pom
2024-11-20 14:43:21,278 [Worker-22: Building] INFO  o.e.m.c.i.e.AbstractTransferListenerAdapter - Downloading https://repo.maven.apache.org/maven2/org/seleniumhq/selenium/selenium-manager/4.25.0/selenium-manager-4.25.0.pom
2024-11-20 14:43:21,369 [Worker-22: Building] INFO  o.e.m.c.i.e.AbstractTransferListenerAdapter - Downloaded https://repo.maven.apache.org/maven2/org/seleniumhq/selenium/selenium-manager/4.25.0/selenium-manager-4.25.0.pom
2024-11-20 14:43:21,777 [Worker-22: Building] INFO  o.e.m.c.i.e.AbstractTransferListenerAdapter - Downloading https://repo.maven.apache.org/maven2/org/seleniumhq/selenium/selenium-os/4.25.0/selenium-os-4.25.0.pom
2024-11-20 14:43:21,808 [Worker-22: Building] INFO  o.e.m.c.i.e.AbstractTransferListenerAdapter - Downloaded https://repo.maven.apache.org/maven2/org/seleniumhq/selenium/selenium-os/4.25.0/selenium-os-4.25.0.pom
2024-11-20 14:43:22,016 [Worker-22: Building] INFO  o.e.m.c.i.e.AbstractTransferListenerAdapter - Downloading https://repo.maven.apache.org/maven2/org/apache/commons/commons-exec/1.4.0/commons-exec-1.4.0.pom
2024-11-20 14:43:23,118 [Worker-22: Building] INFO  o.e.m.c.i.e.AbstractTransferListenerAdapter - Downloaded https://repo.maven.apache.org/maven2/org/apache/commons/commons-exec/1.4.0/commons-exec-1.4.0.pom
2024-11-20 14:43:23,573 [Worker-22: Building] INFO  o.e.m.c.i.e.AbstractTransferListenerAdapter - Downloading https://repo.maven.apache.org/maven2/org/apache/commons/commons-parent/65/commons-parent-65.pom
2024-11-20 14:43:28,247 [Worker-22: Building] INFO  o.e.m.c.i.e.AbstractTransferListenerAdapter - Downloaded https://repo.maven.apache.org/maven2/org/apache/commons/commons-parent/65/commons-parent-65.pom
2024-11-20 14:43:28,870 [Worker-22: Building] INFO  o.e.m.c.i.e.AbstractTransferListenerAdapter - Downloading https://repo.maven.apache.org/maven2/org/seleniumhq/selenium/selenium-devtools-v127/4.25.0/selenium-devtools-v127-4.25.0.pom
2024-11-20 14:43:28,933 [Worker-22: Building] INFO  o.e.m.c.i.e.AbstractTransferListenerAdapter - Downloaded https://repo.maven.apache.org/maven2/org/seleniumhq/selenium/selenium-devtools-v127/4.25.0/selenium-devtools-v127-4.25.0.pom
2024-11-20 14:43:29,595 [Worker-22: Building] INFO  o.e.m.c.i.e.AbstractTransferListenerAdapter - Downloading https://repo.maven.apache.org/maven2/org/seleniumhq/selenium/selenium-devtools-v128/4.25.0/selenium-devtools-v128-4.25.0.pom
2024-11-20 14:43:29,976 [Worker-22: Building] INFO  o.e.m.c.i.e.AbstractTransferListenerAdapter - Downloaded https://repo.maven.apache.org/maven2/org/seleniumhq/selenium/selenium-devtools-v128/4.25.0/selenium-devtools-v128-4.25.0.pom
2024-11-20 14:43:30,773 [Worker-22: Building] INFO  o.e.m.c.i.e.AbstractTransferListenerAdapter - Downloading https://repo.maven.apache.org/maven2/org/seleniumhq/selenium/selenium-devtools-v129/4.25.0/selenium-devtools-v129-4.25.0.pom
2024-11-20 14:43:31,061 [Worker-22: Building] INFO  o.e.m.c.i.e.AbstractTransferListenerAdapter - Downloaded https://repo.maven.apache.org/maven2/org/seleniumhq/selenium/selenium-devtools-v129/4.25.0/selenium-devtools-v129-4.25.0.pom
2024-11-20 14:43:34,681 [Worker-22: Building] INFO  o.e.m.c.i.e.AbstractTransferListenerAdapter - Downloading https://repo.maven.apache.org/maven2/org/seleniumhq/selenium/selenium-devtools-v85/4.25.0/selenium-devtools-v85-4.25.0.pom
2024-11-20 14:43:34,753 [Worker-22: Building] INFO  o.e.m.c.i.e.AbstractTransferListenerAdapter - Downloaded https://repo.maven.apache.org/maven2/org/seleniumhq/selenium/selenium-devtools-v85/4.25.0/selenium-devtools-v85-4.25.0.pom
2024-11-20 14:43:34,911 [Worker-22: Building] INFO  o.e.m.c.i.e.AbstractTransferListenerAdapter - Downloading https://repo.maven.apache.org/maven2/org/seleniumhq/selenium/selenium-edge-driver/4.25.0/selenium-edge-driver-4.25.0.pom
2024-11-20 14:43:34,955 [Worker-22: Building] INFO  o.e.m.c.i.e.AbstractTransferListenerAdapter - Downloaded https://repo.maven.apache.org/maven2/org/seleniumhq/selenium/selenium-edge-driver/4.25.0/selenium-edge-driver-4.25.0.pom
2024-11-20 14:43:35,322 [Worker-22: Building] INFO  o.e.m.c.i.e.AbstractTransferListenerAdapter - Downloading https://repo.maven.apache.org/maven2/org/seleniumhq/selenium/selenium-firefox-driver/4.25.0/selenium-firefox-driver-4.25.0.pom
2024-11-20 14:43:35,335 [Worker-22: Building] INFO  o.e.m.c.i.e.AbstractTransferListenerAdapter - Downloaded https://repo.maven.apache.org/maven2/org/seleniumhq/selenium/selenium-firefox-driver/4.25.0/selenium-firefox-driver-4.25.0.pom
2024-11-20 14:43:35,426 [Worker-22: Building] INFO  o.e.m.c.i.e.AbstractTransferListenerAdapter - Downloading https://repo.maven.apache.org/maven2/org/seleniumhq/selenium/selenium-ie-driver/4.25.0/selenium-ie-driver-4.25.0.pom
2024-11-20 14:43:35,506 [Worker-22: Building] INFO  o.e.m.c.i.e.AbstractTransferListenerAdapter - Downloaded https://repo.maven.apache.org/maven2/org/seleniumhq/selenium/selenium-ie-driver/4.25.0/selenium-ie-driver-4.25.0.pom
2024-11-20 14:43:35,566 [Worker-22: Building] INFO  o.e.m.c.i.e.AbstractTransferListenerAdapter - Downloading https://repo.maven.apache.org/maven2/org/seleniumhq/selenium/selenium-safari-driver/4.25.0/selenium-safari-driver-4.25.0.pom
2024-11-20 14:43:35,582 [Worker-22: Building] INFO  o.e.m.c.i.e.AbstractTransferListenerAdapter - Downloaded https://repo.maven.apache.org/maven2/org/seleniumhq/selenium/selenium-safari-driver/4.25.0/selenium-safari-driver-4.25.0.pom
2024-11-20 14:43:35,769 [Worker-22: Building] INFO  o.e.m.c.i.e.AbstractTransferListenerAdapter - Downloading https://repo.maven.apache.org/maven2/org/seleniumhq/selenium/selenium-support/4.25.0/selenium-support-4.25.0.pom
2024-11-20 14:43:35,785 [Worker-22: Building] INFO  o.e.m.c.i.e.AbstractTransferListenerAdapter - Downloaded https://repo.maven.apache.org/maven2/org/seleniumhq/selenium/selenium-support/4.25.0/selenium-support-4.25.0.pom
2024-11-20 14:43:35,855 [Worker-22: Building] INFO  o.e.m.c.i.e.AbstractTransferListenerAdapter - Downloading https://repo.maven.apache.org/maven2/org/testng/testng/7.10.1/testng-7.10.1.pom
2024-11-20 14:43:35,883 [Worker-22: Building] INFO  o.e.m.c.i.e.AbstractTransferListenerAdapter - Downloaded https://repo.maven.apache.org/maven2/org/testng/testng/7.10.1/testng-7.10.1.pom
2024-11-20 14:43:36,179 [Worker-22: Building] INFO  o.e.m.c.i.e.AbstractTransferListenerAdapter - Downloading https://repo.maven.apache.org/maven2/org/seleniumhq/selenium/selenium-java/4.25.0/selenium-java-4.25.0.jar
2024-11-20 14:43:36,191 [Worker-22: Building] INFO  o.e.m.c.i.e.AbstractTransferListenerAdapter - Downloaded https://repo.maven.apache.org/maven2/org/seleniumhq/selenium/selenium-java/4.25.0/selenium-java-4.25.0.jar
2024-11-20 14:43:36,216 [BasicRepositoryConnector-repo.maven.apache.org-3-0] INFO  o.e.m.c.i.e.AbstractTransferListenerAdapter - Downloading https://repo.maven.apache.org/maven2/org/seleniumhq/selenium/selenium-api/4.25.0/selenium-api-4.25.0.jar
2024-11-20 14:43:36,295 [BasicRepositoryConnector-repo.maven.apache.org-3-4] INFO  o.e.m.c.i.e.AbstractTransferListenerAdapter - Downloading https://repo.maven.apache.org/maven2/org/seleniumhq/selenium/selenium-json/4.25.0/selenium-json-4.25.0.jar
2024-11-20 14:43:36,295 [BasicRepositoryConnector-repo.maven.apache.org-3-3] INFO  o.e.m.c.i.e.AbstractTransferListenerAdapter - Downloading https://repo.maven.apache.org/maven2/org/seleniumhq/selenium/selenium-chromium-driver/4.25.0/selenium-chromium-driver-4.25.0.jar
2024-11-20 14:43:36,354 [BasicRepositoryConnector-repo.maven.apache.org-3-2] INFO  o.e.m.c.i.e.AbstractTransferListenerAdapter - Downloading https://repo.maven.apache.org/maven2/org/seleniumhq/selenium/selenium-chrome-driver/4.25.0/selenium-chrome-driver-4.25.0.jar
2024-11-20 14:43:36,356 [BasicRepositoryConnector-repo.maven.apache.org-3-3] INFO  o.e.m.c.i.e.AbstractTransferListenerAdapter - Downloaded https://repo.maven.apache.org/maven2/org/seleniumhq/selenium/selenium-chromium-driver/4.25.0/selenium-chromium-driver-4.25.0.jar
2024-11-20 14:43:36,373 [BasicRepositoryConnector-repo.maven.apache.org-3-4] INFO  o.e.m.c.i.e.AbstractTransferListenerAdapter - Downloaded https://repo.maven.apache.org/maven2/org/seleniumhq/selenium/selenium-json/4.25.0/selenium-json-4.25.0.jar
2024-11-20 14:43:36,373 [BasicRepositoryConnector-repo.maven.apache.org-3-2] INFO  o.e.m.c.i.e.AbstractTransferListenerAdapter - Downloaded https://repo.maven.apache.org/maven2/org/seleniumhq/selenium/selenium-chrome-driver/4.25.0/selenium-chrome-driver-4.25.0.jar
2024-11-20 14:43:36,415 [BasicRepositoryConnector-repo.maven.apache.org-3-1] INFO  o.e.m.c.i.e.AbstractTransferListenerAdapter - Downloading https://repo.maven.apache.org/maven2/org/jspecify/jspecify/1.0.0/jspecify-1.0.0.jar
2024-11-20 14:43:36,428 [BasicRepositoryConnector-repo.maven.apache.org-3-1] INFO  o.e.m.c.i.e.AbstractTransferListenerAdapter - Downloaded https://repo.maven.apache.org/maven2/org/jspecify/jspecify/1.0.0/jspecify-1.0.0.jar
2024-11-20 14:43:36,441 [BasicRepositoryConnector-repo.maven.apache.org-3-3] INFO  o.e.m.c.i.e.AbstractTransferListenerAdapter - Downloading https://repo.maven.apache.org/maven2/org/seleniumhq/selenium/selenium-manager/4.25.0/selenium-manager-4.25.0.jar
2024-11-20 14:43:36,501 [BasicRepositoryConnector-repo.maven.apache.org-3-2] INFO  o.e.m.c.i.e.AbstractTransferListenerAdapter - Downloading https://repo.maven.apache.org/maven2/org/seleniumhq/selenium/selenium-devtools-v128/4.25.0/selenium-devtools-v128-4.25.0.jar
2024-11-20 14:43:36,524 [BasicRepositoryConnector-repo.maven.apache.org-3-4] INFO  o.e.m.c.i.e.AbstractTransferListenerAdapter - Downloading https://repo.maven.apache.org/maven2/org/seleniumhq/selenium/selenium-devtools-v127/4.25.0/selenium-devtools-v127-4.25.0.jar
2024-11-20 14:43:36,599 [BasicRepositoryConnector-repo.maven.apache.org-3-1] INFO  o.e.m.c.i.e.AbstractTransferListenerAdapter - Downloading https://repo.maven.apache.org/maven2/org/seleniumhq/selenium/selenium-devtools-v129/4.25.0/selenium-devtools-v129-4.25.0.jar
2024-11-20 14:43:40,341 [BasicRepositoryConnector-repo.maven.apache.org-3-0] INFO  o.e.m.c.i.e.AbstractTransferListenerAdapter - Downloaded https://repo.maven.apache.org/maven2/org/seleniumhq/selenium/selenium-api/4.25.0/selenium-api-4.25.0.jar
2024-11-20 14:43:40,820 [BasicRepositoryConnector-repo.maven.apache.org-3-0] INFO  o.e.m.c.i.e.AbstractTransferListenerAdapter - Downloading https://repo.maven.apache.org/maven2/org/seleniumhq/selenium/selenium-devtools-v85/4.25.0/selenium-devtools-v85-4.25.0.jar
2024-11-20 14:43:45,268 [BasicRepositoryConnector-repo.maven.apache.org-3-4] INFO  o.e.m.c.i.e.AbstractTransferListenerAdapter - Downloaded https://repo.maven.apache.org/maven2/org/seleniumhq/selenium/selenium-devtools-v127/4.25.0/selenium-devtools-v127-4.25.0.jar
2024-11-20 14:43:45,387 [BasicRepositoryConnector-repo.maven.apache.org-3-4] INFO  o.e.m.c.i.e.AbstractTransferListenerAdapter - Downloading https://repo.maven.apache.org/maven2/org/seleniumhq/selenium/selenium-edge-driver/4.25.0/selenium-edge-driver-4.25.0.jar
2024-11-20 14:43:45,416 [BasicRepositoryConnector-repo.maven.apache.org-3-4] INFO  o.e.m.c.i.e.AbstractTransferListenerAdapter - Downloaded https://repo.maven.apache.org/maven2/org/seleniumhq/selenium/selenium-edge-driver/4.25.0/selenium-edge-driver-4.25.0.jar
2024-11-20 14:43:45,520 [BasicRepositoryConnector-repo.maven.apache.org-3-4] INFO  o.e.m.c.i.e.AbstractTransferListenerAdapter - Downloading https://repo.maven.apache.org/maven2/org/seleniumhq/selenium/selenium-firefox-driver/4.25.0/selenium-firefox-driver-4.25.0.jar
2024-11-20 14:43:45,532 [BasicRepositoryConnector-repo.maven.apache.org-3-1] INFO  o.e.m.c.i.e.AbstractTransferListenerAdapter - Downloaded https://repo.maven.apache.org/maven2/org/seleniumhq/selenium/selenium-devtools-v129/4.25.0/selenium-devtools-v129-4.25.0.jar
2024-11-20 14:43:45,800 [BasicRepositoryConnector-repo.maven.apache.org-3-1] INFO  o.e.m.c.i.e.AbstractTransferListenerAdapter - Downloading https://repo.maven.apache.org/maven2/org/seleniumhq/selenium/selenium-http/4.25.0/selenium-http-4.25.0.jar
2024-11-20 14:43:45,921 [BasicRepositoryConnector-repo.maven.apache.org-3-1] INFO  o.e.m.c.i.e.AbstractTransferListenerAdapter - Downloaded https://repo.maven.apache.org/maven2/org/seleniumhq/selenium/selenium-http/4.25.0/selenium-http-4.25.0.jar
2024-11-20 14:43:45,948 [BasicRepositoryConnector-repo.maven.apache.org-3-4] INFO  o.e.m.c.i.e.AbstractTransferListenerAdapter - Downloaded https://repo.maven.apache.org/maven2/org/seleniumhq/selenium/selenium-firefox-driver/4.25.0/selenium-firefox-driver-4.25.0.jar
2024-11-20 14:43:45,980 [BasicRepositoryConnector-repo.maven.apache.org-3-1] INFO  o.e.m.c.i.e.AbstractTransferListenerAdapter - Downloading https://repo.maven.apache.org/maven2/org/seleniumhq/selenium/selenium-ie-driver/4.25.0/selenium-ie-driver-4.25.0.jar
2024-11-20 14:43:46,007 [BasicRepositoryConnector-repo.maven.apache.org-3-4] INFO  o.e.m.c.i.e.AbstractTransferListenerAdapter - Downloading https://repo.maven.apache.org/maven2/org/seleniumhq/selenium/selenium-remote-driver/4.25.0/selenium-remote-driver-4.25.0.jar
2024-11-20 14:43:46,016 [BasicRepositoryConnector-repo.maven.apache.org-3-1] INFO  o.e.m.c.i.e.AbstractTransferListenerAdapter - Downloaded https://repo.maven.apache.org/maven2/org/seleniumhq/selenium/selenium-ie-driver/4.25.0/selenium-ie-driver-4.25.0.jar
2024-11-20 14:43:46,037 [BasicRepositoryConnector-repo.maven.apache.org-3-1] INFO  o.e.m.c.i.e.AbstractTransferListenerAdapter - Downloading https://repo.maven.apache.org/maven2/com/google/guava/guava/33.3.0-jre/guava-33.3.0-jre.jar
2024-11-20 14:43:47,260 [BasicRepositoryConnector-repo.maven.apache.org-3-4] INFO  o.e.m.c.i.e.AbstractTransferListenerAdapter - Downloaded https://repo.maven.apache.org/maven2/org/seleniumhq/selenium/selenium-remote-driver/4.25.0/selenium-remote-driver-4.25.0.jar
2024-11-20 14:43:47,283 [BasicRepositoryConnector-repo.maven.apache.org-3-4] INFO  o.e.m.c.i.e.AbstractTransferListenerAdapter - Downloading https://repo.maven.apache.org/maven2/com/google/guava/failureaccess/1.0.2/failureaccess-1.0.2.jar
2024-11-20 14:43:47,301 [BasicRepositoryConnector-repo.maven.apache.org-3-4] INFO  o.e.m.c.i.e.AbstractTransferListenerAdapter - Downloaded https://repo.maven.apache.org/maven2/com/google/guava/failureaccess/1.0.2/failureaccess-1.0.2.jar
2024-11-20 14:43:47,329 [BasicRepositoryConnector-repo.maven.apache.org-3-4] INFO  o.e.m.c.i.e.AbstractTransferListenerAdapter - Downloading https://repo.maven.apache.org/maven2/org/checkerframework/checker-qual/3.43.0/checker-qual-3.43.0.jar
2024-11-20 14:43:47,731 [BasicRepositoryConnector-repo.maven.apache.org-3-4] INFO  o.e.m.c.i.e.AbstractTransferListenerAdapter - Downloaded https://repo.maven.apache.org/maven2/org/checkerframework/checker-qual/3.43.0/checker-qual-3.43.0.jar
2024-11-20 14:43:47,738 [BasicRepositoryConnector-repo.maven.apache.org-3-0] INFO  o.e.m.c.i.e.AbstractTransferListenerAdapter - Downloaded https://repo.maven.apache.org/maven2/org/seleniumhq/selenium/selenium-devtools-v85/4.25.0/selenium-devtools-v85-4.25.0.jar
2024-11-20 14:43:47,773 [BasicRepositoryConnector-repo.maven.apache.org-3-4] INFO  o.e.m.c.i.e.AbstractTransferListenerAdapter - Downloading https://repo.maven.apache.org/maven2/com/google/errorprone/error_prone_annotations/2.28.0/error_prone_annotations-2.28.0.jar
2024-11-20 14:43:47,780 [BasicRepositoryConnector-repo.maven.apache.org-3-2] INFO  o.e.m.c.i.e.AbstractTransferListenerAdapter - Downloaded https://repo.maven.apache.org/maven2/org/seleniumhq/selenium/selenium-devtools-v128/4.25.0/selenium-devtools-v128-4.25.0.jar
2024-11-20 14:43:47,790 [BasicRepositoryConnector-repo.maven.apache.org-3-0] INFO  o.e.m.c.i.e.AbstractTransferListenerAdapter - Downloading https://repo.maven.apache.org/maven2/com/google/j2objc/j2objc-annotations/3.0.0/j2objc-annotations-3.0.0.jar
2024-11-20 14:43:47,803 [BasicRepositoryConnector-repo.maven.apache.org-3-0] INFO  o.e.m.c.i.e.AbstractTransferListenerAdapter - Downloaded https://repo.maven.apache.org/maven2/com/google/j2objc/j2objc-annotations/3.0.0/j2objc-annotations-3.0.0.jar
2024-11-20 14:43:47,804 [BasicRepositoryConnector-repo.maven.apache.org-3-4] INFO  o.e.m.c.i.e.AbstractTransferListenerAdapter - Downloaded https://repo.maven.apache.org/maven2/com/google/errorprone/error_prone_annotations/2.28.0/error_prone_annotations-2.28.0.jar
2024-11-20 14:43:47,818 [BasicRepositoryConnector-repo.maven.apache.org-3-2] INFO  o.e.m.c.i.e.AbstractTransferListenerAdapter - Downloading https://repo.maven.apache.org/maven2/io/opentelemetry/semconv/opentelemetry-semconv/1.25.0-alpha/opentelemetry-semconv-1.25.0-alpha.jar
2024-11-20 14:43:47,831 [BasicRepositoryConnector-repo.maven.apache.org-3-4] INFO  o.e.m.c.i.e.AbstractTransferListenerAdapter - Downloading https://repo.maven.apache.org/maven2/io/opentelemetry/opentelemetry-context/1.42.1/opentelemetry-context-1.42.1.jar
2024-11-20 14:43:47,831 [BasicRepositoryConnector-repo.maven.apache.org-3-0] INFO  o.e.m.c.i.e.AbstractTransferListenerAdapter - Downloading https://repo.maven.apache.org/maven2/io/opentelemetry/opentelemetry-api/1.42.1/opentelemetry-api-1.42.1.jar
2024-11-20 14:43:47,903 [BasicRepositoryConnector-repo.maven.apache.org-3-4] INFO  o.e.m.c.i.e.AbstractTransferListenerAdapter - Downloaded https://repo.maven.apache.org/maven2/io/opentelemetry/opentelemetry-context/1.42.1/opentelemetry-context-1.42.1.jar
2024-11-20 14:43:47,927 [BasicRepositoryConnector-repo.maven.apache.org-3-4] INFO  o.e.m.c.i.e.AbstractTransferListenerAdapter - Downloading https://repo.maven.apache.org/maven2/io/opentelemetry/opentelemetry-exporter-logging/1.42.1/opentelemetry-exporter-logging-1.42.1.jar
2024-11-20 14:43:47,948 [BasicRepositoryConnector-repo.maven.apache.org-3-2] INFO  o.e.m.c.i.e.AbstractTransferListenerAdapter - Downloaded https://repo.maven.apache.org/maven2/io/opentelemetry/semconv/opentelemetry-semconv/1.25.0-alpha/opentelemetry-semconv-1.25.0-alpha.jar
2024-11-20 14:43:47,966 [BasicRepositoryConnector-repo.maven.apache.org-3-4] INFO  o.e.m.c.i.e.AbstractTransferListenerAdapter - Downloaded https://repo.maven.apache.org/maven2/io/opentelemetry/opentelemetry-exporter-logging/1.42.1/opentelemetry-exporter-logging-1.42.1.jar
2024-11-20 14:43:47,974 [BasicRepositoryConnector-repo.maven.apache.org-3-2] INFO  o.e.m.c.i.e.AbstractTransferListenerAdapter - Downloading https://repo.maven.apache.org/maven2/io/opentelemetry/opentelemetry-sdk-common/1.42.1/opentelemetry-sdk-common-1.42.1.jar
2024-11-20 14:43:48,024 [BasicRepositoryConnector-repo.maven.apache.org-3-4] INFO  o.e.m.c.i.e.AbstractTransferListenerAdapter - Downloading https://repo.maven.apache.org/maven2/io/opentelemetry/opentelemetry-sdk-extension-autoconfigure-spi/1.42.1/opentelemetry-sdk-extension-autoconfigure-spi-1.42.1.jar
2024-11-20 14:43:48,041 [BasicRepositoryConnector-repo.maven.apache.org-3-4] INFO  o.e.m.c.i.e.AbstractTransferListenerAdapter - Downloaded https://repo.maven.apache.org/maven2/io/opentelemetry/opentelemetry-sdk-extension-autoconfigure-spi/1.42.1/opentelemetry-sdk-extension-autoconfigure-spi-1.42.1.jar
2024-11-20 14:43:48,151 [BasicRepositoryConnector-repo.maven.apache.org-3-4] INFO  o.e.m.c.i.e.AbstractTransferListenerAdapter - Downloading https://repo.maven.apache.org/maven2/io/opentelemetry/opentelemetry-sdk-extension-autoconfigure/1.42.1/opentelemetry-sdk-extension-autoconfigure-1.42.1.jar
2024-11-20 14:43:48,159 [BasicRepositoryConnector-repo.maven.apache.org-3-0] INFO  o.e.m.c.i.e.AbstractTransferListenerAdapter - Downloaded https://repo.maven.apache.org/maven2/io/opentelemetry/opentelemetry-api/1.42.1/opentelemetry-api-1.42.1.jar
2024-11-20 14:43:48,333 [BasicRepositoryConnector-repo.maven.apache.org-3-2] INFO  o.e.m.c.i.e.AbstractTransferListenerAdapter - Downloaded https://repo.maven.apache.org/maven2/io/opentelemetry/opentelemetry-sdk-common/1.42.1/opentelemetry-sdk-common-1.42.1.jar
2024-11-20 14:43:48,529 [BasicRepositoryConnector-repo.maven.apache.org-3-0] INFO  o.e.m.c.i.e.AbstractTransferListenerAdapter - Downloading https://repo.maven.apache.org/maven2/io/opentelemetry/opentelemetry-api-incubator/1.42.1-alpha/opentelemetry-api-incubator-1.42.1-alpha.jar
2024-11-20 14:43:48,539 [BasicRepositoryConnector-repo.maven.apache.org-3-2] INFO  o.e.m.c.i.e.AbstractTransferListenerAdapter - Downloading https://repo.maven.apache.org/maven2/io/opentelemetry/opentelemetry-sdk-trace/1.42.1/opentelemetry-sdk-trace-1.42.1.jar
2024-11-20 14:43:48,540 [BasicRepositoryConnector-repo.maven.apache.org-3-4] INFO  o.e.m.c.i.e.AbstractTransferListenerAdapter - Downloaded https://repo.maven.apache.org/maven2/io/opentelemetry/opentelemetry-sdk-extension-autoconfigure/1.42.1/opentelemetry-sdk-extension-autoconfigure-1.42.1.jar
2024-11-20 14:43:48,569 [BasicRepositoryConnector-repo.maven.apache.org-3-4] INFO  o.e.m.c.i.e.AbstractTransferListenerAdapter - Downloading https://repo.maven.apache.org/maven2/io/opentelemetry/opentelemetry-sdk/1.42.1/opentelemetry-sdk-1.42.1.jar
2024-11-20 14:43:48,592 [BasicRepositoryConnector-repo.maven.apache.org-3-4] INFO  o.e.m.c.i.e.AbstractTransferListenerAdapter - Downloaded https://repo.maven.apache.org/maven2/io/opentelemetry/opentelemetry-sdk/1.42.1/opentelemetry-sdk-1.42.1.jar
2024-11-20 14:43:48,618 [BasicRepositoryConnector-repo.maven.apache.org-3-4] INFO  o.e.m.c.i.e.AbstractTransferListenerAdapter - Downloading https://repo.maven.apache.org/maven2/io/opentelemetry/opentelemetry-sdk-metrics/1.42.1/opentelemetry-sdk-metrics-1.42.1.jar
2024-11-20 14:43:48,705 [BasicRepositoryConnector-repo.maven.apache.org-3-0] INFO  o.e.m.c.i.e.AbstractTransferListenerAdapter - Downloaded https://repo.maven.apache.org/maven2/io/opentelemetry/opentelemetry-api-incubator/1.42.1-alpha/opentelemetry-api-incubator-1.42.1-alpha.jar
2024-11-20 14:43:48,727 [BasicRepositoryConnector-repo.maven.apache.org-3-2] INFO  o.e.m.c.i.e.AbstractTransferListenerAdapter - Downloaded https://repo.maven.apache.org/maven2/io/opentelemetry/opentelemetry-sdk-trace/1.42.1/opentelemetry-sdk-trace-1.42.1.jar
2024-11-20 14:43:48,755 [BasicRepositoryConnector-repo.maven.apache.org-3-0] INFO  o.e.m.c.i.e.AbstractTransferListenerAdapter - Downloading https://repo.maven.apache.org/maven2/io/opentelemetry/opentelemetry-sdk-logs/1.42.1/opentelemetry-sdk-logs-1.42.1.jar
2024-11-20 14:43:48,813 [BasicRepositoryConnector-repo.maven.apache.org-3-2] INFO  o.e.m.c.i.e.AbstractTransferListenerAdapter - Downloading https://repo.maven.apache.org/maven2/net/bytebuddy/byte-buddy/1.15.1/byte-buddy-1.15.1.jar
2024-11-20 14:43:48,924 [BasicRepositoryConnector-repo.maven.apache.org-3-0] INFO  o.e.m.c.i.e.AbstractTransferListenerAdapter - Downloaded https://repo.maven.apache.org/maven2/io/opentelemetry/opentelemetry-sdk-logs/1.42.1/opentelemetry-sdk-logs-1.42.1.jar
2024-11-20 14:43:48,978 [BasicRepositoryConnector-repo.maven.apache.org-3-0] INFO  o.e.m.c.i.e.AbstractTransferListenerAdapter - Downloading https://repo.maven.apache.org/maven2/org/seleniumhq/selenium/selenium-os/4.25.0/selenium-os-4.25.0.jar
2024-11-20 14:43:49,051 [BasicRepositoryConnector-repo.maven.apache.org-3-0] INFO  o.e.m.c.i.e.AbstractTransferListenerAdapter - Downloaded https://repo.maven.apache.org/maven2/org/seleniumhq/selenium/selenium-os/4.25.0/selenium-os-4.25.0.jar
2024-11-20 14:43:49,085 [BasicRepositoryConnector-repo.maven.apache.org-3-0] INFO  o.e.m.c.i.e.AbstractTransferListenerAdapter - Downloading https://repo.maven.apache.org/maven2/org/apache/commons/commons-exec/1.4.0/commons-exec-1.4.0.jar
2024-11-20 14:43:49,095 [BasicRepositoryConnector-repo.maven.apache.org-3-4] INFO  o.e.m.c.i.e.AbstractTransferListenerAdapter - Downloaded https://repo.maven.apache.org/maven2/io/opentelemetry/opentelemetry-sdk-metrics/1.42.1/opentelemetry-sdk-metrics-1.42.1.jar
2024-11-20 14:43:49,218 [BasicRepositoryConnector-repo.maven.apache.org-3-4] INFO  o.e.m.c.i.e.AbstractTransferListenerAdapter - Downloading https://repo.maven.apache.org/maven2/org/seleniumhq/selenium/selenium-safari-driver/4.25.0/selenium-safari-driver-4.25.0.jar
2024-11-20 14:43:49,381 [BasicRepositoryConnector-repo.maven.apache.org-3-4] INFO  o.e.m.c.i.e.AbstractTransferListenerAdapter - Downloaded https://repo.maven.apache.org/maven2/org/seleniumhq/selenium/selenium-safari-driver/4.25.0/selenium-safari-driver-4.25.0.jar
2024-11-20 14:43:49,414 [BasicRepositoryConnector-repo.maven.apache.org-3-0] INFO  o.e.m.c.i.e.AbstractTransferListenerAdapter - Downloaded https://repo.maven.apache.org/maven2/org/apache/commons/commons-exec/1.4.0/commons-exec-1.4.0.jar
2024-11-20 14:43:49,476 [BasicRepositoryConnector-repo.maven.apache.org-3-0] INFO  o.e.m.c.i.e.AbstractTransferListenerAdapter - Downloading https://repo.maven.apache.org/maven2/org/testng/testng/7.10.1/testng-7.10.1.jar
2024-11-20 14:43:49,491 [BasicRepositoryConnector-repo.maven.apache.org-3-4] INFO  o.e.m.c.i.e.AbstractTransferListenerAdapter - Downloading https://repo.maven.apache.org/maven2/org/seleniumhq/selenium/selenium-support/4.25.0/selenium-support-4.25.0.jar
2024-11-20 14:43:49,954 [BasicRepositoryConnector-repo.maven.apache.org-3-4] INFO  o.e.m.c.i.e.AbstractTransferListenerAdapter - Downloaded https://repo.maven.apache.org/maven2/org/seleniumhq/selenium/selenium-support/4.25.0/selenium-support-4.25.0.jar
2024-11-20 14:43:50,881 [BasicRepositoryConnector-repo.maven.apache.org-3-1] INFO  o.e.m.c.i.e.AbstractTransferListenerAdapter - Downloaded https://repo.maven.apache.org/maven2/com/google/guava/guava/33.3.0-jre/guava-33.3.0-jre.jar
2024-11-20 14:43:52,571 [BasicRepositoryConnector-repo.maven.apache.org-3-0] INFO  o.e.m.c.i.e.AbstractTransferListenerAdapter - Downloaded https://repo.maven.apache.org/maven2/org/testng/testng/7.10.1/testng-7.10.1.jar
2024-11-20 14:44:01,760 [BasicRepositoryConnector-repo.maven.apache.org-3-2] INFO  o.e.m.c.i.e.AbstractTransferListenerAdapter - Downloaded https://repo.maven.apache.org/maven2/net/bytebuddy/byte-buddy/1.15.1/byte-buddy-1.15.1.jar
2024-11-20 14:44:02,319 [BasicRepositoryConnector-repo.maven.apache.org-3-3] INFO  o.e.m.c.i.e.AbstractTransferListenerAdapter - Downloaded https://repo.maven.apache.org/maven2/org/seleniumhq/selenium/selenium-manager/4.25.0/selenium-manager-4.25.0.jar
2024-11-20 14:44:04,186 [Worker-22: Building] INFO  o.a.m.s.f.DefaultMavenResourcesFiltering - skip non existing resourceDirectory E:\Qk_practice_Project\FireSolution_Project\Project_Firesolution\src\main\resources
2024-11-20 14:44:04,198 [Worker-22: Building] INFO  o.a.m.s.f.DefaultMavenResourcesFiltering - skip non existing resourceDirectory E:\Qk_practice_Project\FireSolution_Project\Project_Firesolution\src\test\resources
2024-11-20 14:44:04,652 [Worker-28: Download sources and javadoc] INFO  o.e.m.c.i.e.AbstractTransferListenerAdapter - Downloading https://repo.maven.apache.org/maven2/org/seleniumhq/selenium/selenium-java/4.25.0/selenium-java-4.25.0-sources.jar
2024-11-20 14:44:04,668 [Worker-28: Download sources and javadoc] INFO  o.e.m.c.i.e.AbstractTransferListenerAdapter - Downloaded https://repo.maven.apache.org/maven2/org/seleniumhq/selenium/selenium-java/4.25.0/selenium-java-4.25.0-sources.jar
2024-11-20 14:44:04,684 [Worker-28: Download sources and javadoc] INFO  o.e.m.j.internal.DownloadSourcesJob - Downloaded sources for org.seleniumhq.selenium:selenium-java:4.25.0
2024-11-20 14:44:05,001 [Worker-28: Download sources and javadoc] INFO  o.e.m.c.i.e.AbstractTransferListenerAdapter - Downloading https://repo.maven.apache.org/maven2/org/seleniumhq/selenium/selenium-api/4.25.0/selenium-api-4.25.0-sources.jar
2024-11-20 14:44:05,233 [Worker-28: Download sources and javadoc] INFO  o.e.m.c.i.e.AbstractTransferListenerAdapter - Downloaded https://repo.maven.apache.org/maven2/org/seleniumhq/selenium/selenium-api/4.25.0/selenium-api-4.25.0-sources.jar
2024-11-20 14:44:05,252 [Worker-28: Download sources and javadoc] INFO  o.e.m.j.internal.DownloadSourcesJob - Downloaded sources for org.seleniumhq.selenium:selenium-api:4.25.0
2024-11-20 14:44:05,751 [Worker-28: Download sources and javadoc] INFO  o.e.m.c.i.e.AbstractTransferListenerAdapter - Downloading https://repo.maven.apache.org/maven2/org/jspecify/jspecify/1.0.0/jspecify-1.0.0-sources.jar
2024-11-20 14:44:05,780 [Worker-28: Download sources and javadoc] INFO  o.e.m.c.i.e.AbstractTransferListenerAdapter - Downloaded https://repo.maven.apache.org/maven2/org/jspecify/jspecify/1.0.0/jspecify-1.0.0-sources.jar
2024-11-20 14:44:05,799 [Worker-28: Download sources and javadoc] INFO  o.e.m.j.internal.DownloadSourcesJob - Downloaded sources for org.jspecify:jspecify:1.0.0
2024-11-20 14:44:06,076 [Worker-28: Download sources and javadoc] INFO  o.e.m.c.i.e.AbstractTransferListenerAdapter - Downloading https://repo.maven.apache.org/maven2/org/seleniumhq/selenium/selenium-chrome-driver/4.25.0/selenium-chrome-driver-4.25.0-sources.jar
2024-11-20 14:44:06,121 [Worker-28: Download sources and javadoc] INFO  o.e.m.c.i.e.AbstractTransferListenerAdapter - Downloaded https://repo.maven.apache.org/maven2/org/seleniumhq/selenium/selenium-chrome-driver/4.25.0/selenium-chrome-driver-4.25.0-sources.jar
2024-11-20 14:44:06,169 [Worker-28: Download sources and javadoc] INFO  o.e.m.j.internal.DownloadSourcesJob - Downloaded sources for org.seleniumhq.selenium:selenium-chrome-driver:4.25.0
2024-11-20 14:44:06,406 [Worker-28: Download sources and javadoc] INFO  o.e.m.c.i.e.AbstractTransferListenerAdapter - Downloading https://repo.maven.apache.org/maven2/org/seleniumhq/selenium/selenium-chromium-driver/4.25.0/selenium-chromium-driver-4.25.0-sources.jar
2024-11-20 14:44:06,427 [Worker-28: Download sources and javadoc] INFO  o.e.m.c.i.e.AbstractTransferListenerAdapter - Downloaded https://repo.maven.apache.org/maven2/org/seleniumhq/selenium/selenium-chromium-driver/4.25.0/selenium-chromium-driver-4.25.0-sources.jar
2024-11-20 14:44:06,461 [Worker-28: Download sources and javadoc] INFO  o.e.m.j.internal.DownloadSourcesJob - Downloaded sources for org.seleniumhq.selenium:selenium-chromium-driver:4.25.0
2024-11-20 14:44:06,793 [Worker-28: Download sources and javadoc] INFO  o.e.m.c.i.e.AbstractTransferListenerAdapter - Downloading https://repo.maven.apache.org/maven2/org/seleniumhq/selenium/selenium-json/4.25.0/selenium-json-4.25.0-sources.jar
2024-11-20 14:44:06,824 [Worker-28: Download sources and javadoc] INFO  o.e.m.c.i.e.AbstractTransferListenerAdapter - Downloaded https://repo.maven.apache.org/maven2/org/seleniumhq/selenium/selenium-json/4.25.0/selenium-json-4.25.0-sources.jar
2024-11-20 14:44:06,876 [Worker-28: Download sources and javadoc] INFO  o.e.m.j.internal.DownloadSourcesJob - Downloaded sources for org.seleniumhq.selenium:selenium-json:4.25.0
2024-11-20 14:44:07,026 [Worker-28: Download sources and javadoc] INFO  o.e.m.c.i.e.AbstractTransferListenerAdapter - Downloading https://repo.maven.apache.org/maven2/org/seleniumhq/selenium/selenium-manager/4.25.0/selenium-manager-4.25.0-sources.jar
2024-11-20 14:44:07,039 [Worker-28: Download sources and javadoc] INFO  o.e.m.c.i.e.AbstractTransferListenerAdapter - Downloaded https://repo.maven.apache.org/maven2/org/seleniumhq/selenium/selenium-manager/4.25.0/selenium-manager-4.25.0-sources.jar
2024-11-20 14:44:07,054 [Worker-28: Download sources and javadoc] INFO  o.e.m.j.internal.DownloadSourcesJob - Downloaded sources for org.seleniumhq.selenium:selenium-manager:4.25.0
2024-11-20 14:44:07,301 [Worker-28: Download sources and javadoc] INFO  o.e.m.c.i.e.AbstractTransferListenerAdapter - Downloading https://repo.maven.apache.org/maven2/org/seleniumhq/selenium/selenium-devtools-v127/4.25.0/selenium-devtools-v127-4.25.0-sources.jar
2024-11-20 14:44:07,659 [Worker-28: Download sources and javadoc] INFO  o.e.m.c.i.e.AbstractTransferListenerAdapter - Downloaded https://repo.maven.apache.org/maven2/org/seleniumhq/selenium/selenium-devtools-v127/4.25.0/selenium-devtools-v127-4.25.0-sources.jar
2024-11-20 14:44:07,693 [Worker-28: Download sources and javadoc] INFO  o.e.m.j.internal.DownloadSourcesJob - Downloaded sources for org.seleniumhq.selenium:selenium-devtools-v127:4.25.0
2024-11-20 14:44:07,961 [Worker-28: Download sources and javadoc] INFO  o.e.m.c.i.e.AbstractTransferListenerAdapter - Downloading https://repo.maven.apache.org/maven2/org/seleniumhq/selenium/selenium-devtools-v128/4.25.0/selenium-devtools-v128-4.25.0-sources.jar
2024-11-20 14:44:08,540 [Worker-28: Download sources and javadoc] INFO  o.e.m.c.i.e.AbstractTransferListenerAdapter - Downloaded https://repo.maven.apache.org/maven2/org/seleniumhq/selenium/selenium-devtools-v128/4.25.0/selenium-devtools-v128-4.25.0-sources.jar
2024-11-20 14:44:08,555 [Worker-28: Download sources and javadoc] INFO  o.e.m.j.internal.DownloadSourcesJob - Downloaded sources for org.seleniumhq.selenium:selenium-devtools-v128:4.25.0
2024-11-20 14:44:08,702 [Worker-28: Download sources and javadoc] INFO  o.e.m.c.i.e.AbstractTransferListenerAdapter - Downloading https://repo.maven.apache.org/maven2/org/seleniumhq/selenium/selenium-devtools-v129/4.25.0/selenium-devtools-v129-4.25.0-sources.jar
2024-11-20 14:44:09,284 [Worker-28: Download sources and javadoc] INFO  o.e.m.c.i.e.AbstractTransferListenerAdapter - Downloaded https://repo.maven.apache.org/maven2/org/seleniumhq/selenium/selenium-devtools-v129/4.25.0/selenium-devtools-v129-4.25.0-sources.jar
2024-11-20 14:44:09,301 [Worker-28: Download sources and javadoc] INFO  o.e.m.j.internal.DownloadSourcesJob - Downloaded sources for org.seleniumhq.selenium:selenium-devtools-v129:4.25.0
2024-11-20 14:44:09,492 [Worker-28: Download sources and javadoc] INFO  o.e.m.c.i.e.AbstractTransferListenerAdapter - Downloading https://repo.maven.apache.org/maven2/org/seleniumhq/selenium/selenium-devtools-v85/4.25.0/selenium-devtools-v85-4.25.0-sources.jar
2024-11-20 14:44:09,691 [Worker-28: Download sources and javadoc] INFO  o.e.m.c.i.e.AbstractTransferListenerAdapter - Downloaded https://repo.maven.apache.org/maven2/org/seleniumhq/selenium/selenium-devtools-v85/4.25.0/selenium-devtools-v85-4.25.0-sources.jar
2024-11-20 14:44:09,735 [Worker-28: Download sources and javadoc] INFO  o.e.m.j.internal.DownloadSourcesJob - Downloaded sources for org.seleniumhq.selenium:selenium-devtools-v85:4.25.0
2024-11-20 14:44:10,031 [Worker-28: Download sources and javadoc] INFO  o.e.m.c.i.e.AbstractTransferListenerAdapter - Downloading https://repo.maven.apache.org/maven2/org/seleniumhq/selenium/selenium-edge-driver/4.25.0/selenium-edge-driver-4.25.0-sources.jar
2024-11-20 14:44:10,046 [Worker-28: Download sources and javadoc] INFO  o.e.m.c.i.e.AbstractTransferListenerAdapter - Downloaded https://repo.maven.apache.org/maven2/org/seleniumhq/selenium/selenium-edge-driver/4.25.0/selenium-edge-driver-4.25.0-sources.jar
2024-11-20 14:44:10,060 [Worker-28: Download sources and javadoc] INFO  o.e.m.j.internal.DownloadSourcesJob - Downloaded sources for org.seleniumhq.selenium:selenium-edge-driver:4.25.0
2024-11-20 14:44:10,287 [Worker-28: Download sources and javadoc] INFO  o.e.m.c.i.e.AbstractTransferListenerAdapter - Downloading https://repo.maven.apache.org/maven2/org/seleniumhq/selenium/selenium-firefox-driver/4.25.0/selenium-firefox-driver-4.25.0-sources.jar
2024-11-20 14:44:10,391 [Worker-28: Download sources and javadoc] INFO  o.e.m.c.i.e.AbstractTransferListenerAdapter - Downloaded https://repo.maven.apache.org/maven2/org/seleniumhq/selenium/selenium-firefox-driver/4.25.0/selenium-firefox-driver-4.25.0-sources.jar
2024-11-20 14:44:10,407 [Worker-28: Download sources and javadoc] INFO  o.e.m.j.internal.DownloadSourcesJob - Downloaded sources for org.seleniumhq.selenium:selenium-firefox-driver:4.25.0
2024-11-20 14:44:10,531 [Worker-28: Download sources and javadoc] INFO  o.e.m.c.i.e.AbstractTransferListenerAdapter - Downloading https://repo.maven.apache.org/maven2/org/seleniumhq/selenium/selenium-http/4.25.0/selenium-http-4.25.0-sources.jar
2024-11-20 14:44:10,557 [Worker-28: Download sources and javadoc] INFO  o.e.m.c.i.e.AbstractTransferListenerAdapter - Downloaded https://repo.maven.apache.org/maven2/org/seleniumhq/selenium/selenium-http/4.25.0/selenium-http-4.25.0-sources.jar
2024-11-20 14:44:10,580 [Worker-28: Download sources and javadoc] INFO  o.e.m.j.internal.DownloadSourcesJob - Downloaded sources for org.seleniumhq.selenium:selenium-http:4.25.0
2024-11-20 14:44:11,054 [Worker-28: Download sources and javadoc] INFO  o.e.m.c.i.e.AbstractTransferListenerAdapter - Downloading https://repo.maven.apache.org/maven2/org/seleniumhq/selenium/selenium-ie-driver/4.25.0/selenium-ie-driver-4.25.0-sources.jar
2024-11-20 14:44:11,073 [Worker-28: Download sources and javadoc] INFO  o.e.m.c.i.e.AbstractTransferListenerAdapter - Downloaded https://repo.maven.apache.org/maven2/org/seleniumhq/selenium/selenium-ie-driver/4.25.0/selenium-ie-driver-4.25.0-sources.jar
2024-11-20 14:44:11,089 [Worker-28: Download sources and javadoc] INFO  o.e.m.j.internal.DownloadSourcesJob - Downloaded sources for org.seleniumhq.selenium:selenium-ie-driver:4.25.0
2024-11-20 14:44:11,331 [Worker-28: Download sources and javadoc] INFO  o.e.m.c.i.e.AbstractTransferListenerAdapter - Downloading https://repo.maven.apache.org/maven2/org/seleniumhq/selenium/selenium-remote-driver/4.25.0/selenium-remote-driver-4.25.0-sources.jar
2024-11-20 14:44:11,465 [Worker-28: Download sources and javadoc] INFO  o.e.m.c.i.e.AbstractTransferListenerAdapter - Downloaded https://repo.maven.apache.org/maven2/org/seleniumhq/selenium/selenium-remote-driver/4.25.0/selenium-remote-driver-4.25.0-sources.jar
2024-11-20 14:44:11,481 [Worker-28: Download sources and javadoc] INFO  o.e.m.j.internal.DownloadSourcesJob - Downloaded sources for org.seleniumhq.selenium:selenium-remote-driver:4.25.0
2024-11-20 14:44:11,915 [Worker-28: Download sources and javadoc] INFO  o.e.m.c.i.e.AbstractTransferListenerAdapter - Downloading https://repo.maven.apache.org/maven2/com/google/guava/guava/33.3.0-jre/guava-33.3.0-jre-sources.jar
2024-11-20 14:44:12,685 [Worker-28: Download sources and javadoc] INFO  o.e.m.c.i.e.AbstractTransferListenerAdapter - Downloaded https://repo.maven.apache.org/maven2/com/google/guava/guava/33.3.0-jre/guava-33.3.0-jre-sources.jar
2024-11-20 14:44:12,701 [Worker-28: Download sources and javadoc] INFO  o.e.m.j.internal.DownloadSourcesJob - Downloaded sources for com.google.guava:guava:33.3.0-jre
2024-11-20 14:44:12,881 [Worker-28: Download sources and javadoc] INFO  o.e.m.c.i.e.AbstractTransferListenerAdapter - Downloading https://repo.maven.apache.org/maven2/com/google/guava/failureaccess/1.0.2/failureaccess-1.0.2-sources.jar
2024-11-20 14:44:12,892 [Worker-28: Download sources and javadoc] INFO  o.e.m.c.i.e.AbstractTransferListenerAdapter - Downloaded https://repo.maven.apache.org/maven2/com/google/guava/failureaccess/1.0.2/failureaccess-1.0.2-sources.jar
2024-11-20 14:44:12,907 [Worker-28: Download sources and javadoc] INFO  o.e.m.j.internal.DownloadSourcesJob - Downloaded sources for com.google.guava:failureaccess:1.0.2
2024-11-20 14:44:13,107 [Worker-28: Download sources and javadoc] INFO  o.e.m.c.i.e.AbstractTransferListenerAdapter - Downloading https://repo.maven.apache.org/maven2/org/checkerframework/checker-qual/3.43.0/checker-qual-3.43.0-sources.jar
2024-11-20 14:44:13,253 [Worker-28: Download sources and javadoc] INFO  o.e.m.c.i.e.AbstractTransferListenerAdapter - Downloaded https://repo.maven.apache.org/maven2/org/checkerframework/checker-qual/3.43.0/checker-qual-3.43.0-sources.jar
2024-11-20 14:44:13,267 [Worker-28: Download sources and javadoc] INFO  o.e.m.j.internal.DownloadSourcesJob - Downloaded sources for org.checkerframework:checker-qual:3.43.0
2024-11-20 14:44:13,407 [Worker-28: Download sources and javadoc] INFO  o.e.m.c.i.e.AbstractTransferListenerAdapter - Downloading https://repo.maven.apache.org/maven2/com/google/errorprone/error_prone_annotations/2.28.0/error_prone_annotations-2.28.0-sources.jar
2024-11-20 14:44:13,421 [Worker-28: Download sources and javadoc] INFO  o.e.m.c.i.e.AbstractTransferListenerAdapter - Downloaded https://repo.maven.apache.org/maven2/com/google/errorprone/error_prone_annotations/2.28.0/error_prone_annotations-2.28.0-sources.jar
2024-11-20 14:44:13,436 [Worker-28: Download sources and javadoc] INFO  o.e.m.j.internal.DownloadSourcesJob - Downloaded sources for com.google.errorprone:error_prone_annotations:2.28.0
2024-11-20 14:44:13,683 [Worker-28: Download sources and javadoc] INFO  o.e.m.c.i.e.AbstractTransferListenerAdapter - Downloading https://repo.maven.apache.org/maven2/com/google/j2objc/j2objc-annotations/3.0.0/j2objc-annotations-3.0.0-sources.jar
2024-11-20 14:44:13,706 [Worker-28: Download sources and javadoc] INFO  o.e.m.c.i.e.AbstractTransferListenerAdapter - Downloaded https://repo.maven.apache.org/maven2/com/google/j2objc/j2objc-annotations/3.0.0/j2objc-annotations-3.0.0-sources.jar
2024-11-20 14:44:13,720 [Worker-28: Download sources and javadoc] INFO  o.e.m.j.internal.DownloadSourcesJob - Downloaded sources for com.google.j2objc:j2objc-annotations:3.0.0
2024-11-20 14:44:13,842 [Worker-28: Download sources and javadoc] INFO  o.e.m.c.i.e.AbstractTransferListenerAdapter - Downloading https://repo.maven.apache.org/maven2/io/opentelemetry/semconv/opentelemetry-semconv/1.25.0-alpha/opentelemetry-semconv-1.25.0-alpha-sources.jar
2024-11-20 14:44:13,867 [Worker-28: Download sources and javadoc] INFO  o.e.m.c.i.e.AbstractTransferListenerAdapter - Downloaded https://repo.maven.apache.org/maven2/io/opentelemetry/semconv/opentelemetry-semconv/1.25.0-alpha/opentelemetry-semconv-1.25.0-alpha-sources.jar
2024-11-20 14:44:13,882 [Worker-28: Download sources and javadoc] INFO  o.e.m.j.internal.DownloadSourcesJob - Downloaded sources for io.opentelemetry.semconv:opentelemetry-semconv:1.25.0-alpha
2024-11-20 14:44:14,009 [Worker-28: Download sources and javadoc] INFO  o.e.m.c.i.e.AbstractTransferListenerAdapter - Downloading https://repo.maven.apache.org/maven2/io/opentelemetry/opentelemetry-api/1.42.1/opentelemetry-api-1.42.1-sources.jar
2024-11-20 14:44:14,118 [Worker-28: Download sources and javadoc] INFO  o.e.m.c.i.e.AbstractTransferListenerAdapter - Downloaded https://repo.maven.apache.org/maven2/io/opentelemetry/opentelemetry-api/1.42.1/opentelemetry-api-1.42.1-sources.jar
2024-11-20 14:44:14,137 [Worker-28: Download sources and javadoc] INFO  o.e.m.j.internal.DownloadSourcesJob - Downloaded sources for io.opentelemetry:opentelemetry-api:1.42.1
2024-11-20 14:44:14,277 [Worker-28: Download sources and javadoc] INFO  o.e.m.c.i.e.AbstractTransferListenerAdapter - Downloading https://repo.maven.apache.org/maven2/io/opentelemetry/opentelemetry-context/1.42.1/opentelemetry-context-1.42.1-sources.jar
2024-11-20 14:44:14,304 [Worker-28: Download sources and javadoc] INFO  o.e.m.c.i.e.AbstractTransferListenerAdapter - Downloaded https://repo.maven.apache.org/maven2/io/opentelemetry/opentelemetry-context/1.42.1/opentelemetry-context-1.42.1-sources.jar
2024-11-20 14:44:14,322 [Worker-28: Download sources and javadoc] INFO  o.e.m.j.internal.DownloadSourcesJob - Downloaded sources for io.opentelemetry:opentelemetry-context:1.42.1
2024-11-20 14:44:14,435 [Worker-28: Download sources and javadoc] INFO  o.e.m.c.i.e.AbstractTransferListenerAdapter - Downloading https://repo.maven.apache.org/maven2/io/opentelemetry/opentelemetry-exporter-logging/1.42.1/opentelemetry-exporter-logging-1.42.1-sources.jar
2024-11-20 14:44:14,449 [Worker-28: Download sources and javadoc] INFO  o.e.m.c.i.e.AbstractTransferListenerAdapter - Downloaded https://repo.maven.apache.org/maven2/io/opentelemetry/opentelemetry-exporter-logging/1.42.1/opentelemetry-exporter-logging-1.42.1-sources.jar
2024-11-20 14:44:14,462 [Worker-28: Download sources and javadoc] INFO  o.e.m.j.internal.DownloadSourcesJob - Downloaded sources for io.opentelemetry:opentelemetry-exporter-logging:1.42.1
2024-11-20 14:44:14,552 [Worker-28: Download sources and javadoc] INFO  o.e.m.c.i.e.AbstractTransferListenerAdapter - Downloading https://repo.maven.apache.org/maven2/io/opentelemetry/opentelemetry-sdk-common/1.42.1/opentelemetry-sdk-common-1.42.1-sources.jar
2024-11-20 14:44:14,595 [Worker-28: Download sources and javadoc] INFO  o.e.m.c.i.e.AbstractTransferListenerAdapter - Downloaded https://repo.maven.apache.org/maven2/io/opentelemetry/opentelemetry-sdk-common/1.42.1/opentelemetry-sdk-common-1.42.1-sources.jar
2024-11-20 14:44:14,608 [Worker-28: Download sources and javadoc] INFO  o.e.m.j.internal.DownloadSourcesJob - Downloaded sources for io.opentelemetry:opentelemetry-sdk-common:1.42.1
2024-11-20 14:44:14,746 [Worker-28: Download sources and javadoc] INFO  o.e.m.c.i.e.AbstractTransferListenerAdapter - Downloading https://repo.maven.apache.org/maven2/io/opentelemetry/opentelemetry-sdk-extension-autoconfigure-spi/1.42.1/opentelemetry-sdk-extension-autoconfigure-spi-1.42.1-sources.jar
2024-11-20 14:44:14,760 [Worker-28: Download sources and javadoc] INFO  o.e.m.c.i.e.AbstractTransferListenerAdapter - Downloaded https://repo.maven.apache.org/maven2/io/opentelemetry/opentelemetry-sdk-extension-autoconfigure-spi/1.42.1/opentelemetry-sdk-extension-autoconfigure-spi-1.42.1-sources.jar
2024-11-20 14:44:14,787 [Worker-28: Download sources and javadoc] INFO  o.e.m.j.internal.DownloadSourcesJob - Downloaded sources for io.opentelemetry:opentelemetry-sdk-extension-autoconfigure-spi:1.42.1
2024-11-20 14:44:14,888 [Worker-28: Download sources and javadoc] INFO  o.e.m.c.i.e.AbstractTransferListenerAdapter - Downloading https://repo.maven.apache.org/maven2/io/opentelemetry/opentelemetry-sdk-extension-autoconfigure/1.42.1/opentelemetry-sdk-extension-autoconfigure-1.42.1-sources.jar
2024-11-20 14:44:14,915 [Worker-28: Download sources and javadoc] INFO  o.e.m.c.i.e.AbstractTransferListenerAdapter - Downloaded https://repo.maven.apache.org/maven2/io/opentelemetry/opentelemetry-sdk-extension-autoconfigure/1.42.1/opentelemetry-sdk-extension-autoconfigure-1.42.1-sources.jar
2024-11-20 14:44:14,931 [Worker-28: Download sources and javadoc] INFO  o.e.m.j.internal.DownloadSourcesJob - Downloaded sources for io.opentelemetry:opentelemetry-sdk-extension-autoconfigure:1.42.1
2024-11-20 14:44:15,062 [Worker-28: Download sources and javadoc] INFO  o.e.m.c.i.e.AbstractTransferListenerAdapter - Downloading https://repo.maven.apache.org/maven2/io/opentelemetry/opentelemetry-api-incubator/1.42.1-alpha/opentelemetry-api-incubator-1.42.1-alpha-sources.jar
2024-11-20 14:44:15,093 [Worker-28: Download sources and javadoc] INFO  o.e.m.c.i.e.AbstractTransferListenerAdapter - Downloaded https://repo.maven.apache.org/maven2/io/opentelemetry/opentelemetry-api-incubator/1.42.1-alpha/opentelemetry-api-incubator-1.42.1-alpha-sources.jar
2024-11-20 14:44:15,108 [Worker-28: Download sources and javadoc] INFO  o.e.m.j.internal.DownloadSourcesJob - Downloaded sources for io.opentelemetry:opentelemetry-api-incubator:1.42.1-alpha
2024-11-20 14:44:15,217 [Worker-28: Download sources and javadoc] INFO  o.e.m.c.i.e.AbstractTransferListenerAdapter - Downloading https://repo.maven.apache.org/maven2/io/opentelemetry/opentelemetry-sdk-trace/1.42.1/opentelemetry-sdk-trace-1.42.1-sources.jar
2024-11-20 14:44:15,250 [Worker-28: Download sources and javadoc] INFO  o.e.m.c.i.e.AbstractTransferListenerAdapter - Downloaded https://repo.maven.apache.org/maven2/io/opentelemetry/opentelemetry-sdk-trace/1.42.1/opentelemetry-sdk-trace-1.42.1-sources.jar
2024-11-20 14:44:15,272 [Worker-28: Download sources and javadoc] INFO  o.e.m.j.internal.DownloadSourcesJob - Downloaded sources for io.opentelemetry:opentelemetry-sdk-trace:1.42.1
2024-11-20 14:44:15,351 [Worker-28: Download sources and javadoc] INFO  o.e.m.c.i.e.AbstractTransferListenerAdapter - Downloading https://repo.maven.apache.org/maven2/io/opentelemetry/opentelemetry-sdk/1.42.1/opentelemetry-sdk-1.42.1-sources.jar
2024-11-20 14:44:15,375 [Worker-28: Download sources and javadoc] INFO  o.e.m.c.i.e.AbstractTransferListenerAdapter - Downloaded https://repo.maven.apache.org/maven2/io/opentelemetry/opentelemetry-sdk/1.42.1/opentelemetry-sdk-1.42.1-sources.jar
2024-11-20 14:44:15,395 [Worker-28: Download sources and javadoc] INFO  o.e.m.j.internal.DownloadSourcesJob - Downloaded sources for io.opentelemetry:opentelemetry-sdk:1.42.1
2024-11-20 14:44:15,501 [Worker-28: Download sources and javadoc] INFO  o.e.m.c.i.e.AbstractTransferListenerAdapter - Downloading https://repo.maven.apache.org/maven2/io/opentelemetry/opentelemetry-sdk-metrics/1.42.1/opentelemetry-sdk-metrics-1.42.1-sources.jar
2024-11-20 14:44:15,582 [Worker-28: Download sources and javadoc] INFO  o.e.m.c.i.e.AbstractTransferListenerAdapter - Downloaded https://repo.maven.apache.org/maven2/io/opentelemetry/opentelemetry-sdk-metrics/1.42.1/opentelemetry-sdk-metrics-1.42.1-sources.jar
2024-11-20 14:44:15,630 [Worker-28: Download sources and javadoc] INFO  o.e.m.j.internal.DownloadSourcesJob - Downloaded sources for io.opentelemetry:opentelemetry-sdk-metrics:1.42.1
2024-11-20 14:44:15,726 [Worker-28: Download sources and javadoc] INFO  o.e.m.c.i.e.AbstractTransferListenerAdapter - Downloading https://repo.maven.apache.org/maven2/io/opentelemetry/opentelemetry-sdk-logs/1.42.1/opentelemetry-sdk-logs-1.42.1-sources.jar
2024-11-20 14:44:15,751 [Worker-28: Download sources and javadoc] INFO  o.e.m.c.i.e.AbstractTransferListenerAdapter - Downloaded https://repo.maven.apache.org/maven2/io/opentelemetry/opentelemetry-sdk-logs/1.42.1/opentelemetry-sdk-logs-1.42.1-sources.jar
2024-11-20 14:44:15,772 [Worker-28: Download sources and javadoc] INFO  o.e.m.j.internal.DownloadSourcesJob - Downloaded sources for io.opentelemetry:opentelemetry-sdk-logs:1.42.1
2024-11-20 14:44:15,964 [Worker-28: Download sources and javadoc] INFO  o.e.m.c.i.e.AbstractTransferListenerAdapter - Downloading https://repo.maven.apache.org/maven2/net/bytebuddy/byte-buddy/1.15.1/byte-buddy-1.15.1-sources.jar
2024-11-20 14:44:16,333 [Worker-28: Download sources and javadoc] INFO  o.e.m.c.i.e.AbstractTransferListenerAdapter - Downloaded https://repo.maven.apache.org/maven2/net/bytebuddy/byte-buddy/1.15.1/byte-buddy-1.15.1-sources.jar
2024-11-20 14:44:16,352 [Worker-28: Download sources and javadoc] INFO  o.e.m.j.internal.DownloadSourcesJob - Downloaded sources for net.bytebuddy:byte-buddy:1.15.1
2024-11-20 14:44:16,484 [Worker-28: Download sources and javadoc] INFO  o.e.m.c.i.e.AbstractTransferListenerAdapter - Downloading https://repo.maven.apache.org/maven2/org/seleniumhq/selenium/selenium-os/4.25.0/selenium-os-4.25.0-sources.jar
2024-11-20 14:44:16,504 [Worker-28: Download sources and javadoc] INFO  o.e.m.c.i.e.AbstractTransferListenerAdapter - Downloaded https://repo.maven.apache.org/maven2/org/seleniumhq/selenium/selenium-os/4.25.0/selenium-os-4.25.0-sources.jar
2024-11-20 14:44:16,520 [Worker-28: Download sources and javadoc] INFO  o.e.m.j.internal.DownloadSourcesJob - Downloaded sources for org.seleniumhq.selenium:selenium-os:4.25.0
2024-11-20 14:44:16,595 [Worker-28: Download sources and javadoc] INFO  o.e.m.c.i.e.AbstractTransferListenerAdapter - Downloading https://repo.maven.apache.org/maven2/org/apache/commons/commons-exec/1.4.0/commons-exec-1.4.0-sources.jar
2024-11-20 14:44:16,634 [Worker-28: Download sources and javadoc] INFO  o.e.m.c.i.e.AbstractTransferListenerAdapter - Downloaded https://repo.maven.apache.org/maven2/org/apache/commons/commons-exec/1.4.0/commons-exec-1.4.0-sources.jar
2024-11-20 14:44:16,645 [Worker-28: Download sources and javadoc] INFO  o.e.m.j.internal.DownloadSourcesJob - Downloaded sources for org.apache.commons:commons-exec:1.4.0
2024-11-20 14:44:16,723 [Worker-28: Download sources and javadoc] INFO  o.e.m.c.i.e.AbstractTransferListenerAdapter - Downloading https://repo.maven.apache.org/maven2/org/seleniumhq/selenium/selenium-safari-driver/4.25.0/selenium-safari-driver-4.25.0-sources.jar
2024-11-20 14:44:16,741 [Worker-28: Download sources and javadoc] INFO  o.e.m.c.i.e.AbstractTransferListenerAdapter - Downloaded https://repo.maven.apache.org/maven2/org/seleniumhq/selenium/selenium-safari-driver/4.25.0/selenium-safari-driver-4.25.0-sources.jar
2024-11-20 14:44:16,757 [Worker-28: Download sources and javadoc] INFO  o.e.m.j.internal.DownloadSourcesJob - Downloaded sources for org.seleniumhq.selenium:selenium-safari-driver:4.25.0
2024-11-20 14:44:16,912 [Worker-28: Download sources and javadoc] INFO  o.e.m.c.i.e.AbstractTransferListenerAdapter - Downloading https://repo.maven.apache.org/maven2/org/seleniumhq/selenium/selenium-support/4.25.0/selenium-support-4.25.0-sources.jar
2024-11-20 14:44:16,960 [Worker-28: Download sources and javadoc] INFO  o.e.m.c.i.e.AbstractTransferListenerAdapter - Downloaded https://repo.maven.apache.org/maven2/org/seleniumhq/selenium/selenium-support/4.25.0/selenium-support-4.25.0-sources.jar
2024-11-20 14:44:16,974 [Worker-28: Download sources and javadoc] INFO  o.e.m.j.internal.DownloadSourcesJob - Downloaded sources for org.seleniumhq.selenium:selenium-support:4.25.0
2024-11-20 14:44:17,057 [Worker-28: Download sources and javadoc] INFO  o.e.m.c.i.e.AbstractTransferListenerAdapter - Downloading https://repo.maven.apache.org/maven2/org/testng/testng/7.10.1/testng-7.10.1-sources.jar
2024-11-20 14:44:17,219 [Worker-28: Download sources and javadoc] INFO  o.e.m.c.i.e.AbstractTransferListenerAdapter - Downloaded https://repo.maven.apache.org/maven2/org/testng/testng/7.10.1/testng-7.10.1-sources.jar
2024-11-20 14:44:17,233 [Worker-28: Download sources and javadoc] INFO  o.e.m.j.internal.DownloadSourcesJob - Downloaded sources for org.testng:testng:7.10.1
2024-11-20 15:09:46,580 [Worker-30: Building] INFO  o.a.m.s.f.DefaultMavenResourcesFiltering - skip non existing resourceDirectory E:\Qk_practice_Project\FireSolution_Project\Project_Firesolution\src\main\resources
2024-11-20 15:09:46,628 [Worker-30: Building] INFO  o.a.m.s.f.DefaultMavenResourcesFiltering - skip non existing resourceDirectory E:\Qk_practice_Project\FireSolution_Project\Project_Firesolution\src\test\resources
2024-11-20 15:11:56,309 [Worker-31: Building] INFO  o.e.m.c.i.l.LifecycleMappingFactory - Using org.eclipse.m2e.jdt.JarLifecycleMapping lifecycle mapping for MavenProject: Project_Firesolution:Project_Firesolution:0.0.1-SNAPSHOT @ E:\Qk_practice_Project\FireSolution_Project\Project_Firesolution\pom.xml.
2024-11-20 15:11:57,598 [Worker-31: Building] INFO  o.a.m.s.f.DefaultMavenResourcesFiltering - skip non existing resourceDirectory E:\Qk_practice_Project\FireSolution_Project\Project_Firesolution\src\main\resources
2024-11-20 15:11:57,604 [Worker-31: Building] INFO  o.a.m.s.f.DefaultMavenResourcesFiltering - skip non existing resourceDirectory E:\Qk_practice_Project\FireSolution_Project\Project_Firesolution\src\test\resources
2024-11-20 15:12:14,007 [Worker-35: Building] INFO  o.e.m.c.i.l.LifecycleMappingFactory - Using org.eclipse.m2e.jdt.JarLifecycleMapping lifecycle mapping for MavenProject: Project_Firesolution:Project_Firesolution:0.0.1-SNAPSHOT @ E:\Qk_practice_Project\FireSolution_Project\Project_Firesolution\pom.xml.
2024-11-20 15:12:14,983 [Worker-35: Building] INFO  o.a.m.s.f.DefaultMavenResourcesFiltering - skip non existing resourceDirectory E:\Qk_practice_Project\FireSolution_Project\Project_Firesolution\src\main\resources
2024-11-20 15:12:14,989 [Worker-35: Building] INFO  o.a.m.s.f.DefaultMavenResourcesFiltering - skip non existing resourceDirectory E:\Qk_practice_Project\FireSolution_Project\Project_Firesolution\src\test\resources
2024-11-20 15:16:11,749 [Worker-32: Building] INFO  o.a.m.s.f.DefaultMavenResourcesFiltering - skip non existing resourceDirectory E:\Qk_practice_Project\FireSolution_Project\Project_Firesolution\src\main\resources
2024-11-20 15:16:11,756 [Worker-32: Building] INFO  o.a.m.s.f.DefaultMavenResourcesFiltering - skip non existing resourceDirectory E:\Qk_practice_Project\FireSolution_Project\Project_Firesolution\src\test\resources
2024-11-20 15:27:26,716 [Worker-33: Building] INFO  o.a.m.s.f.DefaultMavenResourcesFiltering - skip non existing resourceDirectory E:\Qk_practice_Project\FireSolution_Project\Project_Firesolution\src\main\resources
2024-11-20 15:27:26,719 [Worker-33: Building] INFO  o.a.m.s.f.DefaultMavenResourcesFiltering - skip non existing resourceDirectory E:\Qk_practice_Project\FireSolution_Project\Project_Firesolution\src\test\resources
2024-11-20 15:29:59,993 [Worker-38: Building] INFO  o.a.m.s.f.DefaultMavenResourcesFiltering - skip non existing resourceDirectory E:\Qk_practice_Project\FireSolution_Project\Project_Firesolution\src\main\resources
2024-11-20 15:29:59,996 [Worker-38: Building] INFO  o.a.m.s.f.DefaultMavenResourcesFiltering - skip non existing resourceDirectory E:\Qk_practice_Project\FireSolution_Project\Project_Firesolution\src\test\resources
2024-11-20 15:33:30,423 [Worker-34: Building] INFO  o.a.m.s.f.DefaultMavenResourcesFiltering - skip non existing resourceDirectory E:\Qk_practice_Project\FireSolution_Project\Project_Firesolution\src\main\resources
2024-11-20 15:33:30,433 [Worker-34: Building] INFO  o.a.m.s.f.DefaultMavenResourcesFiltering - skip non existing resourceDirectory E:\Qk_practice_Project\FireSolution_Project\Project_Firesolution\src\test\resources
2024-11-20 15:38:25,949 [Worker-34: Building] INFO  o.a.m.s.f.DefaultMavenResourcesFiltering - skip non existing resourceDirectory E:\Qk_practice_Project\FireSolution_Project\Project_Firesolution\src\main\resources
2024-11-20 15:38:25,952 [Worker-34: Building] INFO  o.a.m.s.f.DefaultMavenResourcesFiltering - skip non existing resourceDirectory E:\Qk_practice_Project\FireSolution_Project\Project_Firesolution\src\test\resources
2024-11-20 15:42:02,633 [Worker-40: Building] INFO  o.a.m.s.f.DefaultMavenResourcesFiltering - skip non existing resourceDirectory E:\Qk_practice_Project\FireSolution_Project\Project_Firesolution\src\main\resources
2024-11-20 15:42:02,637 [Worker-40: Building] INFO  o.a.m.s.f.DefaultMavenResourcesFiltering - skip non existing resourceDirectory E:\Qk_practice_Project\FireSolution_Project\Project_Firesolution\src\test\resources
2024-11-20 15:44:16,540 [Worker-34: Building] INFO  o.e.m.c.i.l.LifecycleMappingFactory - Using org.eclipse.m2e.jdt.JarLifecycleMapping lifecycle mapping for MavenProject: Project_Firesolution:Project_Firesolution:0.0.1-SNAPSHOT @ E:\Qk_practice_Project\FireSolution_Project\Project_Firesolution\pom.xml.
2024-11-20 15:44:18,194 [Worker-34: Building] INFO  o.a.m.s.f.DefaultMavenResourcesFiltering - skip non existing resourceDirectory E:\Qk_practice_Project\FireSolution_Project\Project_Firesolution\src\main\resources
2024-11-20 15:44:18,199 [Worker-34: Building] INFO  o.a.m.s.f.DefaultMavenResourcesFiltering - skip non existing resourceDirectory E:\Qk_practice_Project\FireSolution_Project\Project_Firesolution\src\test\resources
2024-11-20 15:44:19,073 [Worker-41: Download sources and javadoc] INFO  o.e.m.c.i.e.AbstractTransferListenerAdapter - Downloading https://repo.maven.apache.org/maven2/commons-io/commons-io/2.11.0/commons-io-2.11.0-sources.jar
2024-11-20 15:44:19,233 [Worker-41: Download sources and javadoc] INFO  o.e.m.c.i.e.AbstractTransferListenerAdapter - Downloaded https://repo.maven.apache.org/maven2/commons-io/commons-io/2.11.0/commons-io-2.11.0-sources.jar
2024-11-20 15:44:19,243 [Worker-41: Download sources and javadoc] INFO  o.e.m.j.internal.DownloadSourcesJob - Downloaded sources for commons-io:commons-io:2.11.0
2024-11-20 15:46:01,229 [Worker-42: Building] INFO  o.e.m.c.i.l.LifecycleMappingFactory - Using org.eclipse.m2e.jdt.JarLifecycleMapping lifecycle mapping for MavenProject: Project_Firesolution:Project_Firesolution:0.0.1-SNAPSHOT @ E:\Qk_practice_Project\FireSolution_Project\Project_Firesolution\pom.xml.
2024-11-20 15:46:02,142 [Worker-42: Building] INFO  o.a.m.s.f.DefaultMavenResourcesFiltering - skip non existing resourceDirectory E:\Qk_practice_Project\FireSolution_Project\Project_Firesolution\src\main\resources
2024-11-20 15:46:02,147 [Worker-42: Building] INFO  o.a.m.s.f.DefaultMavenResourcesFiltering - skip non existing resourceDirectory E:\Qk_practice_Project\FireSolution_Project\Project_Firesolution\src\test\resources
2024-11-20 15:46:12,810 [Worker-41: Building] INFO  o.a.m.s.f.DefaultMavenResourcesFiltering - skip non existing resourceDirectory E:\Qk_practice_Project\FireSolution_Project\Project_Firesolution\src\main\resources
2024-11-20 15:46:12,814 [Worker-41: Building] INFO  o.a.m.s.f.DefaultMavenResourcesFiltering - skip non existing resourceDirectory E:\Qk_practice_Project\FireSolution_Project\Project_Firesolution\src\test\resources
2024-11-20 15:48:07,098 [Worker-40: Building] INFO  o.e.m.c.i.l.LifecycleMappingFactory - Using org.eclipse.m2e.jdt.JarLifecycleMapping lifecycle mapping for MavenProject: Project_Firesolution:Project_Firesolution:0.0.1-SNAPSHOT @ E:\Qk_practice_Project\FireSolution_Project\Project_Firesolution\pom.xml.
2024-11-20 15:48:09,044 [Worker-40: Building] INFO  o.a.m.s.f.DefaultMavenResourcesFiltering - skip non existing resourceDirectory E:\Qk_practice_Project\FireSolution_Project\Project_Firesolution\src\main\resources
2024-11-20 15:48:09,049 [Worker-40: Building] INFO  o.a.m.s.f.DefaultMavenResourcesFiltering - skip non existing resourceDirectory E:\Qk_practice_Project\FireSolution_Project\Project_Firesolution\src\test\resources
2024-11-20 15:49:23,175 [Worker-40: Building] INFO  o.e.m.c.i.l.LifecycleMappingFactory - Using org.eclipse.m2e.jdt.JarLifecycleMapping lifecycle mapping for MavenProject: Project_Firesolution:Project_Firesolution:0.0.1-SNAPSHOT @ E:\Qk_practice_Project\FireSolution_Project\Project_Firesolution\pom.xml.
2024-11-20 15:49:25,126 [Worker-40: Building] INFO  o.a.m.s.f.DefaultMavenResourcesFiltering - skip non existing resourceDirectory E:\Qk_practice_Project\FireSolution_Project\Project_Firesolution\src\main\resources
2024-11-20 15:49:25,133 [Worker-40: Building] INFO  o.a.m.s.f.DefaultMavenResourcesFiltering - skip non existing resourceDirectory E:\Qk_practice_Project\FireSolution_Project\Project_Firesolution\src\test\resources
2024-11-20 15:56:44,005 [Worker-41: Building] INFO  o.a.m.s.f.DefaultMavenResourcesFiltering - skip non existing resourceDirectory E:\Qk_practice_Project\FireSolution_Project\Project_Firesolution\src\main\resources
2024-11-20 15:56:44,009 [Worker-41: Building] INFO  o.a.m.s.f.DefaultMavenResourcesFiltering - skip non existing resourceDirectory E:\Qk_practice_Project\FireSolution_Project\Project_Firesolution\src\test\resources
2024-11-20 15:57:41,464 [Worker-45: Building] INFO  o.a.m.s.f.DefaultMavenResourcesFiltering - skip non existing resourceDirectory E:\Qk_practice_Project\FireSolution_Project\Project_Firesolution\src\main\resources
2024-11-20 15:57:41,467 [Worker-45: Building] INFO  o.a.m.s.f.DefaultMavenResourcesFiltering - skip non existing resourceDirectory E:\Qk_practice_Project\FireSolution_Project\Project_Firesolution\src\test\resources
2024-11-20 15:58:38,879 [Worker-41: Building] INFO  o.a.m.s.f.DefaultMavenResourcesFiltering - skip non existing resourceDirectory E:\Qk_practice_Project\FireSolution_Project\Project_Firesolution\src\main\resources
2024-11-20 15:58:38,883 [Worker-41: Building] INFO  o.a.m.s.f.DefaultMavenResourcesFiltering - skip non existing resourceDirectory E:\Qk_practice_Project\FireSolution_Project\Project_Firesolution\src\test\resources
2024-11-20 16:02:56,743 [Worker-41: Building] INFO  o.a.m.s.f.DefaultMavenResourcesFiltering - skip non existing resourceDirectory E:\Qk_practice_Project\FireSolution_Project\Project_Firesolution\src\main\resources
2024-11-20 16:02:56,748 [Worker-41: Building] INFO  o.a.m.s.f.DefaultMavenResourcesFiltering - skip non existing resourceDirectory E:\Qk_practice_Project\FireSolution_Project\Project_Firesolution\src\test\resources
2024-11-20 16:11:36,919 [Worker-47: Building] INFO  o.a.m.s.f.DefaultMavenResourcesFiltering - skip non existing resourceDirectory E:\Qk_practice_Project\FireSolution_Project\Project_Firesolution\src\main\resources
2024-11-20 16:11:36,933 [Worker-47: Building] INFO  o.a.m.s.f.DefaultMavenResourcesFiltering - skip non existing resourceDirectory E:\Qk_practice_Project\FireSolution_Project\Project_Firesolution\src\test\resources
2024-11-20 16:14:31,105 [Worker-46: Building] INFO  o.a.m.s.f.DefaultMavenResourcesFiltering - skip non existing resourceDirectory E:\Qk_practice_Project\FireSolution_Project\Project_Firesolution\src\main\resources
2024-11-20 16:14:31,108 [Worker-46: Building] INFO  o.a.m.s.f.DefaultMavenResourcesFiltering - skip non existing resourceDirectory E:\Qk_practice_Project\FireSolution_Project\Project_Firesolution\src\test\resources
2024-11-20 16:18:42,740 [Worker-48: Building] INFO  o.a.m.s.f.DefaultMavenResourcesFiltering - skip non existing resourceDirectory E:\Qk_practice_Project\FireSolution_Project\Project_Firesolution\src\main\resources
2024-11-20 16:18:42,746 [Worker-48: Building] INFO  o.a.m.s.f.DefaultMavenResourcesFiltering - skip non existing resourceDirectory E:\Qk_practice_Project\FireSolution_Project\Project_Firesolution\src\test\resources
2024-11-20 16:25:40,742 [Worker-50: Building] INFO  o.a.m.s.f.DefaultMavenResourcesFiltering - skip non existing resourceDirectory E:\Qk_practice_Project\FireSolution_Project\Project_Firesolution\src\main\resources
2024-11-20 16:25:40,746 [Worker-50: Building] INFO  o.a.m.s.f.DefaultMavenResourcesFiltering - skip non existing resourceDirectory E:\Qk_practice_Project\FireSolution_Project\Project_Firesolution\src\test\resources
2024-11-20 16:31:20,962 [Worker-46: Building] INFO  o.a.m.s.f.DefaultMavenResourcesFiltering - skip non existing resourceDirectory E:\Qk_practice_Project\FireSolution_Project\Project_Firesolution\src\main\resources
2024-11-20 16:31:20,966 [Worker-46: Building] INFO  o.a.m.s.f.DefaultMavenResourcesFiltering - skip non existing resourceDirectory E:\Qk_practice_Project\FireSolution_Project\Project_Firesolution\src\test\resources
2024-11-20 16:35:22,806 [Worker-50: Building] INFO  o.a.m.s.f.DefaultMavenResourcesFiltering - skip non existing resourceDirectory E:\Qk_practice_Project\FireSolution_Project\Project_Firesolution\src\main\resources
2024-11-20 16:35:22,810 [Worker-50: Building] INFO  o.a.m.s.f.DefaultMavenResourcesFiltering - skip non existing resourceDirectory E:\Qk_practice_Project\FireSolution_Project\Project_Firesolution\src\test\resources
2024-11-20 16:35:47,687 [Worker-52: Building] INFO  o.a.m.s.f.DefaultMavenResourcesFiltering - skip non existing resourceDirectory E:\Qk_practice_Project\FireSolution_Project\Project_Firesolution\src\main\resources
2024-11-20 16:35:47,691 [Worker-52: Building] INFO  o.a.m.s.f.DefaultMavenResourcesFiltering - skip non existing resourceDirectory E:\Qk_practice_Project\FireSolution_Project\Project_Firesolution\src\test\resources
2024-11-20 16:56:22,103 [Worker-50: Building] INFO  o.a.m.s.f.DefaultMavenResourcesFiltering - skip non existing resourceDirectory E:\Qk_practice_Project\FireSolution_Project\Project_Firesolution\src\main\resources
2024-11-20 16:56:22,107 [Worker-50: Building] INFO  o.a.m.s.f.DefaultMavenResourcesFiltering - skip non existing resourceDirectory E:\Qk_practice_Project\FireSolution_Project\Project_Firesolution\src\test\resources
2024-11-20 16:58:31,399 [Worker-50: Building] INFO  o.a.m.s.f.DefaultMavenResourcesFiltering - skip non existing resourceDirectory E:\Qk_practice_Project\FireSolution_Project\Project_Firesolution\src\main\resources
2024-11-20 16:58:31,402 [Worker-50: Building] INFO  o.a.m.s.f.DefaultMavenResourcesFiltering - skip non existing resourceDirectory E:\Qk_practice_Project\FireSolution_Project\Project_Firesolution\src\test\resources
2024-11-20 16:59:14,797 [Worker-53: Building] INFO  o.a.m.s.f.DefaultMavenResourcesFiltering - skip non existing resourceDirectory E:\Qk_practice_Project\FireSolution_Project\Project_Firesolution\src\main\resources
2024-11-20 16:59:14,800 [Worker-53: Building] INFO  o.a.m.s.f.DefaultMavenResourcesFiltering - skip non existing resourceDirectory E:\Qk_practice_Project\FireSolution_Project\Project_Firesolution\src\test\resources
2024-11-20 16:59:53,402 [Worker-54: Building] INFO  o.a.m.s.f.DefaultMavenResourcesFiltering - skip non existing resourceDirectory E:\Qk_practice_Project\FireSolution_Project\Project_Firesolution\src\main\resources
2024-11-20 16:59:53,408 [Worker-54: Building] INFO  o.a.m.s.f.DefaultMavenResourcesFiltering - skip non existing resourceDirectory E:\Qk_practice_Project\FireSolution_Project\Project_Firesolution\src\test\resources
2024-11-20 17:08:40,420 [Worker-50: Building] INFO  o.e.m.c.i.l.LifecycleMappingFactory - Using org.eclipse.m2e.jdt.JarLifecycleMapping lifecycle mapping for MavenProject: Project_Firesolution:Project_Firesolution:0.0.1-SNAPSHOT @ E:\Qk_practice_Project\FireSolution_Project\Project_Firesolution\pom.xml.
2024-11-20 17:08:41,005 [Worker-50: Building] INFO  o.e.m.c.i.e.AbstractTransferListenerAdapter - Downloading https://repo.maven.apache.org/maven2/org/testng/testng/7.9.0/testng-7.9.0.pom
2024-11-20 17:08:41,018 [Worker-50: Building] INFO  o.e.m.c.i.e.AbstractTransferListenerAdapter - Downloaded https://repo.maven.apache.org/maven2/org/testng/testng/7.9.0/testng-7.9.0.pom
2024-11-20 17:08:41,805 [Worker-50: Building] INFO  o.e.m.c.i.e.AbstractTransferListenerAdapter - Downloading https://repo.maven.apache.org/maven2/org/testng/testng/7.9.0/testng-7.9.0.jar
2024-11-20 17:08:42,129 [Worker-50: Building] INFO  o.e.m.c.i.e.AbstractTransferListenerAdapter - Downloaded https://repo.maven.apache.org/maven2/org/testng/testng/7.9.0/testng-7.9.0.jar
2024-11-20 17:08:43,491 [Worker-50: Building] INFO  o.a.m.s.f.DefaultMavenResourcesFiltering - skip non existing resourceDirectory E:\Qk_practice_Project\FireSolution_Project\Project_Firesolution\src\main\resources
2024-11-20 17:08:43,497 [Worker-50: Building] INFO  o.a.m.s.f.DefaultMavenResourcesFiltering - skip non existing resourceDirectory E:\Qk_practice_Project\FireSolution_Project\Project_Firesolution\src\test\resources
2024-11-20 17:08:44,108 [Worker-55: Download sources and javadoc] INFO  o.e.m.c.i.e.AbstractTransferListenerAdapter - Downloading https://repo.maven.apache.org/maven2/org/testng/testng/7.9.0/testng-7.9.0-sources.jar
2024-11-20 17:08:44,308 [Worker-55: Download sources and javadoc] INFO  o.e.m.c.i.e.AbstractTransferListenerAdapter - Downloaded https://repo.maven.apache.org/maven2/org/testng/testng/7.9.0/testng-7.9.0-sources.jar
2024-11-20 17:08:44,316 [Worker-55: Download sources and javadoc] INFO  o.e.m.j.internal.DownloadSourcesJob - Downloaded sources for org.testng:testng:7.9.0
2024-11-20 17:09:56,508 [Worker-53: Launching Project_Firesolution_TestNG.xml] INFO  o.a.m.s.f.DefaultMavenResourcesFiltering - skip non existing resourceDirectory E:\Qk_practice_Project\FireSolution_Project\Project_Firesolution\src\main\resources
2024-11-20 17:09:56,512 [Worker-53: Launching Project_Firesolution_TestNG.xml] INFO  o.a.m.s.f.DefaultMavenResourcesFiltering - skip non existing resourceDirectory E:\Qk_practice_Project\FireSolution_Project\Project_Firesolution\src\test\resources
2024-11-20 17:18:53,852 [Worker-1: Loading available Gradle versions] INFO  o.e.b.c.i.u.g.PublishedGradleVersions - Gradle version information cache is up-to-date. Trying to read.
2024-11-20 18:50:05,676 [Worker-33: Building] INFO  o.a.m.s.f.DefaultMavenResourcesFiltering - skip non existing resourceDirectory E:\Qk_practice_Project\FireSolution_Project\Project_Firesolution\src\main\resources
2024-11-20 18:50:05,699 [Worker-33: Building] INFO  o.a.m.s.f.DefaultMavenResourcesFiltering - skip non existing resourceDirectory E:\Qk_practice_Project\FireSolution_Project\Project_Firesolution\src\test\resources
2024-11-20 18:56:09,200 [Worker-33: Building] INFO  o.a.m.s.f.DefaultMavenResourcesFiltering - skip non existing resourceDirectory E:\Qk_practice_Project\FireSolution_Project\Project_Firesolution\src\main\resources
2024-11-20 18:56:09,214 [Worker-33: Building] INFO  o.a.m.s.f.DefaultMavenResourcesFiltering - skip non existing resourceDirectory E:\Qk_practice_Project\FireSolution_Project\Project_Firesolution\src\test\resources
2024-11-21 18:47:35,481 [Worker-2: Loading available Gradle versions] INFO  o.e.b.c.i.u.g.PublishedGradleVersions - Gradle version information cache is out-of-date. Trying to update.
2024-11-21 18:49:23,451 [Worker-3: Building] INFO  o.a.m.s.f.DefaultMavenResourcesFiltering - skip non existing resourceDirectory E:\Qk_practice_Project\FireSolution_Project\Project_Firesolution\src\main\resources
2024-11-21 18:49:23,459 [Worker-3: Building] INFO  o.a.m.s.f.DefaultMavenResourcesFiltering - skip non existing resourceDirectory E:\Qk_practice_Project\FireSolution_Project\Project_Firesolution\src\test\resources
2024-11-21 19:05:56,479 [Worker-25: Launching Project_Firesolution_TestNG.xml] INFO  o.a.m.s.f.DefaultMavenResourcesFiltering - skip non existing resourceDirectory E:\Qk_practice_Project\FireSolution_Project\Project_Firesolution\src\main\resources
2024-11-21 19:05:56,484 [Worker-25: Launching Project_Firesolution_TestNG.xml] INFO  o.a.m.s.f.DefaultMavenResourcesFiltering - skip non existing resourceDirectory E:\Qk_practice_Project\FireSolution_Project\Project_Firesolution\src\test\resources
2024-11-22 12:46:22,728 [Worker-4: Loading available Gradle versions] INFO  o.e.b.c.i.u.g.PublishedGradleVersions - Gradle version information cache is up-to-date. Trying to read.
2024-11-22 12:58:59,361 [Worker-25: Building] INFO  o.a.m.s.f.DefaultMavenResourcesFiltering - skip non existing resourceDirectory E:\Qk_practice_Project\FireSolution_Project\Project_Firesolution\src\main\resources
2024-11-22 12:58:59,379 [Worker-25: Building] INFO  o.a.m.s.f.DefaultMavenResourcesFiltering - skip non existing resourceDirectory E:\Qk_practice_Project\FireSolution_Project\Project_Firesolution\src\test\resources
2024-11-22 13:07:41,972 [Worker-34: Building] INFO  o.e.m.c.i.l.LifecycleMappingFactory - Using org.eclipse.m2e.jdt.JarLifecycleMapping lifecycle mapping for MavenProject: Project_Firesolution:Project_Firesolution:0.0.1-SNAPSHOT @ E:\Qk_practice_Project\FireSolution_Project\Project_Firesolution\pom.xml.
2024-11-22 13:07:43,697 [Worker-34: Building] INFO  o.a.m.s.f.DefaultMavenResourcesFiltering - skip non existing resourceDirectory E:\Qk_practice_Project\FireSolution_Project\Project_Firesolution\src\main\resources
2024-11-22 13:07:43,708 [Worker-34: Building] INFO  o.a.m.s.f.DefaultMavenResourcesFiltering - skip non existing resourceDirectory E:\Qk_practice_Project\FireSolution_Project\Project_Firesolution\src\test\resources
2024-11-22 13:09:04,505 [Worker-34: Building] INFO  o.e.m.c.i.l.LifecycleMappingFactory - Using org.eclipse.m2e.jdt.JarLifecycleMapping lifecycle mapping for MavenProject: Project_Firesolution:Project_Firesolution:0.0.1-SNAPSHOT @ E:\Qk_practice_Project\FireSolution_Project\Project_Firesolution\pom.xml.
2024-11-22 13:09:06,555 [Worker-34: Building] INFO  o.a.m.s.f.DefaultMavenResourcesFiltering - skip non existing resourceDirectory E:\Qk_practice_Project\FireSolution_Project\Project_Firesolution\src\main\resources
2024-11-22 13:09:06,568 [Worker-34: Building] INFO  o.a.m.s.f.DefaultMavenResourcesFiltering - skip non existing resourceDirectory E:\Qk_practice_Project\FireSolution_Project\Project_Firesolution\src\test\resources
2024-11-22 13:17:09,849 [Worker-40: Building] INFO  o.e.m.c.i.l.LifecycleMappingFactory - Using org.eclipse.m2e.jdt.JarLifecycleMapping lifecycle mapping for MavenProject: Project_Firesolution:Project_Firesolution:0.0.1-SNAPSHOT @ E:\Qk_practice_Project\FireSolution_Project\Project_Firesolution\pom.xml.
2024-11-22 13:17:12,036 [Worker-40: Building] INFO  o.e.m.c.i.e.AbstractTransferListenerAdapter - Downloading https://repo.maven.apache.org/maven2/log4j/log4j/1.2.17/log4j-1.2.17.pom
2024-11-22 13:17:12,243 [Worker-40: Building] INFO  o.e.m.c.i.e.AbstractTransferListenerAdapter - Downloaded https://repo.maven.apache.org/maven2/log4j/log4j/1.2.17/log4j-1.2.17.pom
2024-11-22 13:17:13,515 [Worker-40: Building] INFO  o.e.m.c.i.e.AbstractTransferListenerAdapter - Downloading https://repo.maven.apache.org/maven2/log4j/log4j/1.2.17/log4j-1.2.17.jar
2024-11-22 13:17:13,759 [Worker-40: Building] INFO  o.e.m.c.i.e.AbstractTransferListenerAdapter - Downloaded https://repo.maven.apache.org/maven2/log4j/log4j/1.2.17/log4j-1.2.17.jar
2024-11-22 13:17:16,201 [Worker-40: Building] INFO  o.a.m.s.f.DefaultMavenResourcesFiltering - skip non existing resourceDirectory E:\Qk_practice_Project\FireSolution_Project\Project_Firesolution\src\main\resources
2024-11-22 13:17:16,224 [Worker-40: Building] INFO  o.a.m.s.f.DefaultMavenResourcesFiltering - skip non existing resourceDirectory E:\Qk_practice_Project\FireSolution_Project\Project_Firesolution\src\test\resources
2024-11-22 13:17:16,310 [Worker-41: Download sources and javadoc] INFO  o.e.m.c.i.e.AbstractTransferListenerAdapter - Downloading https://repo.maven.apache.org/maven2/log4j/log4j/1.2.17/log4j-1.2.17-sources.jar
2024-11-22 13:17:16,491 [Worker-41: Download sources and javadoc] INFO  o.e.m.c.i.e.AbstractTransferListenerAdapter - Downloaded https://repo.maven.apache.org/maven2/log4j/log4j/1.2.17/log4j-1.2.17-sources.jar
2024-11-22 13:17:16,508 [Worker-41: Download sources and javadoc] INFO  o.e.m.j.internal.DownloadSourcesJob - Downloaded sources for log4j:log4j:1.2.17
2024-11-22 13:19:45,753 [Worker-43: Building] INFO  o.a.m.s.f.DefaultMavenResourcesFiltering - skip non existing resourceDirectory E:\Qk_practice_Project\FireSolution_Project\Project_Firesolution\src\main\resources
2024-11-22 13:19:45,760 [Worker-43: Building] INFO  o.a.m.s.f.DefaultMavenResourcesFiltering - skip non existing resourceDirectory E:\Qk_practice_Project\FireSolution_Project\Project_Firesolution\src\test\resources
2024-11-22 13:25:42,382 [Worker-46: Building] INFO  o.a.m.s.f.DefaultMavenResourcesFiltering - skip non existing resourceDirectory E:\Qk_practice_Project\FireSolution_Project\Project_Firesolution\src\main\resources
2024-11-22 13:25:42,385 [Worker-46: Building] INFO  o.a.m.s.f.DefaultMavenResourcesFiltering - skip non existing resourceDirectory E:\Qk_practice_Project\FireSolution_Project\Project_Firesolution\src\test\resources
2024-11-22 13:43:07,962 [Worker-49: Building] INFO  o.e.m.c.i.l.LifecycleMappingFactory - Using org.eclipse.m2e.jdt.JarLifecycleMapping lifecycle mapping for MavenProject: Project_Firesolution:Project_Firesolution:0.0.1-SNAPSHOT @ E:\Qk_practice_Project\FireSolution_Project\Project_Firesolution\pom.xml.
2024-11-22 13:43:09,801 [Worker-49: Building] INFO  o.a.m.s.f.DefaultMavenResourcesFiltering - skip non existing resourceDirectory E:\Qk_practice_Project\FireSolution_Project\Project_Firesolution\src\main\resources
2024-11-22 13:43:09,807 [Worker-49: Building] INFO  o.a.m.s.f.DefaultMavenResourcesFiltering - skip non existing resourceDirectory E:\Qk_practice_Project\FireSolution_Project\Project_Firesolution\src\test\resources
2024-11-22 13:54:14,865 [Worker-56: Building] INFO  o.a.m.s.f.DefaultMavenResourcesFiltering - skip non existing resourceDirectory E:\Qk_practice_Project\FireSolution_Project\Project_Firesolution\src\main\resources
2024-11-22 13:54:14,868 [Worker-56: Building] INFO  o.a.m.s.f.DefaultMavenResourcesFiltering - skip non existing resourceDirectory E:\Qk_practice_Project\FireSolution_Project\Project_Firesolution\src\test\resources
2024-11-22 13:54:27,662 [Worker-56: Building] INFO  o.a.m.s.f.DefaultMavenResourcesFiltering - skip non existing resourceDirectory E:\Qk_practice_Project\FireSolution_Project\Project_Firesolution\src\main\resources
2024-11-22 13:54:27,665 [Worker-56: Building] INFO  o.a.m.s.f.DefaultMavenResourcesFiltering - skip non existing resourceDirectory E:\Qk_practice_Project\FireSolution_Project\Project_Firesolution\src\test\resources
2024-11-22 13:54:39,000 [Worker-56: Launching Project_Firesolution_TestNG.xml] INFO  o.e.m.c.i.l.LifecycleMappingFactory - Using org.eclipse.m2e.jdt.JarLifecycleMapping lifecycle mapping for MavenProject: Project_Firesolution:Project_Firesolution:0.0.1-SNAPSHOT @ E:\Qk_practice_Project\FireSolution_Project\Project_Firesolution\pom.xml.
2024-11-22 13:54:39,819 [Worker-56: Launching Project_Firesolution_TestNG.xml] INFO  o.a.m.s.f.DefaultMavenResourcesFiltering - skip non existing resourceDirectory E:\Qk_practice_Project\FireSolution_Project\Project_Firesolution\src\main\resources
2024-11-22 13:54:39,823 [Worker-56: Launching Project_Firesolution_TestNG.xml] INFO  o.a.m.s.f.DefaultMavenResourcesFiltering - skip non existing resourceDirectory E:\Qk_practice_Project\FireSolution_Project\Project_Firesolution\src\test\resources
2024-11-22 13:57:54,905 [Worker-54: Building] INFO  o.e.m.c.i.l.LifecycleMappingFactory - Using org.eclipse.m2e.jdt.JarLifecycleMapping lifecycle mapping for MavenProject: Project_Firesolution:Project_Firesolution:0.0.1-SNAPSHOT @ E:\Qk_practice_Project\FireSolution_Project\Project_Firesolution\pom.xml.
2024-11-22 13:57:55,800 [Worker-54: Building] INFO  o.a.m.s.f.DefaultMavenResourcesFiltering - skip non existing resourceDirectory E:\Qk_practice_Project\FireSolution_Project\Project_Firesolution\src\main\resources
2024-11-22 13:57:55,804 [Worker-54: Building] INFO  o.a.m.s.f.DefaultMavenResourcesFiltering - skip non existing resourceDirectory E:\Qk_practice_Project\FireSolution_Project\Project_Firesolution\src\test\resources
2024-11-22 13:58:33,917 [Worker-58: Building] INFO  o.e.m.c.i.l.LifecycleMappingFactory - Using org.eclipse.m2e.jdt.JarLifecycleMapping lifecycle mapping for MavenProject: Project_Firesolution:Project_Firesolution:0.0.1-SNAPSHOT @ E:\Qk_practice_Project\FireSolution_Project\Project_Firesolution\pom.xml.
2024-11-22 13:58:34,647 [Worker-58: Building] INFO  o.a.m.s.f.DefaultMavenResourcesFiltering - skip non existing resourceDirectory E:\Qk_practice_Project\FireSolution_Project\Project_Firesolution\src\main\resources
2024-11-22 13:58:34,651 [Worker-58: Building] INFO  o.a.m.s.f.DefaultMavenResourcesFiltering - skip non existing resourceDirectory E:\Qk_practice_Project\FireSolution_Project\Project_Firesolution\src\test\resources
2024-11-22 13:59:42,009 [Worker-63: Building] INFO  o.a.m.s.f.DefaultMavenResourcesFiltering - skip non existing resourceDirectory E:\Qk_practice_Project\FireSolution_Project\Project_Firesolution\src\main\resources
2024-11-22 13:59:42,012 [Worker-63: Building] INFO  o.a.m.s.f.DefaultMavenResourcesFiltering - skip non existing resourceDirectory E:\Qk_practice_Project\FireSolution_Project\Project_Firesolution\src\test\resources
2024-11-22 14:01:07,039 [Worker-60: Building] INFO  o.a.m.s.f.DefaultMavenResourcesFiltering - skip non existing resourceDirectory E:\Qk_practice_Project\FireSolution_Project\Project_Firesolution\src\main\resources
2024-11-22 14:01:07,043 [Worker-60: Building] INFO  o.a.m.s.f.DefaultMavenResourcesFiltering - skip non existing resourceDirectory E:\Qk_practice_Project\FireSolution_Project\Project_Firesolution\src\test\resources
2024-11-22 14:01:19,019 [Worker-60: Building] INFO  o.a.m.s.f.DefaultMavenResourcesFiltering - skip non existing resourceDirectory E:\Qk_practice_Project\FireSolution_Project\Project_Firesolution\src\main\resources
2024-11-22 14:01:19,021 [Worker-60: Building] INFO  o.a.m.s.f.DefaultMavenResourcesFiltering - skip non existing resourceDirectory E:\Qk_practice_Project\FireSolution_Project\Project_Firesolution\src\test\resources
2024-11-22 15:39:59,410 [Worker-73: Building] INFO  o.e.m.c.i.l.LifecycleMappingFactory - Using org.eclipse.m2e.jdt.JarLifecycleMapping lifecycle mapping for MavenProject: Project_Firesolution:Project_Firesolution:0.0.1-SNAPSHOT @ E:\Qk_practice_Project\FireSolution_Project\Project_Firesolution\pom.xml.
2024-11-22 15:40:02,450 [Worker-73: Building] INFO  o.a.m.s.f.DefaultMavenResourcesFiltering - skip non existing resourceDirectory E:\Qk_practice_Project\FireSolution_Project\Project_Firesolution\src\main\resources
2024-11-22 15:40:02,459 [Worker-73: Building] INFO  o.a.m.s.f.DefaultMavenResourcesFiltering - skip non existing resourceDirectory E:\Qk_practice_Project\FireSolution_Project\Project_Firesolution\src\test\resources
2024-11-22 15:40:04,486 [Worker-74: Updating Maven Project] INFO  o.e.m.c.i.p.ProjectConfigurationManager - Update started
2024-11-22 15:40:04,632 [Worker-74: Updating Maven Project] INFO  o.e.m.c.i.l.LifecycleMappingFactory - Using org.eclipse.m2e.jdt.JarLifecycleMapping lifecycle mapping for MavenProject: Project_Firesolution:Project_Firesolution:0.0.1-SNAPSHOT @ E:\Qk_practice_Project\FireSolution_Project\Project_Firesolution\pom.xml.
2024-11-22 15:40:05,725 [Worker-74: Updating Maven Project] INFO  o.e.m.j.i.AbstractJavaProjectConfigurator - Adding source folder /Project_Firesolution/src/main/java
2024-11-22 15:40:05,727 [Worker-74: Updating Maven Project] INFO  o.e.m.j.i.AbstractJavaProjectConfigurator - Adding resource folder /Project_Firesolution/src/main/resources
2024-11-22 15:40:05,730 [Worker-74: Updating Maven Project] INFO  o.e.m.j.i.AbstractJavaProjectConfigurator - Adding source folder /Project_Firesolution/src/test/java
2024-11-22 15:40:05,731 [Worker-74: Updating Maven Project] INFO  o.e.m.j.i.AbstractJavaProjectConfigurator - Adding resource folder /Project_Firesolution/src/test/resources
2024-11-22 15:40:08,866 [Worker-74: Updating Maven Project] INFO  o.e.m.c.i.p.ProjectConfigurationManager - Update completed for 1 poms: local refresh takes 0.00 sec, refresh facades takes 1.00 sec, update config takes 2.00 sec 
2024-11-22 15:40:09,641 [Worker-78: Building] INFO  o.a.m.s.f.DefaultMavenResourcesFiltering - skip non existing resourceDirectory E:\Qk_practice_Project\FireSolution_Project\Project_Firesolution\src\main\resources
2024-11-22 15:40:09,646 [Worker-78: Building] INFO  o.a.m.s.f.DefaultMavenResourcesFiltering - skip non existing resourceDirectory E:\Qk_practice_Project\FireSolution_Project\Project_Firesolution\src\test\resources
2024-11-22 15:43:29,410 [Worker-79: Building] INFO  o.e.m.c.i.l.LifecycleMappingFactory - Using org.eclipse.m2e.jdt.JarLifecycleMapping lifecycle mapping for MavenProject: Project_Firesolution:Project_Firesolution:0.0.1-SNAPSHOT @ E:\Qk_practice_Project\FireSolution_Project\Project_Firesolution\pom.xml.
2024-11-22 15:43:30,437 [Worker-79: Building] INFO  o.a.m.s.f.DefaultMavenResourcesFiltering - skip non existing resourceDirectory E:\Qk_practice_Project\FireSolution_Project\Project_Firesolution\src\main\resources
2024-11-22 15:43:30,441 [Worker-79: Building] INFO  o.a.m.s.f.DefaultMavenResourcesFiltering - skip non existing resourceDirectory E:\Qk_practice_Project\FireSolution_Project\Project_Firesolution\src\test\resources
2024-11-22 15:43:30,499 [Worker-73: Updating Maven Project] INFO  o.e.m.c.i.p.ProjectConfigurationManager - Update started
2024-11-22 15:43:30,625 [Worker-73: Updating Maven Project] INFO  o.e.m.c.i.l.LifecycleMappingFactory - Using org.eclipse.m2e.jdt.JarLifecycleMapping lifecycle mapping for MavenProject: Project_Firesolution:Project_Firesolution:0.0.1-SNAPSHOT @ E:\Qk_practice_Project\FireSolution_Project\Project_Firesolution\pom.xml.
2024-11-22 15:43:31,365 [Worker-73: Updating Maven Project] INFO  o.e.m.j.i.AbstractJavaProjectConfigurator - Adding source folder /Project_Firesolution/src/main/java
2024-11-22 15:43:31,366 [Worker-73: Updating Maven Project] INFO  o.e.m.j.i.AbstractJavaProjectConfigurator - Adding resource folder /Project_Firesolution/src/main/resources
2024-11-22 15:43:31,366 [Worker-73: Updating Maven Project] INFO  o.e.m.j.i.AbstractJavaProjectConfigurator - Adding source folder /Project_Firesolution/src/test/java
2024-11-22 15:43:31,367 [Worker-73: Updating Maven Project] INFO  o.e.m.j.i.AbstractJavaProjectConfigurator - Adding resource folder /Project_Firesolution/src/test/resources
2024-11-22 15:43:31,767 [Worker-73: Updating Maven Project] INFO  o.e.m.c.i.p.ProjectConfigurationManager - Update completed for 1 poms: local refresh takes 0.00 sec, refresh facades takes 0.00 sec, update config takes 0.00 sec 
2024-11-22 15:43:32,349 [Worker-84: Building] INFO  o.a.m.s.f.DefaultMavenResourcesFiltering - skip non existing resourceDirectory E:\Qk_practice_Project\FireSolution_Project\Project_Firesolution\src\main\resources
2024-11-22 15:43:32,353 [Worker-84: Building] INFO  o.a.m.s.f.DefaultMavenResourcesFiltering - skip non existing resourceDirectory E:\Qk_practice_Project\FireSolution_Project\Project_Firesolution\src\test\resources
2024-11-22 15:44:14,523 [Worker-79: Building] INFO  o.e.m.c.i.l.LifecycleMappingFactory - Using org.eclipse.m2e.jdt.JarLifecycleMapping lifecycle mapping for MavenProject: Project_Firesolution:Project_Firesolution:0.0.1-SNAPSHOT @ E:\Qk_practice_Project\FireSolution_Project\Project_Firesolution\pom.xml.
2024-11-22 15:44:15,454 [Worker-79: Building] INFO  o.a.m.s.f.DefaultMavenResourcesFiltering - skip non existing resourceDirectory E:\Qk_practice_Project\FireSolution_Project\Project_Firesolution\src\main\resources
2024-11-22 15:44:15,460 [Worker-79: Building] INFO  o.a.m.s.f.DefaultMavenResourcesFiltering - skip non existing resourceDirectory E:\Qk_practice_Project\FireSolution_Project\Project_Firesolution\src\test\resources
2024-11-22 15:44:44,724 [Worker-83: Building] INFO  o.e.m.c.i.l.LifecycleMappingFactory - Using org.eclipse.m2e.jdt.JarLifecycleMapping lifecycle mapping for MavenProject: Project_Firesolution:Project_Firesolution:0.0.1-SNAPSHOT @ E:\Qk_practice_Project\FireSolution_Project\Project_Firesolution\pom.xml.
2024-11-22 15:44:45,557 [Worker-83: Building] INFO  o.a.m.s.f.DefaultMavenResourcesFiltering - skip non existing resourceDirectory E:\Qk_practice_Project\FireSolution_Project\Project_Firesolution\src\main\resources
2024-11-22 15:44:45,562 [Worker-83: Building] INFO  o.a.m.s.f.DefaultMavenResourcesFiltering - skip non existing resourceDirectory E:\Qk_practice_Project\FireSolution_Project\Project_Firesolution\src\test\resources
2024-11-22 15:46:03,710 [Worker-81: Building] INFO  o.e.m.c.i.l.LifecycleMappingFactory - Using org.eclipse.m2e.jdt.JarLifecycleMapping lifecycle mapping for MavenProject: Project_Firesolution:Project_Firesolution:0.0.1-SNAPSHOT @ E:\Qk_practice_Project\FireSolution_Project\Project_Firesolution\pom.xml.
2024-11-22 15:46:04,530 [Worker-81: Building] INFO  o.a.m.s.f.DefaultMavenResourcesFiltering - skip non existing resourceDirectory E:\Qk_practice_Project\FireSolution_Project\Project_Firesolution\src\main\resources
2024-11-22 15:46:04,533 [Worker-81: Building] INFO  o.a.m.s.f.DefaultMavenResourcesFiltering - skip non existing resourceDirectory E:\Qk_practice_Project\FireSolution_Project\Project_Firesolution\src\test\resources
2024-11-22 15:46:57,165 [Worker-79: Building] INFO  o.a.m.s.f.DefaultMavenResourcesFiltering - skip non existing resourceDirectory E:\Qk_practice_Project\FireSolution_Project\Project_Firesolution\src\main\resources
2024-11-22 15:46:57,168 [Worker-79: Building] INFO  o.a.m.s.f.DefaultMavenResourcesFiltering - skip non existing resourceDirectory E:\Qk_practice_Project\FireSolution_Project\Project_Firesolution\src\test\resources
2024-11-22 15:48:22,993 [Worker-84: Building] INFO  o.a.m.s.f.DefaultMavenResourcesFiltering - skip non existing resourceDirectory E:\Qk_practice_Project\FireSolution_Project\Project_Firesolution\src\main\resources
2024-11-22 15:48:22,996 [Worker-84: Building] INFO  o.a.m.s.f.DefaultMavenResourcesFiltering - skip non existing resourceDirectory E:\Qk_practice_Project\FireSolution_Project\Project_Firesolution\src\test\resources
2024-11-22 15:51:42,294 [Worker-76: Building] INFO  o.a.m.s.f.DefaultMavenResourcesFiltering - skip non existing resourceDirectory E:\Qk_practice_Project\FireSolution_Project\Project_Firesolution\src\main\resources
2024-11-22 15:51:42,298 [Worker-76: Building] INFO  o.a.m.s.f.DefaultMavenResourcesFiltering - skip non existing resourceDirectory E:\Qk_practice_Project\FireSolution_Project\Project_Firesolution\src\test\resources
2024-11-22 15:52:45,559 [Worker-88: Building] INFO  o.a.m.s.f.DefaultMavenResourcesFiltering - skip non existing resourceDirectory E:\Qk_practice_Project\FireSolution_Project\Project_Firesolution\src\main\resources
2024-11-22 15:52:45,562 [Worker-88: Building] INFO  o.a.m.s.f.DefaultMavenResourcesFiltering - skip non existing resourceDirectory E:\Qk_practice_Project\FireSolution_Project\Project_Firesolution\src\test\resources
2024-11-22 15:53:10,421 [Worker-73: Building] INFO  o.a.m.s.f.DefaultMavenResourcesFiltering - skip non existing resourceDirectory E:\Qk_practice_Project\FireSolution_Project\Project_Firesolution\src\main\resources
2024-11-22 15:53:10,426 [Worker-73: Building] INFO  o.a.m.s.f.DefaultMavenResourcesFiltering - skip non existing resourceDirectory E:\Qk_practice_Project\FireSolution_Project\Project_Firesolution\src\test\resources
2024-11-22 15:54:42,158 [Worker-73: Building] INFO  o.a.m.s.f.DefaultMavenResourcesFiltering - skip non existing resourceDirectory E:\Qk_practice_Project\FireSolution_Project\Project_Firesolution\src\main\resources
2024-11-22 15:54:42,161 [Worker-73: Building] INFO  o.a.m.s.f.DefaultMavenResourcesFiltering - skip non existing resourceDirectory E:\Qk_practice_Project\FireSolution_Project\Project_Firesolution\src\test\resources
2024-11-25 13:52:56,441 [Worker-0: Loading available Gradle versions] INFO  o.e.b.c.i.u.g.PublishedGradleVersions - Gradle version information cache is out-of-date. Trying to update.
2024-11-25 14:04:29,535 [Worker-23: Building] INFO  o.a.m.s.f.DefaultMavenResourcesFiltering - skip non existing resourceDirectory E:\Qk_practice_Project\FireSolution_Project\Project_Firesolution\src\main\resources
2024-11-25 14:04:29,687 [Worker-23: Building] INFO  o.a.m.s.f.DefaultMavenResourcesFiltering - skip non existing resourceDirectory E:\Qk_practice_Project\FireSolution_Project\Project_Firesolution\src\test\resources
2024-11-25 15:39:31,133 [Worker-42: Building] INFO  o.a.m.s.f.DefaultMavenResourcesFiltering - skip non existing resourceDirectory E:\Qk_practice_Project\FireSolution_Project\Project_Firesolution\src\main\resources
2024-11-25 15:39:31,146 [Worker-42: Building] INFO  o.a.m.s.f.DefaultMavenResourcesFiltering - skip non existing resourceDirectory E:\Qk_practice_Project\FireSolution_Project\Project_Firesolution\src\test\resources
2024-11-25 15:39:55,981 [Worker-32: Building] INFO  o.a.m.s.f.DefaultMavenResourcesFiltering - skip non existing resourceDirectory E:\Qk_practice_Project\FireSolution_Project\Project_Firesolution\src\main\resources
2024-11-25 15:39:55,986 [Worker-32: Building] INFO  o.a.m.s.f.DefaultMavenResourcesFiltering - skip non existing resourceDirectory E:\Qk_practice_Project\FireSolution_Project\Project_Firesolution\src\test\resources
2024-11-25 15:40:13,725 [Worker-43: Building] INFO  o.a.m.s.f.DefaultMavenResourcesFiltering - skip non existing resourceDirectory E:\Qk_practice_Project\FireSolution_Project\Project_Firesolution\src\main\resources
2024-11-25 15:40:13,732 [Worker-43: Building] INFO  o.a.m.s.f.DefaultMavenResourcesFiltering - skip non existing resourceDirectory E:\Qk_practice_Project\FireSolution_Project\Project_Firesolution\src\test\resources
2024-11-25 15:40:32,741 [Worker-43: Building] INFO  o.a.m.s.f.DefaultMavenResourcesFiltering - skip non existing resourceDirectory E:\Qk_practice_Project\FireSolution_Project\Project_Firesolution\src\main\resources
2024-11-25 15:40:32,751 [Worker-43: Building] INFO  o.a.m.s.f.DefaultMavenResourcesFiltering - skip non existing resourceDirectory E:\Qk_practice_Project\FireSolution_Project\Project_Firesolution\src\test\resources
2024-11-25 16:00:39,550 [Worker-54: Building] INFO  o.a.m.s.f.DefaultMavenResourcesFiltering - skip non existing resourceDirectory E:\Qk_practice_Project\FireSolution_Project\Project_Firesolution\src\main\resources
2024-11-25 16:00:39,556 [Worker-54: Building] INFO  o.a.m.s.f.DefaultMavenResourcesFiltering - skip non existing resourceDirectory E:\Qk_practice_Project\FireSolution_Project\Project_Firesolution\src\test\resources
2024-11-25 16:01:52,999 [Worker-55: Building] INFO  o.a.m.s.f.DefaultMavenResourcesFiltering - skip non existing resourceDirectory E:\Qk_practice_Project\FireSolution_Project\Project_Firesolution\src\main\resources
2024-11-25 16:01:53,002 [Worker-55: Building] INFO  o.a.m.s.f.DefaultMavenResourcesFiltering - skip non existing resourceDirectory E:\Qk_practice_Project\FireSolution_Project\Project_Firesolution\src\test\resources
2024-11-25 16:03:48,024 [Worker-54: Building] INFO  o.a.m.s.f.DefaultMavenResourcesFiltering - skip non existing resourceDirectory E:\Qk_practice_Project\FireSolution_Project\Project_Firesolution\src\main\resources
2024-11-25 16:03:48,028 [Worker-54: Building] INFO  o.a.m.s.f.DefaultMavenResourcesFiltering - skip non existing resourceDirectory E:\Qk_practice_Project\FireSolution_Project\Project_Firesolution\src\test\resources
2024-11-25 16:09:42,179 [Worker-64: Building] INFO  o.a.m.s.f.DefaultMavenResourcesFiltering - skip non existing resourceDirectory E:\Qk_practice_Project\FireSolution_Project\Project_Firesolution\src\main\resources
2024-11-25 16:09:42,184 [Worker-64: Building] INFO  o.a.m.s.f.DefaultMavenResourcesFiltering - skip non existing resourceDirectory E:\Qk_practice_Project\FireSolution_Project\Project_Firesolution\src\test\resources
2024-11-25 16:18:45,474 [Worker-67: Building] INFO  o.a.m.s.f.DefaultMavenResourcesFiltering - skip non existing resourceDirectory E:\Qk_practice_Project\FireSolution_Project\Project_Firesolution\src\main\resources
2024-11-25 16:18:45,481 [Worker-67: Building] INFO  o.a.m.s.f.DefaultMavenResourcesFiltering - skip non existing resourceDirectory E:\Qk_practice_Project\FireSolution_Project\Project_Firesolution\src\test\resources
2024-11-25 16:20:49,261 [Worker-67: Building] INFO  o.a.m.s.f.DefaultMavenResourcesFiltering - skip non existing resourceDirectory E:\Qk_practice_Project\FireSolution_Project\Project_Firesolution\src\main\resources
2024-11-25 16:20:49,265 [Worker-67: Building] INFO  o.a.m.s.f.DefaultMavenResourcesFiltering - skip non existing resourceDirectory E:\Qk_practice_Project\FireSolution_Project\Project_Firesolution\src\test\resources
2024-11-25 16:20:54,525 [Worker-67: Launching TC_SignPage_001] INFO  o.a.m.s.f.DefaultMavenResourcesFiltering - skip non existing resourceDirectory E:\Qk_practice_Project\FireSolution_Project\Project_Firesolution\src\main\resources
2024-11-25 16:20:54,529 [Worker-67: Launching TC_SignPage_001] INFO  o.a.m.s.f.DefaultMavenResourcesFiltering - skip non existing resourceDirectory E:\Qk_practice_Project\FireSolution_Project\Project_Firesolution\src\test\resources
2024-11-25 16:22:47,055 [Worker-67: Launching TC_SignPage_001] INFO  o.a.m.s.f.DefaultMavenResourcesFiltering - skip non existing resourceDirectory E:\Qk_practice_Project\FireSolution_Project\Project_Firesolution\src\main\resources
2024-11-25 16:22:47,059 [Worker-67: Launching TC_SignPage_001] INFO  o.a.m.s.f.DefaultMavenResourcesFiltering - skip non existing resourceDirectory E:\Qk_practice_Project\FireSolution_Project\Project_Firesolution\src\test\resources
2024-11-25 16:23:10,109 [Worker-70: Building] INFO  o.a.m.s.f.DefaultMavenResourcesFiltering - skip non existing resourceDirectory E:\Qk_practice_Project\FireSolution_Project\Project_Firesolution\src\main\resources
2024-11-25 16:23:10,112 [Worker-70: Building] INFO  o.a.m.s.f.DefaultMavenResourcesFiltering - skip non existing resourceDirectory E:\Qk_practice_Project\FireSolution_Project\Project_Firesolution\src\test\resources
2024-11-25 16:25:09,283 [Worker-66: Building] INFO  o.a.m.s.f.DefaultMavenResourcesFiltering - skip non existing resourceDirectory E:\Qk_practice_Project\FireSolution_Project\Project_Firesolution\src\main\resources
2024-11-25 16:25:09,285 [Worker-66: Building] INFO  o.a.m.s.f.DefaultMavenResourcesFiltering - skip non existing resourceDirectory E:\Qk_practice_Project\FireSolution_Project\Project_Firesolution\src\test\resources
2024-11-25 16:39:24,844 [Worker-80: Building] INFO  o.a.m.s.f.DefaultMavenResourcesFiltering - skip non existing resourceDirectory E:\Qk_practice_Project\FireSolution_Project\Project_Firesolution\src\main\resources
2024-11-25 16:39:24,847 [Worker-80: Building] INFO  o.a.m.s.f.DefaultMavenResourcesFiltering - skip non existing resourceDirectory E:\Qk_practice_Project\FireSolution_Project\Project_Firesolution\src\test\resources
2024-11-25 16:39:52,444 [Worker-80: Building] INFO  o.a.m.s.f.DefaultMavenResourcesFiltering - skip non existing resourceDirectory E:\Qk_practice_Project\FireSolution_Project\Project_Firesolution\src\main\resources
2024-11-25 16:39:52,451 [Worker-80: Building] INFO  o.a.m.s.f.DefaultMavenResourcesFiltering - skip non existing resourceDirectory E:\Qk_practice_Project\FireSolution_Project\Project_Firesolution\src\test\resources
2024-11-25 16:41:33,256 [Worker-83: Building] INFO  o.a.m.s.f.DefaultMavenResourcesFiltering - skip non existing resourceDirectory E:\Qk_practice_Project\FireSolution_Project\Project_Firesolution\src\main\resources
2024-11-25 16:41:33,260 [Worker-83: Building] INFO  o.a.m.s.f.DefaultMavenResourcesFiltering - skip non existing resourceDirectory E:\Qk_practice_Project\FireSolution_Project\Project_Firesolution\src\test\resources
2024-11-25 16:48:02,899 [Worker-87: Building] INFO  o.a.m.s.f.DefaultMavenResourcesFiltering - skip non existing resourceDirectory E:\Qk_practice_Project\FireSolution_Project\Project_Firesolution\src\main\resources
2024-11-25 16:48:02,903 [Worker-87: Building] INFO  o.a.m.s.f.DefaultMavenResourcesFiltering - skip non existing resourceDirectory E:\Qk_practice_Project\FireSolution_Project\Project_Firesolution\src\test\resources
2024-11-25 16:50:01,933 [Worker-87: Building] INFO  o.a.m.s.f.DefaultMavenResourcesFiltering - skip non existing resourceDirectory E:\Qk_practice_Project\FireSolution_Project\Project_Firesolution\src\main\resources
2024-11-25 16:50:01,936 [Worker-87: Building] INFO  o.a.m.s.f.DefaultMavenResourcesFiltering - skip non existing resourceDirectory E:\Qk_practice_Project\FireSolution_Project\Project_Firesolution\src\test\resources
2024-11-25 16:53:04,374 [Worker-86: Launching Project_Firesolution_TestNG.xml] INFO  o.a.m.s.f.DefaultMavenResourcesFiltering - skip non existing resourceDirectory E:\Qk_practice_Project\FireSolution_Project\Project_Firesolution\src\main\resources
2024-11-25 16:53:04,378 [Worker-86: Launching Project_Firesolution_TestNG.xml] INFO  o.a.m.s.f.DefaultMavenResourcesFiltering - skip non existing resourceDirectory E:\Qk_practice_Project\FireSolution_Project\Project_Firesolution\src\test\resources
2024-11-25 16:58:14,029 [Worker-93: Building] INFO  o.a.m.s.f.DefaultMavenResourcesFiltering - skip non existing resourceDirectory E:\Qk_practice_Project\FireSolution_Project\Project_Firesolution\src\main\resources
2024-11-25 16:58:14,032 [Worker-93: Building] INFO  o.a.m.s.f.DefaultMavenResourcesFiltering - skip non existing resourceDirectory E:\Qk_practice_Project\FireSolution_Project\Project_Firesolution\src\test\resources
2024-11-25 16:58:55,446 [Worker-90: Building] INFO  o.a.m.s.f.DefaultMavenResourcesFiltering - skip non existing resourceDirectory E:\Qk_practice_Project\FireSolution_Project\Project_Firesolution\src\main\resources
2024-11-25 16:58:55,448 [Worker-90: Building] INFO  o.a.m.s.f.DefaultMavenResourcesFiltering - skip non existing resourceDirectory E:\Qk_practice_Project\FireSolution_Project\Project_Firesolution\src\test\resources
2024-11-25 17:58:03,859 [Worker-103: Building] INFO  o.a.m.s.f.DefaultMavenResourcesFiltering - skip non existing resourceDirectory E:\Qk_practice_Project\FireSolution_Project\Project_Firesolution\src\main\resources
2024-11-25 17:58:03,866 [Worker-103: Building] INFO  o.a.m.s.f.DefaultMavenResourcesFiltering - skip non existing resourceDirectory E:\Qk_practice_Project\FireSolution_Project\Project_Firesolution\src\test\resources
2024-11-25 18:01:04,317 [Worker-98: Launching Project_Firesolution_TestNG.xml] INFO  o.a.m.s.f.DefaultMavenResourcesFiltering - skip non existing resourceDirectory E:\Qk_practice_Project\FireSolution_Project\Project_Firesolution\src\main\resources
2024-11-25 18:01:04,323 [Worker-98: Launching Project_Firesolution_TestNG.xml] INFO  o.a.m.s.f.DefaultMavenResourcesFiltering - skip non existing resourceDirectory E:\Qk_practice_Project\FireSolution_Project\Project_Firesolution\src\test\resources
2024-11-25 18:05:41,198 [Worker-108: Building] INFO  o.a.m.s.f.DefaultMavenResourcesFiltering - skip non existing resourceDirectory E:\Qk_practice_Project\FireSolution_Project\Project_Firesolution\src\main\resources
2024-11-25 18:05:41,207 [Worker-108: Building] INFO  o.a.m.s.f.DefaultMavenResourcesFiltering - skip non existing resourceDirectory E:\Qk_practice_Project\FireSolution_Project\Project_Firesolution\src\test\resources
2024-11-25 18:11:11,906 [Worker-113: Building] INFO  o.a.m.s.f.DefaultMavenResourcesFiltering - skip non existing resourceDirectory E:\Qk_practice_Project\FireSolution_Project\Project_Firesolution\src\main\resources
2024-11-25 18:11:11,912 [Worker-113: Building] INFO  o.a.m.s.f.DefaultMavenResourcesFiltering - skip non existing resourceDirectory E:\Qk_practice_Project\FireSolution_Project\Project_Firesolution\src\test\resources
2024-11-25 18:16:17,251 [Worker-116: Building] INFO  o.a.m.s.f.DefaultMavenResourcesFiltering - skip non existing resourceDirectory E:\Qk_practice_Project\FireSolution_Project\Project_Firesolution\src\main\resources
2024-11-25 18:16:17,277 [Worker-116: Building] INFO  o.a.m.s.f.DefaultMavenResourcesFiltering - skip non existing resourceDirectory E:\Qk_practice_Project\FireSolution_Project\Project_Firesolution\src\test\resources
2024-11-25 18:18:40,072 [Worker-116: Building] INFO  o.a.m.s.f.DefaultMavenResourcesFiltering - skip non existing resourceDirectory E:\Qk_practice_Project\FireSolution_Project\Project_Firesolution\src\main\resources
2024-11-25 18:18:40,078 [Worker-116: Building] INFO  o.a.m.s.f.DefaultMavenResourcesFiltering - skip non existing resourceDirectory E:\Qk_practice_Project\FireSolution_Project\Project_Firesolution\src\test\resources
2024-11-25 18:47:22,915 [Worker-125: Building] INFO  o.a.m.s.f.DefaultMavenResourcesFiltering - skip non existing resourceDirectory E:\Qk_practice_Project\FireSolution_Project\Project_Firesolution\src\main\resources
2024-11-25 18:47:22,932 [Worker-125: Building] INFO  o.a.m.s.f.DefaultMavenResourcesFiltering - skip non existing resourceDirectory E:\Qk_practice_Project\FireSolution_Project\Project_Firesolution\src\test\resources
2024-11-26 11:26:22,560 [Worker-2: Loading available Gradle versions] INFO  o.e.b.c.i.u.g.PublishedGradleVersions - Gradle version information cache is up-to-date. Trying to read.
2024-11-26 12:39:21,200 [Worker-38: Building] INFO  o.a.m.s.f.DefaultMavenResourcesFiltering - skip non existing resourceDirectory E:\Qk_practice_Project\FireSolution_Project\Project_Firesolution\src\main\resources
2024-11-26 12:39:21,308 [Worker-38: Building] INFO  o.a.m.s.f.DefaultMavenResourcesFiltering - skip non existing resourceDirectory E:\Qk_practice_Project\FireSolution_Project\Project_Firesolution\src\test\resources
2024-11-26 13:17:27,098 [Worker-42: Launching Project_Firesolution_TestNG.xml] INFO  o.a.m.s.f.DefaultMavenResourcesFiltering - skip non existing resourceDirectory E:\Qk_practice_Project\FireSolution_Project\Project_Firesolution\src\main\resources
2024-11-26 13:17:27,127 [Worker-42: Launching Project_Firesolution_TestNG.xml] INFO  o.a.m.s.f.DefaultMavenResourcesFiltering - skip non existing resourceDirectory E:\Qk_practice_Project\FireSolution_Project\Project_Firesolution\src\test\resources
2024-11-26 13:28:23,886 [Worker-51: Building] INFO  o.a.m.s.f.DefaultMavenResourcesFiltering - skip non existing resourceDirectory E:\Qk_practice_Project\FireSolution_Project\Project_Firesolution\src\main\resources
2024-11-26 13:28:23,894 [Worker-51: Building] INFO  o.a.m.s.f.DefaultMavenResourcesFiltering - skip non existing resourceDirectory E:\Qk_practice_Project\FireSolution_Project\Project_Firesolution\src\test\resources
2024-11-26 13:29:33,806 [Worker-45: Building] INFO  o.a.m.s.f.DefaultMavenResourcesFiltering - skip non existing resourceDirectory E:\Qk_practice_Project\FireSolution_Project\Project_Firesolution\src\main\resources
2024-11-26 13:29:33,813 [Worker-45: Building] INFO  o.a.m.s.f.DefaultMavenResourcesFiltering - skip non existing resourceDirectory E:\Qk_practice_Project\FireSolution_Project\Project_Firesolution\src\test\resources
2024-11-26 13:34:28,220 [Worker-54: Building] INFO  o.a.m.s.f.DefaultMavenResourcesFiltering - skip non existing resourceDirectory E:\Qk_practice_Project\FireSolution_Project\Project_Firesolution\src\main\resources
2024-11-26 13:34:28,227 [Worker-54: Building] INFO  o.a.m.s.f.DefaultMavenResourcesFiltering - skip non existing resourceDirectory E:\Qk_practice_Project\FireSolution_Project\Project_Firesolution\src\test\resources
2024-11-26 13:34:32,075 [Worker-56: Launching Project_Firesolution_TestNG.xml] INFO  o.a.m.s.f.DefaultMavenResourcesFiltering - skip non existing resourceDirectory E:\Qk_practice_Project\FireSolution_Project\Project_Firesolution\src\main\resources
2024-11-26 13:34:32,081 [Worker-56: Launching Project_Firesolution_TestNG.xml] INFO  o.a.m.s.f.DefaultMavenResourcesFiltering - skip non existing resourceDirectory E:\Qk_practice_Project\FireSolution_Project\Project_Firesolution\src\test\resources
2024-11-26 13:45:16,551 [Worker-61: Building] INFO  o.a.m.s.f.DefaultMavenResourcesFiltering - skip non existing resourceDirectory E:\Qk_practice_Project\FireSolution_Project\Project_Firesolution\src\main\resources
2024-11-26 13:45:16,557 [Worker-61: Building] INFO  o.a.m.s.f.DefaultMavenResourcesFiltering - skip non existing resourceDirectory E:\Qk_practice_Project\FireSolution_Project\Project_Firesolution\src\test\resources
2024-11-26 13:51:05,856 [Worker-62: Building] INFO  o.a.m.s.f.DefaultMavenResourcesFiltering - skip non existing resourceDirectory E:\Qk_practice_Project\FireSolution_Project\Project_Firesolution\src\main\resources
2024-11-26 13:51:05,865 [Worker-62: Building] INFO  o.a.m.s.f.DefaultMavenResourcesFiltering - skip non existing resourceDirectory E:\Qk_practice_Project\FireSolution_Project\Project_Firesolution\src\test\resources
2024-11-26 13:52:14,008 [Worker-60: Building] INFO  o.a.m.s.f.DefaultMavenResourcesFiltering - skip non existing resourceDirectory E:\Qk_practice_Project\FireSolution_Project\Project_Firesolution\src\main\resources
2024-11-26 13:52:14,014 [Worker-60: Building] INFO  o.a.m.s.f.DefaultMavenResourcesFiltering - skip non existing resourceDirectory E:\Qk_practice_Project\FireSolution_Project\Project_Firesolution\src\test\resources
2024-11-26 13:57:37,176 [Worker-62: Building] INFO  o.a.m.s.f.DefaultMavenResourcesFiltering - skip non existing resourceDirectory E:\Qk_practice_Project\FireSolution_Project\Project_Firesolution\src\main\resources
2024-11-26 13:57:37,182 [Worker-62: Building] INFO  o.a.m.s.f.DefaultMavenResourcesFiltering - skip non existing resourceDirectory E:\Qk_practice_Project\FireSolution_Project\Project_Firesolution\src\test\resources
2024-11-26 15:32:21,921 [Worker-72: Building] INFO  o.a.m.s.f.DefaultMavenResourcesFiltering - skip non existing resourceDirectory E:\Qk_practice_Project\FireSolution_Project\Project_Firesolution\src\main\resources
2024-11-26 15:32:21,926 [Worker-72: Building] INFO  o.a.m.s.f.DefaultMavenResourcesFiltering - skip non existing resourceDirectory E:\Qk_practice_Project\FireSolution_Project\Project_Firesolution\src\test\resources
2024-11-26 15:32:59,434 [Worker-71: Building] INFO  o.a.m.s.f.DefaultMavenResourcesFiltering - skip non existing resourceDirectory E:\Qk_practice_Project\FireSolution_Project\Project_Firesolution\src\main\resources
2024-11-26 15:32:59,438 [Worker-71: Building] INFO  o.a.m.s.f.DefaultMavenResourcesFiltering - skip non existing resourceDirectory E:\Qk_practice_Project\FireSolution_Project\Project_Firesolution\src\test\resources
2024-11-26 15:38:03,130 [Worker-72: Building] INFO  o.a.m.s.f.DefaultMavenResourcesFiltering - skip non existing resourceDirectory E:\Qk_practice_Project\FireSolution_Project\Project_Firesolution\src\main\resources
2024-11-26 15:38:03,134 [Worker-72: Building] INFO  o.a.m.s.f.DefaultMavenResourcesFiltering - skip non existing resourceDirectory E:\Qk_practice_Project\FireSolution_Project\Project_Firesolution\src\test\resources
2024-11-26 15:45:38,521 [Worker-71: Building] INFO  o.a.m.s.f.DefaultMavenResourcesFiltering - skip non existing resourceDirectory E:\Qk_practice_Project\FireSolution_Project\Project_Firesolution\src\main\resources
2024-11-26 15:45:38,526 [Worker-71: Building] INFO  o.a.m.s.f.DefaultMavenResourcesFiltering - skip non existing resourceDirectory E:\Qk_practice_Project\FireSolution_Project\Project_Firesolution\src\test\resources
2024-11-26 15:45:49,395 [Worker-65: Launching Project_Firesolution_TestNG.xml] INFO  o.a.m.s.f.DefaultMavenResourcesFiltering - skip non existing resourceDirectory E:\Qk_practice_Project\FireSolution_Project\Project_Firesolution\src\main\resources
2024-11-26 15:45:49,399 [Worker-65: Launching Project_Firesolution_TestNG.xml] INFO  o.a.m.s.f.DefaultMavenResourcesFiltering - skip non existing resourceDirectory E:\Qk_practice_Project\FireSolution_Project\Project_Firesolution\src\test\resources
2024-11-26 15:53:44,959 [Worker-78: Building] INFO  o.a.m.s.f.DefaultMavenResourcesFiltering - skip non existing resourceDirectory E:\Qk_practice_Project\FireSolution_Project\Project_Firesolution\src\main\resources
2024-11-26 15:53:44,963 [Worker-78: Building] INFO  o.a.m.s.f.DefaultMavenResourcesFiltering - skip non existing resourceDirectory E:\Qk_practice_Project\FireSolution_Project\Project_Firesolution\src\test\resources
2024-11-26 15:55:14,440 [Worker-82: Launching Project_Firesolution_TestNG.xml] INFO  o.a.m.s.f.DefaultMavenResourcesFiltering - skip non existing resourceDirectory E:\Qk_practice_Project\FireSolution_Project\Project_Firesolution\src\main\resources
2024-11-26 15:55:14,443 [Worker-82: Launching Project_Firesolution_TestNG.xml] INFO  o.a.m.s.f.DefaultMavenResourcesFiltering - skip non existing resourceDirectory E:\Qk_practice_Project\FireSolution_Project\Project_Firesolution\src\test\resources
2024-11-26 15:55:48,977 [Worker-78: Building] INFO  o.a.m.s.f.DefaultMavenResourcesFiltering - skip non existing resourceDirectory E:\Qk_practice_Project\FireSolution_Project\Project_Firesolution\src\main\resources
2024-11-26 15:55:48,981 [Worker-78: Building] INFO  o.a.m.s.f.DefaultMavenResourcesFiltering - skip non existing resourceDirectory E:\Qk_practice_Project\FireSolution_Project\Project_Firesolution\src\test\resources
2024-11-26 15:56:30,220 [Worker-78: Building] INFO  o.a.m.s.f.DefaultMavenResourcesFiltering - skip non existing resourceDirectory E:\Qk_practice_Project\FireSolution_Project\Project_Firesolution\src\main\resources
2024-11-26 15:56:30,224 [Worker-78: Building] INFO  o.a.m.s.f.DefaultMavenResourcesFiltering - skip non existing resourceDirectory E:\Qk_practice_Project\FireSolution_Project\Project_Firesolution\src\test\resources
2024-11-26 15:57:18,339 [Worker-76: Building] INFO  o.a.m.s.f.DefaultMavenResourcesFiltering - skip non existing resourceDirectory E:\Qk_practice_Project\FireSolution_Project\Project_Firesolution\src\main\resources
2024-11-26 15:57:18,342 [Worker-76: Building] INFO  o.a.m.s.f.DefaultMavenResourcesFiltering - skip non existing resourceDirectory E:\Qk_practice_Project\FireSolution_Project\Project_Firesolution\src\test\resources
2024-11-26 16:12:26,631 [Worker-83: Building] INFO  o.a.m.s.f.DefaultMavenResourcesFiltering - skip non existing resourceDirectory E:\Qk_practice_Project\FireSolution_Project\Project_Firesolution\src\main\resources
2024-11-26 16:12:26,640 [Worker-83: Building] INFO  o.a.m.s.f.DefaultMavenResourcesFiltering - skip non existing resourceDirectory E:\Qk_practice_Project\FireSolution_Project\Project_Firesolution\src\test\resources
2024-11-26 16:28:05,385 [Worker-91: Building] INFO  o.a.m.s.f.DefaultMavenResourcesFiltering - skip non existing resourceDirectory E:\Qk_practice_Project\FireSolution_Project\Project_Firesolution\src\main\resources
2024-11-26 16:28:05,396 [Worker-91: Building] INFO  o.a.m.s.f.DefaultMavenResourcesFiltering - skip non existing resourceDirectory E:\Qk_practice_Project\FireSolution_Project\Project_Firesolution\src\test\resources
2024-11-26 16:28:24,705 [Worker-89: Building] INFO  o.a.m.s.f.DefaultMavenResourcesFiltering - skip non existing resourceDirectory E:\Qk_practice_Project\FireSolution_Project\Project_Firesolution\src\main\resources
2024-11-26 16:28:24,711 [Worker-89: Building] INFO  o.a.m.s.f.DefaultMavenResourcesFiltering - skip non existing resourceDirectory E:\Qk_practice_Project\FireSolution_Project\Project_Firesolution\src\test\resources
2024-11-26 16:29:27,414 [Worker-88: Building] INFO  o.a.m.s.f.DefaultMavenResourcesFiltering - skip non existing resourceDirectory E:\Qk_practice_Project\FireSolution_Project\Project_Firesolution\src\main\resources
2024-11-26 16:29:27,424 [Worker-88: Building] INFO  o.a.m.s.f.DefaultMavenResourcesFiltering - skip non existing resourceDirectory E:\Qk_practice_Project\FireSolution_Project\Project_Firesolution\src\test\resources
2024-11-26 16:29:37,152 [Worker-89: Building] INFO  o.a.m.s.f.DefaultMavenResourcesFiltering - skip non existing resourceDirectory E:\Qk_practice_Project\FireSolution_Project\Project_Firesolution\src\main\resources
2024-11-26 16:29:37,158 [Worker-89: Building] INFO  o.a.m.s.f.DefaultMavenResourcesFiltering - skip non existing resourceDirectory E:\Qk_practice_Project\FireSolution_Project\Project_Firesolution\src\test\resources
2024-11-26 16:30:05,792 [Worker-90: Building] INFO  o.a.m.s.f.DefaultMavenResourcesFiltering - skip non existing resourceDirectory E:\Qk_practice_Project\FireSolution_Project\Project_Firesolution\src\main\resources
2024-11-26 16:30:05,799 [Worker-90: Building] INFO  o.a.m.s.f.DefaultMavenResourcesFiltering - skip non existing resourceDirectory E:\Qk_practice_Project\FireSolution_Project\Project_Firesolution\src\test\resources
2024-11-26 16:30:50,266 [Worker-88: Building] INFO  o.a.m.s.f.DefaultMavenResourcesFiltering - skip non existing resourceDirectory E:\Qk_practice_Project\FireSolution_Project\Project_Firesolution\src\main\resources
2024-11-26 16:30:50,274 [Worker-88: Building] INFO  o.a.m.s.f.DefaultMavenResourcesFiltering - skip non existing resourceDirectory E:\Qk_practice_Project\FireSolution_Project\Project_Firesolution\src\test\resources
2024-11-27 11:17:21,702 [Worker-0: Loading available Gradle versions] INFO  o.e.b.c.i.u.g.PublishedGradleVersions - Gradle version information cache is out-of-date. Trying to update.
2024-11-27 12:08:54,676 [Worker-36: Building] INFO  o.a.m.s.f.DefaultMavenResourcesFiltering - skip non existing resourceDirectory E:\Qk_practice_Project\FireSolution_Project\Project_Firesolution\src\main\resources
2024-11-27 12:08:54,689 [Worker-36: Building] INFO  o.a.m.s.f.DefaultMavenResourcesFiltering - skip non existing resourceDirectory E:\Qk_practice_Project\FireSolution_Project\Project_Firesolution\src\test\resources
2024-11-27 12:13:54,038 [Worker-36: Building] INFO  o.a.m.s.f.DefaultMavenResourcesFiltering - skip non existing resourceDirectory E:\Qk_practice_Project\FireSolution_Project\Project_Firesolution\src\main\resources
2024-11-27 12:13:54,046 [Worker-36: Building] INFO  o.a.m.s.f.DefaultMavenResourcesFiltering - skip non existing resourceDirectory E:\Qk_practice_Project\FireSolution_Project\Project_Firesolution\src\test\resources
2024-11-27 12:15:22,729 [Worker-38: Building] INFO  o.a.m.s.f.DefaultMavenResourcesFiltering - skip non existing resourceDirectory E:\Qk_practice_Project\FireSolution_Project\Project_Firesolution\src\main\resources
2024-11-27 12:15:22,735 [Worker-38: Building] INFO  o.a.m.s.f.DefaultMavenResourcesFiltering - skip non existing resourceDirectory E:\Qk_practice_Project\FireSolution_Project\Project_Firesolution\src\test\resources
2024-11-27 12:18:08,387 [Worker-39: Building] INFO  o.a.m.s.f.DefaultMavenResourcesFiltering - skip non existing resourceDirectory E:\Qk_practice_Project\FireSolution_Project\Project_Firesolution\src\main\resources
2024-11-27 12:18:08,391 [Worker-39: Building] INFO  o.a.m.s.f.DefaultMavenResourcesFiltering - skip non existing resourceDirectory E:\Qk_practice_Project\FireSolution_Project\Project_Firesolution\src\test\resources
2024-11-27 12:22:36,750 [Worker-46: Building] INFO  o.a.m.s.f.DefaultMavenResourcesFiltering - skip non existing resourceDirectory E:\Qk_practice_Project\FireSolution_Project\Project_Firesolution\src\main\resources
2024-11-27 12:22:36,756 [Worker-46: Building] INFO  o.a.m.s.f.DefaultMavenResourcesFiltering - skip non existing resourceDirectory E:\Qk_practice_Project\FireSolution_Project\Project_Firesolution\src\test\resources
2024-11-27 12:38:02,580 [Worker-54: Building] INFO  o.a.m.s.f.DefaultMavenResourcesFiltering - skip non existing resourceDirectory E:\Qk_practice_Project\FireSolution_Project\Project_Firesolution\src\main\resources
2024-11-27 12:38:02,585 [Worker-54: Building] INFO  o.a.m.s.f.DefaultMavenResourcesFiltering - skip non existing resourceDirectory E:\Qk_practice_Project\FireSolution_Project\Project_Firesolution\src\test\resources
2024-11-27 13:46:29,245 [Worker-67: Building] INFO  o.a.m.s.f.DefaultMavenResourcesFiltering - skip non existing resourceDirectory E:\Qk_practice_Project\FireSolution_Project\Project_Firesolution\src\main\resources
2024-11-27 13:46:29,276 [Worker-67: Building] INFO  o.a.m.s.f.DefaultMavenResourcesFiltering - skip non existing resourceDirectory E:\Qk_practice_Project\FireSolution_Project\Project_Firesolution\src\test\resources
2024-11-27 13:47:01,384 [Worker-68: Building] INFO  o.a.m.s.f.DefaultMavenResourcesFiltering - skip non existing resourceDirectory E:\Qk_practice_Project\FireSolution_Project\Project_Firesolution\src\main\resources
2024-11-27 13:47:01,387 [Worker-68: Building] INFO  o.a.m.s.f.DefaultMavenResourcesFiltering - skip non existing resourceDirectory E:\Qk_practice_Project\FireSolution_Project\Project_Firesolution\src\test\resources
2024-11-27 13:49:24,598 [Worker-70: Building] INFO  o.a.m.s.f.DefaultMavenResourcesFiltering - skip non existing resourceDirectory E:\Qk_practice_Project\FireSolution_Project\Project_Firesolution\src\main\resources
2024-11-27 13:49:24,602 [Worker-70: Building] INFO  o.a.m.s.f.DefaultMavenResourcesFiltering - skip non existing resourceDirectory E:\Qk_practice_Project\FireSolution_Project\Project_Firesolution\src\test\resources
2024-11-27 13:50:26,243 [Worker-62: Launching Project_Firesolution_TestNG.xml] INFO  o.a.m.s.f.DefaultMavenResourcesFiltering - skip non existing resourceDirectory E:\Qk_practice_Project\FireSolution_Project\Project_Firesolution\src\main\resources
2024-11-27 13:50:26,249 [Worker-62: Launching Project_Firesolution_TestNG.xml] INFO  o.a.m.s.f.DefaultMavenResourcesFiltering - skip non existing resourceDirectory E:\Qk_practice_Project\FireSolution_Project\Project_Firesolution\src\test\resources
2024-11-28 10:57:22,733 [Worker-3: Loading available Gradle versions] INFO  o.e.b.c.i.u.g.PublishedGradleVersions - Gradle version information cache is up-to-date. Trying to read.
2024-11-28 11:15:34,867 [Worker-29: Building] INFO  o.a.m.s.f.DefaultMavenResourcesFiltering - skip non existing resourceDirectory E:\Qk_practice_Project\FireSolution_Project\Project_Firesolution\src\main\resources
2024-11-28 11:15:34,884 [Worker-29: Building] INFO  o.a.m.s.f.DefaultMavenResourcesFiltering - skip non existing resourceDirectory E:\Qk_practice_Project\FireSolution_Project\Project_Firesolution\src\test\resources
2024-11-28 11:16:27,169 [Worker-26: Building] INFO  o.a.m.s.f.DefaultMavenResourcesFiltering - skip non existing resourceDirectory E:\Qk_practice_Project\FireSolution_Project\Project_Firesolution\src\main\resources
2024-11-28 11:16:27,175 [Worker-26: Building] INFO  o.a.m.s.f.DefaultMavenResourcesFiltering - skip non existing resourceDirectory E:\Qk_practice_Project\FireSolution_Project\Project_Firesolution\src\test\resources
2024-11-28 12:12:24,244 [Worker-42: Building] INFO  o.a.m.s.f.DefaultMavenResourcesFiltering - skip non existing resourceDirectory E:\Qk_practice_Project\FireSolution_Project\Project_Firesolution\src\main\resources
2024-11-28 12:12:24,252 [Worker-42: Building] INFO  o.a.m.s.f.DefaultMavenResourcesFiltering - skip non existing resourceDirectory E:\Qk_practice_Project\FireSolution_Project\Project_Firesolution\src\test\resources
2024-11-28 12:36:56,672 [Worker-48: Building] INFO  o.a.m.s.f.DefaultMavenResourcesFiltering - skip non existing resourceDirectory E:\Qk_practice_Project\FireSolution_Project\Project_Firesolution\src\main\resources
2024-11-28 12:36:56,677 [Worker-48: Building] INFO  o.a.m.s.f.DefaultMavenResourcesFiltering - skip non existing resourceDirectory E:\Qk_practice_Project\FireSolution_Project\Project_Firesolution\src\test\resources
2024-11-28 12:38:05,940 [Worker-54: Building] INFO  o.a.m.s.f.DefaultMavenResourcesFiltering - skip non existing resourceDirectory E:\Qk_practice_Project\FireSolution_Project\Project_Firesolution\src\main\resources
2024-11-28 12:38:05,945 [Worker-54: Building] INFO  o.a.m.s.f.DefaultMavenResourcesFiltering - skip non existing resourceDirectory E:\Qk_practice_Project\FireSolution_Project\Project_Firesolution\src\test\resources
2024-11-28 12:52:19,286 [Worker-58: Building] INFO  o.a.m.s.f.DefaultMavenResourcesFiltering - skip non existing resourceDirectory E:\Qk_practice_Project\FireSolution_Project\Project_Firesolution\src\main\resources
2024-11-28 12:52:19,291 [Worker-58: Building] INFO  o.a.m.s.f.DefaultMavenResourcesFiltering - skip non existing resourceDirectory E:\Qk_practice_Project\FireSolution_Project\Project_Firesolution\src\test\resources
2024-11-28 12:58:43,395 [Worker-62: Building] INFO  o.a.m.s.f.DefaultMavenResourcesFiltering - skip non existing resourceDirectory E:\Qk_practice_Project\FireSolution_Project\Project_Firesolution\src\main\resources
2024-11-28 12:58:43,400 [Worker-62: Building] INFO  o.a.m.s.f.DefaultMavenResourcesFiltering - skip non existing resourceDirectory E:\Qk_practice_Project\FireSolution_Project\Project_Firesolution\src\test\resources
2024-11-28 13:04:09,716 [Worker-72: Building] INFO  o.a.m.s.f.DefaultMavenResourcesFiltering - skip non existing resourceDirectory E:\Qk_practice_Project\FireSolution_Project\Project_Firesolution\src\main\resources
2024-11-28 13:04:09,725 [Worker-72: Building] INFO  o.a.m.s.f.DefaultMavenResourcesFiltering - skip non existing resourceDirectory E:\Qk_practice_Project\FireSolution_Project\Project_Firesolution\src\test\resources
2024-11-29 16:13:46,994 [Worker-3: Loading available Gradle versions] INFO  o.e.b.c.i.u.g.PublishedGradleVersions - Gradle version information cache is out-of-date. Trying to update.
2024-11-29 16:32:00,039 [Worker-28: Building] INFO  o.a.m.s.f.DefaultMavenResourcesFiltering - skip non existing resourceDirectory E:\Qk_practice_Project\FireSolution_Project\Project_Firesolution\src\main\resources
2024-11-29 16:32:00,178 [Worker-28: Building] INFO  o.a.m.s.f.DefaultMavenResourcesFiltering - skip non existing resourceDirectory E:\Qk_practice_Project\FireSolution_Project\Project_Firesolution\src\test\resources
2024-11-29 16:33:46,950 [Worker-24: Building] INFO  o.a.m.s.f.DefaultMavenResourcesFiltering - skip non existing resourceDirectory E:\Qk_practice_Project\FireSolution_Project\Project_Firesolution\src\main\resources
2024-11-29 16:33:46,961 [Worker-24: Building] INFO  o.a.m.s.f.DefaultMavenResourcesFiltering - skip non existing resourceDirectory E:\Qk_practice_Project\FireSolution_Project\Project_Firesolution\src\test\resources
2024-11-29 16:35:17,098 [Worker-29: Building] INFO  o.a.m.s.f.DefaultMavenResourcesFiltering - skip non existing resourceDirectory E:\Qk_practice_Project\FireSolution_Project\Project_Firesolution\src\main\resources
2024-11-29 16:35:17,109 [Worker-29: Building] INFO  o.a.m.s.f.DefaultMavenResourcesFiltering - skip non existing resourceDirectory E:\Qk_practice_Project\FireSolution_Project\Project_Firesolution\src\test\resources
2024-11-29 16:36:57,005 [Worker-29: Launching Project_Firesolution_TestNG.xml] INFO  o.a.m.s.f.DefaultMavenResourcesFiltering - skip non existing resourceDirectory E:\Qk_practice_Project\FireSolution_Project\Project_Firesolution\src\main\resources
2024-11-29 16:36:57,012 [Worker-29: Launching Project_Firesolution_TestNG.xml] INFO  o.a.m.s.f.DefaultMavenResourcesFiltering - skip non existing resourceDirectory E:\Qk_practice_Project\FireSolution_Project\Project_Firesolution\src\test\resources
2024-11-29 16:37:57,268 [Worker-35: Launching TC_SignPage_001] INFO  o.a.m.s.f.DefaultMavenResourcesFiltering - skip non existing resourceDirectory E:\Qk_practice_Project\FireSolution_Project\Project_Firesolution\src\main\resources
2024-11-29 16:37:57,277 [Worker-35: Launching TC_SignPage_001] INFO  o.a.m.s.f.DefaultMavenResourcesFiltering - skip non existing resourceDirectory E:\Qk_practice_Project\FireSolution_Project\Project_Firesolution\src\test\resources
2024-11-29 16:39:48,072 [Worker-23: Launching Project_Firesolution_TestNG.xml] INFO  o.a.m.s.f.DefaultMavenResourcesFiltering - skip non existing resourceDirectory E:\Qk_practice_Project\FireSolution_Project\Project_Firesolution\src\main\resources
2024-11-29 16:39:48,079 [Worker-23: Launching Project_Firesolution_TestNG.xml] INFO  o.a.m.s.f.DefaultMavenResourcesFiltering - skip non existing resourceDirectory E:\Qk_practice_Project\FireSolution_Project\Project_Firesolution\src\test\resources
2024-11-30 12:35:39,862 [Worker-2: Loading available Gradle versions] INFO  o.e.b.c.i.u.g.PublishedGradleVersions - Gradle version information cache is up-to-date. Trying to read.
2024-12-04 12:27:50,744 [Worker-0: Loading available Gradle versions] INFO  o.e.b.c.i.u.g.PublishedGradleVersions - Gradle version information cache is out-of-date. Trying to update.
2024-12-04 12:28:19,583 [Worker-6: Building] INFO  o.a.m.s.f.DefaultMavenResourcesFiltering - skip non existing resourceDirectory E:\Qk_practice_Project\FireSolution_Project\Project_Firesolution\src\main\resources
2024-12-04 12:28:19,605 [Worker-6: Building] INFO  o.a.m.s.f.DefaultMavenResourcesFiltering - skip non existing resourceDirectory E:\Qk_practice_Project\FireSolution_Project\Project_Firesolution\src\test\resources
2024-12-04 12:40:04,265 [Worker-25: Building] INFO  o.a.m.s.f.DefaultMavenResourcesFiltering - skip non existing resourceDirectory E:\Qk_practice_Project\FireSolution_Project\Project_Firesolution\src\main\resources
2024-12-04 12:40:04,311 [Worker-25: Building] INFO  o.a.m.s.f.DefaultMavenResourcesFiltering - skip non existing resourceDirectory E:\Qk_practice_Project\FireSolution_Project\Project_Firesolution\src\test\resources
2024-12-04 12:53:30,971 [Worker-32: Building] INFO  o.a.m.s.f.DefaultMavenResourcesFiltering - skip non existing resourceDirectory E:\Qk_practice_Project\FireSolution_Project\Project_Firesolution\src\main\resources
2024-12-04 12:53:30,980 [Worker-32: Building] INFO  o.a.m.s.f.DefaultMavenResourcesFiltering - skip non existing resourceDirectory E:\Qk_practice_Project\FireSolution_Project\Project_Firesolution\src\test\resources
2024-12-04 12:53:48,037 [Worker-34: Building] INFO  o.a.m.s.f.DefaultMavenResourcesFiltering - skip non existing resourceDirectory E:\Qk_practice_Project\FireSolution_Project\Project_Firesolution\src\main\resources
2024-12-04 12:53:48,044 [Worker-34: Building] INFO  o.a.m.s.f.DefaultMavenResourcesFiltering - skip non existing resourceDirectory E:\Qk_practice_Project\FireSolution_Project\Project_Firesolution\src\test\resources
2024-12-04 12:55:54,677 [Worker-36: Building] INFO  o.a.m.s.f.DefaultMavenResourcesFiltering - skip non existing resourceDirectory E:\Qk_practice_Project\FireSolution_Project\Project_Firesolution\src\main\resources
2024-12-04 12:55:54,684 [Worker-36: Building] INFO  o.a.m.s.f.DefaultMavenResourcesFiltering - skip non existing resourceDirectory E:\Qk_practice_Project\FireSolution_Project\Project_Firesolution\src\test\resources
2024-12-04 13:00:40,061 [Worker-32: Building] INFO  o.a.m.s.f.DefaultMavenResourcesFiltering - skip non existing resourceDirectory E:\Qk_practice_Project\FireSolution_Project\Project_Firesolution\src\main\resources
2024-12-04 13:00:40,070 [Worker-32: Building] INFO  o.a.m.s.f.DefaultMavenResourcesFiltering - skip non existing resourceDirectory E:\Qk_practice_Project\FireSolution_Project\Project_Firesolution\src\test\resources
2024-12-04 13:01:40,633 [Worker-41: Building] INFO  o.a.m.s.f.DefaultMavenResourcesFiltering - skip non existing resourceDirectory E:\Qk_practice_Project\FireSolution_Project\Project_Firesolution\src\main\resources
2024-12-04 13:01:40,639 [Worker-41: Building] INFO  o.a.m.s.f.DefaultMavenResourcesFiltering - skip non existing resourceDirectory E:\Qk_practice_Project\FireSolution_Project\Project_Firesolution\src\test\resources
2024-12-04 13:03:56,599 [Worker-43: Building] INFO  o.a.m.s.f.DefaultMavenResourcesFiltering - skip non existing resourceDirectory E:\Qk_practice_Project\FireSolution_Project\Project_Firesolution\src\main\resources
2024-12-04 13:03:56,613 [Worker-43: Building] INFO  o.a.m.s.f.DefaultMavenResourcesFiltering - skip non existing resourceDirectory E:\Qk_practice_Project\FireSolution_Project\Project_Firesolution\src\test\resources
2024-12-04 13:05:18,573 [Worker-42: Building] INFO  o.a.m.s.f.DefaultMavenResourcesFiltering - skip non existing resourceDirectory E:\Qk_practice_Project\FireSolution_Project\Project_Firesolution\src\main\resources
2024-12-04 13:05:18,580 [Worker-42: Building] INFO  o.a.m.s.f.DefaultMavenResourcesFiltering - skip non existing resourceDirectory E:\Qk_practice_Project\FireSolution_Project\Project_Firesolution\src\test\resources
2024-12-04 13:08:23,214 [Worker-45: Building] INFO  o.a.m.s.f.DefaultMavenResourcesFiltering - skip non existing resourceDirectory E:\Qk_practice_Project\FireSolution_Project\Project_Firesolution\src\main\resources
2024-12-04 13:08:23,220 [Worker-45: Building] INFO  o.a.m.s.f.DefaultMavenResourcesFiltering - skip non existing resourceDirectory E:\Qk_practice_Project\FireSolution_Project\Project_Firesolution\src\test\resources
2024-12-04 13:08:41,042 [Worker-43: Building] INFO  o.a.m.s.f.DefaultMavenResourcesFiltering - skip non existing resourceDirectory E:\Qk_practice_Project\FireSolution_Project\Project_Firesolution\src\main\resources
2024-12-04 13:08:41,048 [Worker-43: Building] INFO  o.a.m.s.f.DefaultMavenResourcesFiltering - skip non existing resourceDirectory E:\Qk_practice_Project\FireSolution_Project\Project_Firesolution\src\test\resources
2024-12-04 13:11:27,338 [Worker-48: Building] INFO  o.a.m.s.f.DefaultMavenResourcesFiltering - skip non existing resourceDirectory E:\Qk_practice_Project\FireSolution_Project\Project_Firesolution\src\main\resources
2024-12-04 13:11:27,345 [Worker-48: Building] INFO  o.a.m.s.f.DefaultMavenResourcesFiltering - skip non existing resourceDirectory E:\Qk_practice_Project\FireSolution_Project\Project_Firesolution\src\test\resources
2024-12-04 13:16:11,171 [Worker-49: Building] INFO  o.a.m.s.f.DefaultMavenResourcesFiltering - skip non existing resourceDirectory E:\Qk_practice_Project\FireSolution_Project\Project_Firesolution\src\main\resources
2024-12-04 13:16:11,179 [Worker-49: Building] INFO  o.a.m.s.f.DefaultMavenResourcesFiltering - skip non existing resourceDirectory E:\Qk_practice_Project\FireSolution_Project\Project_Firesolution\src\test\resources
2024-12-04 13:21:16,549 [Worker-44: Building] INFO  o.a.m.s.f.DefaultMavenResourcesFiltering - skip non existing resourceDirectory E:\Qk_practice_Project\FireSolution_Project\Project_Firesolution\src\main\resources
2024-12-04 13:21:16,564 [Worker-44: Building] INFO  o.a.m.s.f.DefaultMavenResourcesFiltering - skip non existing resourceDirectory E:\Qk_practice_Project\FireSolution_Project\Project_Firesolution\src\test\resources
2024-12-04 13:23:35,578 [Worker-54: Building] INFO  o.a.m.s.f.DefaultMavenResourcesFiltering - skip non existing resourceDirectory E:\Qk_practice_Project\FireSolution_Project\Project_Firesolution\src\main\resources
2024-12-04 13:23:35,586 [Worker-54: Building] INFO  o.a.m.s.f.DefaultMavenResourcesFiltering - skip non existing resourceDirectory E:\Qk_practice_Project\FireSolution_Project\Project_Firesolution\src\test\resources
2024-12-04 13:23:55,011 [Worker-51: Building] INFO  o.a.m.s.f.DefaultMavenResourcesFiltering - skip non existing resourceDirectory E:\Qk_practice_Project\FireSolution_Project\Project_Firesolution\src\main\resources
2024-12-04 13:23:55,025 [Worker-51: Building] INFO  o.a.m.s.f.DefaultMavenResourcesFiltering - skip non existing resourceDirectory E:\Qk_practice_Project\FireSolution_Project\Project_Firesolution\src\test\resources
2024-12-04 13:35:55,116 [Worker-58: Building] INFO  o.a.m.s.f.DefaultMavenResourcesFiltering - skip non existing resourceDirectory E:\Qk_practice_Project\FireSolution_Project\Project_Firesolution\src\main\resources
2024-12-04 13:35:55,125 [Worker-58: Building] INFO  o.a.m.s.f.DefaultMavenResourcesFiltering - skip non existing resourceDirectory E:\Qk_practice_Project\FireSolution_Project\Project_Firesolution\src\test\resources
2024-12-04 13:36:09,764 [Worker-58: Building] INFO  o.a.m.s.f.DefaultMavenResourcesFiltering - skip non existing resourceDirectory E:\Qk_practice_Project\FireSolution_Project\Project_Firesolution\src\main\resources
2024-12-04 13:36:09,772 [Worker-58: Building] INFO  o.a.m.s.f.DefaultMavenResourcesFiltering - skip non existing resourceDirectory E:\Qk_practice_Project\FireSolution_Project\Project_Firesolution\src\test\resources
2024-12-04 13:37:45,458 [Worker-56: Building] INFO  o.a.m.s.f.DefaultMavenResourcesFiltering - skip non existing resourceDirectory E:\Qk_practice_Project\FireSolution_Project\Project_Firesolution\src\main\resources
2024-12-04 13:37:45,467 [Worker-56: Building] INFO  o.a.m.s.f.DefaultMavenResourcesFiltering - skip non existing resourceDirectory E:\Qk_practice_Project\FireSolution_Project\Project_Firesolution\src\test\resources
2024-12-04 13:40:00,896 [Worker-60: Building] INFO  o.a.m.s.f.DefaultMavenResourcesFiltering - skip non existing resourceDirectory E:\Qk_practice_Project\FireSolution_Project\Project_Firesolution\src\main\resources
2024-12-04 13:40:00,903 [Worker-60: Building] INFO  o.a.m.s.f.DefaultMavenResourcesFiltering - skip non existing resourceDirectory E:\Qk_practice_Project\FireSolution_Project\Project_Firesolution\src\test\resources
2024-12-04 13:40:12,135 [Worker-59: Building] INFO  o.a.m.s.f.DefaultMavenResourcesFiltering - skip non existing resourceDirectory E:\Qk_practice_Project\FireSolution_Project\Project_Firesolution\src\main\resources
2024-12-04 13:40:12,142 [Worker-59: Building] INFO  o.a.m.s.f.DefaultMavenResourcesFiltering - skip non existing resourceDirectory E:\Qk_practice_Project\FireSolution_Project\Project_Firesolution\src\test\resources
2024-12-04 13:42:29,537 [Worker-56: Building] INFO  o.a.m.s.f.DefaultMavenResourcesFiltering - skip non existing resourceDirectory E:\Qk_practice_Project\FireSolution_Project\Project_Firesolution\src\main\resources
2024-12-04 13:42:29,544 [Worker-56: Building] INFO  o.a.m.s.f.DefaultMavenResourcesFiltering - skip non existing resourceDirectory E:\Qk_practice_Project\FireSolution_Project\Project_Firesolution\src\test\resources
2024-12-04 13:44:51,265 [Worker-62: Building] INFO  o.a.m.s.f.DefaultMavenResourcesFiltering - skip non existing resourceDirectory E:\Qk_practice_Project\FireSolution_Project\Project_Firesolution\src\main\resources
2024-12-04 13:44:51,273 [Worker-62: Building] INFO  o.a.m.s.f.DefaultMavenResourcesFiltering - skip non existing resourceDirectory E:\Qk_practice_Project\FireSolution_Project\Project_Firesolution\src\test\resources
2024-12-04 13:50:46,791 [Worker-67: Building] INFO  o.a.m.s.f.DefaultMavenResourcesFiltering - skip non existing resourceDirectory E:\Qk_practice_Project\FireSolution_Project\Project_Firesolution\src\main\resources
2024-12-04 13:50:46,796 [Worker-67: Building] INFO  o.a.m.s.f.DefaultMavenResourcesFiltering - skip non existing resourceDirectory E:\Qk_practice_Project\FireSolution_Project\Project_Firesolution\src\test\resources
2024-12-04 13:52:07,104 [Worker-2: Loading available Gradle versions] INFO  o.e.b.c.i.u.g.PublishedGradleVersions - Gradle version information cache is up-to-date. Trying to read.
2024-12-04 13:54:38,692 [Worker-8: Building] INFO  o.a.m.s.f.DefaultMavenResourcesFiltering - skip non existing resourceDirectory E:\Qk_practice_Project\FireSolution_Project\Project_Firesolution\src\main\resources
2024-12-04 13:54:38,700 [Worker-8: Building] INFO  o.a.m.s.f.DefaultMavenResourcesFiltering - skip non existing resourceDirectory E:\Qk_practice_Project\FireSolution_Project\Project_Firesolution\src\test\resources
2024-12-04 14:02:46,628 [Worker-23: Launching Project_Firesolution_TestNG.xml] INFO  o.a.m.s.f.DefaultMavenResourcesFiltering - skip non existing resourceDirectory E:\Qk_practice_Project\FireSolution_Project\Project_Firesolution\src\main\resources
2024-12-04 14:02:46,639 [Worker-23: Launching Project_Firesolution_TestNG.xml] INFO  o.a.m.s.f.DefaultMavenResourcesFiltering - skip non existing resourceDirectory E:\Qk_practice_Project\FireSolution_Project\Project_Firesolution\src\test\resources
2024-12-04 15:37:57,931 [Worker-35: Building] INFO  o.a.m.s.f.DefaultMavenResourcesFiltering - skip non existing resourceDirectory E:\Qk_practice_Project\FireSolution_Project\Project_Firesolution\src\main\resources
2024-12-04 15:37:58,047 [Worker-35: Building] INFO  o.a.m.s.f.DefaultMavenResourcesFiltering - skip non existing resourceDirectory E:\Qk_practice_Project\FireSolution_Project\Project_Firesolution\src\test\resources
2024-12-04 15:38:47,917 [Worker-36: Building] INFO  o.a.m.s.f.DefaultMavenResourcesFiltering - skip non existing resourceDirectory E:\Qk_practice_Project\FireSolution_Project\Project_Firesolution\src\main\resources
2024-12-04 15:38:47,921 [Worker-36: Building] INFO  o.a.m.s.f.DefaultMavenResourcesFiltering - skip non existing resourceDirectory E:\Qk_practice_Project\FireSolution_Project\Project_Firesolution\src\test\resources
2024-12-04 16:04:54,435 [Worker-42: Building] INFO  o.a.m.s.f.DefaultMavenResourcesFiltering - skip non existing resourceDirectory E:\Qk_practice_Project\FireSolution_Project\Project_Firesolution\src\main\resources
2024-12-04 16:04:54,454 [Worker-42: Building] INFO  o.a.m.s.f.DefaultMavenResourcesFiltering - skip non existing resourceDirectory E:\Qk_practice_Project\FireSolution_Project\Project_Firesolution\src\test\resources
2024-12-04 16:10:48,388 [Worker-38: Building] INFO  o.a.m.s.f.DefaultMavenResourcesFiltering - skip non existing resourceDirectory E:\Qk_practice_Project\FireSolution_Project\Project_Firesolution\src\main\resources
2024-12-04 16:10:48,392 [Worker-38: Building] INFO  o.a.m.s.f.DefaultMavenResourcesFiltering - skip non existing resourceDirectory E:\Qk_practice_Project\FireSolution_Project\Project_Firesolution\src\test\resources
2024-12-04 18:46:47,649 [Worker-63: Building] INFO  o.a.m.s.f.DefaultMavenResourcesFiltering - skip non existing resourceDirectory E:\Qk_practice_Project\FireSolution_Project\Project_Firesolution\src\main\resources
2024-12-04 18:46:47,658 [Worker-63: Building] INFO  o.a.m.s.f.DefaultMavenResourcesFiltering - skip non existing resourceDirectory E:\Qk_practice_Project\FireSolution_Project\Project_Firesolution\src\test\resources
2024-12-05 12:49:42,042 [Worker-1: Loading available Gradle versions] INFO  o.e.b.c.i.u.g.PublishedGradleVersions - Gradle version information cache is out-of-date. Trying to update.
2024-12-06 11:33:34,758 [Worker-1: Loading available Gradle versions] INFO  o.e.b.c.i.u.g.PublishedGradleVersions - Gradle version information cache is up-to-date. Trying to read.
2024-12-06 11:52:48,743 [Worker-21: Building] INFO  o.a.m.s.f.DefaultMavenResourcesFiltering - skip non existing resourceDirectory E:\Qk_practice_Project\FireSolution_Project\Project_Firesolution\src\main\resources
2024-12-06 11:52:48,771 [Worker-21: Building] INFO  o.a.m.s.f.DefaultMavenResourcesFiltering - skip non existing resourceDirectory E:\Qk_practice_Project\FireSolution_Project\Project_Firesolution\src\test\resources
2024-12-06 11:58:28,889 [Worker-22: Building] INFO  o.a.m.s.f.DefaultMavenResourcesFiltering - skip non existing resourceDirectory E:\Qk_practice_Project\FireSolution_Project\Project_Firesolution\src\main\resources
2024-12-06 11:58:28,893 [Worker-22: Building] INFO  o.a.m.s.f.DefaultMavenResourcesFiltering - skip non existing resourceDirectory E:\Qk_practice_Project\FireSolution_Project\Project_Firesolution\src\test\resources
2024-12-06 12:01:38,552 [Worker-23: Building] INFO  o.a.m.s.f.DefaultMavenResourcesFiltering - skip non existing resourceDirectory E:\Qk_practice_Project\FireSolution_Project\Project_Firesolution\src\main\resources
2024-12-06 12:01:38,557 [Worker-23: Building] INFO  o.a.m.s.f.DefaultMavenResourcesFiltering - skip non existing resourceDirectory E:\Qk_practice_Project\FireSolution_Project\Project_Firesolution\src\test\resources
2024-12-06 12:02:15,224 [Worker-22: Building] INFO  o.a.m.s.f.DefaultMavenResourcesFiltering - skip non existing resourceDirectory E:\Qk_practice_Project\FireSolution_Project\Project_Firesolution\src\main\resources
2024-12-06 12:02:15,230 [Worker-22: Building] INFO  o.a.m.s.f.DefaultMavenResourcesFiltering - skip non existing resourceDirectory E:\Qk_practice_Project\FireSolution_Project\Project_Firesolution\src\test\resources
2024-12-06 12:07:51,010 [Worker-27: Building] INFO  o.a.m.s.f.DefaultMavenResourcesFiltering - skip non existing resourceDirectory E:\Qk_practice_Project\FireSolution_Project\Project_Firesolution\src\main\resources
2024-12-06 12:07:51,019 [Worker-27: Building] INFO  o.a.m.s.f.DefaultMavenResourcesFiltering - skip non existing resourceDirectory E:\Qk_practice_Project\FireSolution_Project\Project_Firesolution\src\test\resources
2024-12-06 12:09:14,224 [Worker-27: Building] INFO  o.a.m.s.f.DefaultMavenResourcesFiltering - skip non existing resourceDirectory E:\Qk_practice_Project\FireSolution_Project\Project_Firesolution\src\main\resources
2024-12-06 12:09:14,230 [Worker-27: Building] INFO  o.a.m.s.f.DefaultMavenResourcesFiltering - skip non existing resourceDirectory E:\Qk_practice_Project\FireSolution_Project\Project_Firesolution\src\test\resources
2024-12-06 12:09:32,201 [Worker-32: Building] INFO  o.a.m.s.f.DefaultMavenResourcesFiltering - skip non existing resourceDirectory E:\Qk_practice_Project\FireSolution_Project\Project_Firesolution\src\main\resources
2024-12-06 12:09:32,207 [Worker-32: Building] INFO  o.a.m.s.f.DefaultMavenResourcesFiltering - skip non existing resourceDirectory E:\Qk_practice_Project\FireSolution_Project\Project_Firesolution\src\test\resources
2024-12-06 12:15:52,013 [Worker-31: Building] INFO  o.a.m.s.f.DefaultMavenResourcesFiltering - skip non existing resourceDirectory E:\Qk_practice_Project\FireSolution_Project\Project_Firesolution\src\main\resources
2024-12-06 12:15:52,028 [Worker-31: Building] INFO  o.a.m.s.f.DefaultMavenResourcesFiltering - skip non existing resourceDirectory E:\Qk_practice_Project\FireSolution_Project\Project_Firesolution\src\test\resources
2024-12-06 12:31:29,529 [Worker-37: Building] INFO  o.a.m.s.f.DefaultMavenResourcesFiltering - skip non existing resourceDirectory E:\Qk_practice_Project\FireSolution_Project\Project_Firesolution\src\main\resources
2024-12-06 12:31:29,538 [Worker-37: Building] INFO  o.a.m.s.f.DefaultMavenResourcesFiltering - skip non existing resourceDirectory E:\Qk_practice_Project\FireSolution_Project\Project_Firesolution\src\test\resources
2024-12-06 12:33:21,364 [Worker-36: Building] INFO  o.a.m.s.f.DefaultMavenResourcesFiltering - skip non existing resourceDirectory E:\Qk_practice_Project\FireSolution_Project\Project_Firesolution\src\main\resources
2024-12-06 12:33:21,370 [Worker-36: Building] INFO  o.a.m.s.f.DefaultMavenResourcesFiltering - skip non existing resourceDirectory E:\Qk_practice_Project\FireSolution_Project\Project_Firesolution\src\test\resources
2024-12-06 12:37:33,833 [Worker-39: Building] INFO  o.a.m.s.f.DefaultMavenResourcesFiltering - skip non existing resourceDirectory E:\Qk_practice_Project\FireSolution_Project\Project_Firesolution\src\main\resources
2024-12-06 12:37:33,841 [Worker-39: Building] INFO  o.a.m.s.f.DefaultMavenResourcesFiltering - skip non existing resourceDirectory E:\Qk_practice_Project\FireSolution_Project\Project_Firesolution\src\test\resources
2024-12-06 12:45:12,782 [Worker-40: Building] INFO  o.a.m.s.f.DefaultMavenResourcesFiltering - skip non existing resourceDirectory E:\Qk_practice_Project\FireSolution_Project\Project_Firesolution\src\main\resources
2024-12-06 12:45:12,788 [Worker-40: Building] INFO  o.a.m.s.f.DefaultMavenResourcesFiltering - skip non existing resourceDirectory E:\Qk_practice_Project\FireSolution_Project\Project_Firesolution\src\test\resources
2024-12-06 12:45:56,409 [Worker-42: Building] INFO  o.a.m.s.f.DefaultMavenResourcesFiltering - skip non existing resourceDirectory E:\Qk_practice_Project\FireSolution_Project\Project_Firesolution\src\main\resources
2024-12-06 12:45:56,417 [Worker-42: Building] INFO  o.a.m.s.f.DefaultMavenResourcesFiltering - skip non existing resourceDirectory E:\Qk_practice_Project\FireSolution_Project\Project_Firesolution\src\test\resources
2024-12-06 12:48:37,399 [Worker-37: Building] INFO  o.a.m.s.f.DefaultMavenResourcesFiltering - skip non existing resourceDirectory E:\Qk_practice_Project\FireSolution_Project\Project_Firesolution\src\main\resources
2024-12-06 12:48:37,409 [Worker-37: Building] INFO  o.a.m.s.f.DefaultMavenResourcesFiltering - skip non existing resourceDirectory E:\Qk_practice_Project\FireSolution_Project\Project_Firesolution\src\test\resources
2024-12-06 12:54:48,849 [Worker-44: Building] INFO  o.a.m.s.f.DefaultMavenResourcesFiltering - skip non existing resourceDirectory E:\Qk_practice_Project\FireSolution_Project\Project_Firesolution\src\main\resources
2024-12-06 12:54:48,855 [Worker-44: Building] INFO  o.a.m.s.f.DefaultMavenResourcesFiltering - skip non existing resourceDirectory E:\Qk_practice_Project\FireSolution_Project\Project_Firesolution\src\test\resources
2024-12-06 12:54:52,053 [Worker-45: Building] INFO  o.a.m.s.f.DefaultMavenResourcesFiltering - skip non existing resourceDirectory E:\Qk_practice_Project\FireSolution_Project\Project_Firesolution\src\main\resources
2024-12-06 12:54:52,063 [Worker-45: Building] INFO  o.a.m.s.f.DefaultMavenResourcesFiltering - skip non existing resourceDirectory E:\Qk_practice_Project\FireSolution_Project\Project_Firesolution\src\test\resources
2024-12-06 13:16:29,500 [Worker-48: Building] INFO  o.a.m.s.f.DefaultMavenResourcesFiltering - skip non existing resourceDirectory E:\Qk_practice_Project\FireSolution_Project\Project_Firesolution\src\main\resources
2024-12-06 13:16:29,511 [Worker-48: Building] INFO  o.a.m.s.f.DefaultMavenResourcesFiltering - skip non existing resourceDirectory E:\Qk_practice_Project\FireSolution_Project\Project_Firesolution\src\test\resources
2024-12-06 13:20:01,179 [Worker-48: Building] INFO  o.a.m.s.f.DefaultMavenResourcesFiltering - skip non existing resourceDirectory E:\Qk_practice_Project\FireSolution_Project\Project_Firesolution\src\main\resources
2024-12-06 13:20:01,185 [Worker-48: Building] INFO  o.a.m.s.f.DefaultMavenResourcesFiltering - skip non existing resourceDirectory E:\Qk_practice_Project\FireSolution_Project\Project_Firesolution\src\test\resources
2024-12-06 13:20:52,083 [Worker-58: Building] INFO  o.a.m.s.f.DefaultMavenResourcesFiltering - skip non existing resourceDirectory E:\Qk_practice_Project\FireSolution_Project\Project_Firesolution\src\main\resources
2024-12-06 13:20:52,090 [Worker-58: Building] INFO  o.a.m.s.f.DefaultMavenResourcesFiltering - skip non existing resourceDirectory E:\Qk_practice_Project\FireSolution_Project\Project_Firesolution\src\test\resources
2024-12-06 13:49:04,845 [Worker-56: Building] INFO  o.a.m.s.f.DefaultMavenResourcesFiltering - skip non existing resourceDirectory E:\Qk_practice_Project\FireSolution_Project\Project_Firesolution\src\main\resources
2024-12-06 13:49:04,858 [Worker-56: Building] INFO  o.a.m.s.f.DefaultMavenResourcesFiltering - skip non existing resourceDirectory E:\Qk_practice_Project\FireSolution_Project\Project_Firesolution\src\test\resources
2024-12-06 13:52:46,224 [Worker-57: Building] INFO  o.a.m.s.f.DefaultMavenResourcesFiltering - skip non existing resourceDirectory E:\Qk_practice_Project\FireSolution_Project\Project_Firesolution\src\main\resources
2024-12-06 13:52:46,227 [Worker-57: Building] INFO  o.a.m.s.f.DefaultMavenResourcesFiltering - skip non existing resourceDirectory E:\Qk_practice_Project\FireSolution_Project\Project_Firesolution\src\test\resources
2024-12-06 13:58:08,837 [Worker-48: Building] INFO  o.a.m.s.f.DefaultMavenResourcesFiltering - skip non existing resourceDirectory E:\Qk_practice_Project\FireSolution_Project\Project_Firesolution\src\main\resources
2024-12-06 13:58:08,841 [Worker-48: Building] INFO  o.a.m.s.f.DefaultMavenResourcesFiltering - skip non existing resourceDirectory E:\Qk_practice_Project\FireSolution_Project\Project_Firesolution\src\test\resources
2024-12-06 15:34:45,073 [Worker-3: Loading available Gradle versions] INFO  o.e.b.c.i.u.g.PublishedGradleVersions - Gradle version information cache is up-to-date. Trying to read.
2024-12-06 15:39:30,691 [Worker-18: Building] INFO  o.a.m.s.f.DefaultMavenResourcesFiltering - skip non existing resourceDirectory E:\Qk_practice_Project\FireSolution_Project\Project_Firesolution\src\main\resources
2024-12-06 15:39:30,707 [Worker-18: Building] INFO  o.a.m.s.f.DefaultMavenResourcesFiltering - skip non existing resourceDirectory E:\Qk_practice_Project\FireSolution_Project\Project_Firesolution\src\test\resources
2024-12-06 15:45:46,025 [Worker-11: Building] INFO  o.a.m.s.f.DefaultMavenResourcesFiltering - skip non existing resourceDirectory E:\Qk_practice_Project\FireSolution_Project\Project_Firesolution\src\main\resources
2024-12-06 15:45:46,034 [Worker-11: Building] INFO  o.a.m.s.f.DefaultMavenResourcesFiltering - skip non existing resourceDirectory E:\Qk_practice_Project\FireSolution_Project\Project_Firesolution\src\test\resources
2024-12-06 15:47:57,846 [Worker-3: Building] INFO  o.a.m.s.f.DefaultMavenResourcesFiltering - skip non existing resourceDirectory E:\Qk_practice_Project\FireSolution_Project\Project_Firesolution\src\main\resources
2024-12-06 15:47:57,855 [Worker-3: Building] INFO  o.a.m.s.f.DefaultMavenResourcesFiltering - skip non existing resourceDirectory E:\Qk_practice_Project\FireSolution_Project\Project_Firesolution\src\test\resources
2024-12-06 15:53:57,892 [Worker-32: Building] INFO  o.a.m.s.f.DefaultMavenResourcesFiltering - skip non existing resourceDirectory E:\Qk_practice_Project\FireSolution_Project\Project_Firesolution\src\main\resources
2024-12-06 15:53:57,900 [Worker-32: Building] INFO  o.a.m.s.f.DefaultMavenResourcesFiltering - skip non existing resourceDirectory E:\Qk_practice_Project\FireSolution_Project\Project_Firesolution\src\test\resources
2024-12-06 15:59:16,842 [Worker-41: Building] INFO  o.a.m.s.f.DefaultMavenResourcesFiltering - skip non existing resourceDirectory E:\Qk_practice_Project\FireSolution_Project\Project_Firesolution\src\main\resources
2024-12-06 15:59:16,850 [Worker-41: Building] INFO  o.a.m.s.f.DefaultMavenResourcesFiltering - skip non existing resourceDirectory E:\Qk_practice_Project\FireSolution_Project\Project_Firesolution\src\test\resources
2024-12-06 16:01:26,161 [Worker-32: Building] INFO  o.a.m.s.f.DefaultMavenResourcesFiltering - skip non existing resourceDirectory E:\Qk_practice_Project\FireSolution_Project\Project_Firesolution\src\main\resources
2024-12-06 16:01:26,169 [Worker-32: Building] INFO  o.a.m.s.f.DefaultMavenResourcesFiltering - skip non existing resourceDirectory E:\Qk_practice_Project\FireSolution_Project\Project_Firesolution\src\test\resources
2024-12-06 16:02:21,663 [Worker-43: Building] INFO  o.a.m.s.f.DefaultMavenResourcesFiltering - skip non existing resourceDirectory E:\Qk_practice_Project\FireSolution_Project\Project_Firesolution\src\main\resources
2024-12-06 16:02:21,672 [Worker-43: Building] INFO  o.a.m.s.f.DefaultMavenResourcesFiltering - skip non existing resourceDirectory E:\Qk_practice_Project\FireSolution_Project\Project_Firesolution\src\test\resources
2024-12-06 16:02:57,528 [Worker-45: Building] INFO  o.a.m.s.f.DefaultMavenResourcesFiltering - skip non existing resourceDirectory E:\Qk_practice_Project\FireSolution_Project\Project_Firesolution\src\main\resources
2024-12-06 16:02:57,537 [Worker-45: Building] INFO  o.a.m.s.f.DefaultMavenResourcesFiltering - skip non existing resourceDirectory E:\Qk_practice_Project\FireSolution_Project\Project_Firesolution\src\test\resources
2024-12-06 16:07:46,729 [Worker-35: Building] INFO  o.a.m.s.f.DefaultMavenResourcesFiltering - skip non existing resourceDirectory E:\Qk_practice_Project\FireSolution_Project\Project_Firesolution\src\main\resources
2024-12-06 16:07:46,734 [Worker-35: Building] INFO  o.a.m.s.f.DefaultMavenResourcesFiltering - skip non existing resourceDirectory E:\Qk_practice_Project\FireSolution_Project\Project_Firesolution\src\test\resources
2024-12-06 16:11:22,534 [Worker-47: Launching Project_Firesolution_TestNG.xml] INFO  o.a.m.s.f.DefaultMavenResourcesFiltering - skip non existing resourceDirectory E:\Qk_practice_Project\FireSolution_Project\Project_Firesolution\src\main\resources
2024-12-06 16:11:22,538 [Worker-47: Launching Project_Firesolution_TestNG.xml] INFO  o.a.m.s.f.DefaultMavenResourcesFiltering - skip non existing resourceDirectory E:\Qk_practice_Project\FireSolution_Project\Project_Firesolution\src\test\resources
2024-12-06 16:12:02,914 [Worker-48: Building] INFO  o.a.m.s.f.DefaultMavenResourcesFiltering - skip non existing resourceDirectory E:\Qk_practice_Project\FireSolution_Project\Project_Firesolution\src\main\resources
2024-12-06 16:12:02,918 [Worker-48: Building] INFO  o.a.m.s.f.DefaultMavenResourcesFiltering - skip non existing resourceDirectory E:\Qk_practice_Project\FireSolution_Project\Project_Firesolution\src\test\resources
2024-12-06 16:16:11,495 [Worker-50: Building] INFO  o.a.m.s.f.DefaultMavenResourcesFiltering - skip non existing resourceDirectory E:\Qk_practice_Project\FireSolution_Project\Project_Firesolution\src\main\resources
2024-12-06 16:16:11,499 [Worker-50: Building] INFO  o.a.m.s.f.DefaultMavenResourcesFiltering - skip non existing resourceDirectory E:\Qk_practice_Project\FireSolution_Project\Project_Firesolution\src\test\resources
2024-12-06 16:17:51,860 [Worker-52: Building] INFO  o.a.m.s.f.DefaultMavenResourcesFiltering - skip non existing resourceDirectory E:\Qk_practice_Project\FireSolution_Project\Project_Firesolution\src\main\resources
2024-12-06 16:17:51,864 [Worker-52: Building] INFO  o.a.m.s.f.DefaultMavenResourcesFiltering - skip non existing resourceDirectory E:\Qk_practice_Project\FireSolution_Project\Project_Firesolution\src\test\resources
2024-12-06 16:21:18,560 [Worker-53: Building] INFO  o.a.m.s.f.DefaultMavenResourcesFiltering - skip non existing resourceDirectory E:\Qk_practice_Project\FireSolution_Project\Project_Firesolution\src\main\resources
2024-12-06 16:21:18,564 [Worker-53: Building] INFO  o.a.m.s.f.DefaultMavenResourcesFiltering - skip non existing resourceDirectory E:\Qk_practice_Project\FireSolution_Project\Project_Firesolution\src\test\resources
2024-12-06 16:22:31,083 [Worker-43: Building] INFO  o.a.m.s.f.DefaultMavenResourcesFiltering - skip non existing resourceDirectory E:\Qk_practice_Project\FireSolution_Project\Project_Firesolution\src\main\resources
2024-12-06 16:22:31,086 [Worker-43: Building] INFO  o.a.m.s.f.DefaultMavenResourcesFiltering - skip non existing resourceDirectory E:\Qk_practice_Project\FireSolution_Project\Project_Firesolution\src\test\resources
2024-12-06 16:39:03,498 [Worker-57: Building] INFO  o.a.m.s.f.DefaultMavenResourcesFiltering - skip non existing resourceDirectory E:\Qk_practice_Project\FireSolution_Project\Project_Firesolution\src\main\resources
2024-12-06 16:39:03,608 [Worker-57: Building] INFO  o.a.m.s.f.DefaultMavenResourcesFiltering - skip non existing resourceDirectory E:\Qk_practice_Project\FireSolution_Project\Project_Firesolution\src\test\resources
2024-12-06 16:48:12,184 [Worker-65: Building] INFO  o.a.m.s.f.DefaultMavenResourcesFiltering - skip non existing resourceDirectory E:\Qk_practice_Project\FireSolution_Project\Project_Firesolution\src\main\resources
2024-12-06 16:48:12,189 [Worker-65: Building] INFO  o.a.m.s.f.DefaultMavenResourcesFiltering - skip non existing resourceDirectory E:\Qk_practice_Project\FireSolution_Project\Project_Firesolution\src\test\resources
2024-12-06 16:51:11,970 [Worker-69: Building] INFO  o.a.m.s.f.DefaultMavenResourcesFiltering - skip non existing resourceDirectory E:\Qk_practice_Project\FireSolution_Project\Project_Firesolution\src\main\resources
2024-12-06 16:51:11,974 [Worker-69: Building] INFO  o.a.m.s.f.DefaultMavenResourcesFiltering - skip non existing resourceDirectory E:\Qk_practice_Project\FireSolution_Project\Project_Firesolution\src\test\resources
2024-12-07 10:42:16,719 [Worker-5: Loading available Gradle versions] INFO  o.e.b.c.i.u.g.PublishedGradleVersions - Gradle version information cache is up-to-date. Trying to read.
2024-12-07 10:50:35,305 [Worker-24: Building] INFO  o.a.m.s.f.DefaultMavenResourcesFiltering - skip non existing resourceDirectory E:\Qk_practice_Project\FireSolution_Project\Project_Firesolution\src\main\resources
2024-12-07 10:50:35,322 [Worker-24: Building] INFO  o.a.m.s.f.DefaultMavenResourcesFiltering - skip non existing resourceDirectory E:\Qk_practice_Project\FireSolution_Project\Project_Firesolution\src\test\resources
2024-12-07 10:52:41,678 [Worker-24: Building] INFO  o.a.m.s.f.DefaultMavenResourcesFiltering - skip non existing resourceDirectory E:\Qk_practice_Project\FireSolution_Project\Project_Firesolution\src\main\resources
2024-12-07 10:52:41,682 [Worker-24: Building] INFO  o.a.m.s.f.DefaultMavenResourcesFiltering - skip non existing resourceDirectory E:\Qk_practice_Project\FireSolution_Project\Project_Firesolution\src\test\resources
2024-12-07 10:53:08,150 [Worker-26: Building] INFO  o.a.m.s.f.DefaultMavenResourcesFiltering - skip non existing resourceDirectory E:\Qk_practice_Project\FireSolution_Project\Project_Firesolution\src\main\resources
2024-12-07 10:53:08,155 [Worker-26: Building] INFO  o.a.m.s.f.DefaultMavenResourcesFiltering - skip non existing resourceDirectory E:\Qk_practice_Project\FireSolution_Project\Project_Firesolution\src\test\resources
2024-12-07 11:10:17,717 [Worker-28: Building] INFO  o.a.m.s.f.DefaultMavenResourcesFiltering - skip non existing resourceDirectory E:\Qk_practice_Project\FireSolution_Project\Project_Firesolution\src\main\resources
2024-12-07 11:10:17,724 [Worker-28: Building] INFO  o.a.m.s.f.DefaultMavenResourcesFiltering - skip non existing resourceDirectory E:\Qk_practice_Project\FireSolution_Project\Project_Firesolution\src\test\resources
2024-12-07 11:12:01,905 [Worker-32: Building] INFO  o.a.m.s.f.DefaultMavenResourcesFiltering - skip non existing resourceDirectory E:\Qk_practice_Project\FireSolution_Project\Project_Firesolution\src\main\resources
2024-12-07 11:12:01,911 [Worker-32: Building] INFO  o.a.m.s.f.DefaultMavenResourcesFiltering - skip non existing resourceDirectory E:\Qk_practice_Project\FireSolution_Project\Project_Firesolution\src\test\resources
2024-12-07 11:12:17,572 [Worker-29: Building] INFO  o.a.m.s.f.DefaultMavenResourcesFiltering - skip non existing resourceDirectory E:\Qk_practice_Project\FireSolution_Project\Project_Firesolution\src\main\resources
2024-12-07 11:12:17,580 [Worker-29: Building] INFO  o.a.m.s.f.DefaultMavenResourcesFiltering - skip non existing resourceDirectory E:\Qk_practice_Project\FireSolution_Project\Project_Firesolution\src\test\resources
2024-12-07 11:24:07,648 [Worker-34: Building] INFO  o.a.m.s.f.DefaultMavenResourcesFiltering - skip non existing resourceDirectory E:\Qk_practice_Project\FireSolution_Project\Project_Firesolution\src\main\resources
2024-12-07 11:24:07,660 [Worker-34: Building] INFO  o.a.m.s.f.DefaultMavenResourcesFiltering - skip non existing resourceDirectory E:\Qk_practice_Project\FireSolution_Project\Project_Firesolution\src\test\resources
2024-12-07 11:39:23,352 [Worker-28: Building] INFO  o.a.m.s.f.DefaultMavenResourcesFiltering - skip non existing resourceDirectory E:\Qk_practice_Project\FireSolution_Project\Project_Firesolution\src\main\resources
2024-12-07 11:39:23,367 [Worker-28: Building] INFO  o.a.m.s.f.DefaultMavenResourcesFiltering - skip non existing resourceDirectory E:\Qk_practice_Project\FireSolution_Project\Project_Firesolution\src\test\resources
2024-12-07 12:08:01,087 [Worker-47: Building] INFO  o.a.m.s.f.DefaultMavenResourcesFiltering - skip non existing resourceDirectory E:\Qk_practice_Project\FireSolution_Project\Project_Firesolution\src\main\resources
2024-12-07 12:08:01,095 [Worker-47: Building] INFO  o.a.m.s.f.DefaultMavenResourcesFiltering - skip non existing resourceDirectory E:\Qk_practice_Project\FireSolution_Project\Project_Firesolution\src\test\resources
2024-12-07 12:28:09,576 [Worker-50: Building] INFO  o.a.m.s.f.DefaultMavenResourcesFiltering - skip non existing resourceDirectory E:\Qk_practice_Project\FireSolution_Project\Project_Firesolution\src\main\resources
2024-12-07 12:28:09,580 [Worker-50: Building] INFO  o.a.m.s.f.DefaultMavenResourcesFiltering - skip non existing resourceDirectory E:\Qk_practice_Project\FireSolution_Project\Project_Firesolution\src\test\resources
2024-12-07 12:30:09,624 [Worker-50: Building] INFO  o.a.m.s.f.DefaultMavenResourcesFiltering - skip non existing resourceDirectory E:\Qk_practice_Project\FireSolution_Project\Project_Firesolution\src\main\resources
2024-12-07 12:30:09,629 [Worker-50: Building] INFO  o.a.m.s.f.DefaultMavenResourcesFiltering - skip non existing resourceDirectory E:\Qk_practice_Project\FireSolution_Project\Project_Firesolution\src\test\resources
2024-12-07 12:45:57,742 [Worker-53: Building] INFO  o.a.m.s.f.DefaultMavenResourcesFiltering - skip non existing resourceDirectory E:\Qk_practice_Project\FireSolution_Project\Project_Firesolution\src\main\resources
2024-12-07 12:45:57,745 [Worker-53: Building] INFO  o.a.m.s.f.DefaultMavenResourcesFiltering - skip non existing resourceDirectory E:\Qk_practice_Project\FireSolution_Project\Project_Firesolution\src\test\resources
2024-12-07 12:52:07,710 [Worker-57: Building] INFO  o.a.m.s.f.DefaultMavenResourcesFiltering - skip non existing resourceDirectory E:\Qk_practice_Project\FireSolution_Project\Project_Firesolution\src\main\resources
2024-12-07 12:52:07,715 [Worker-57: Building] INFO  o.a.m.s.f.DefaultMavenResourcesFiltering - skip non existing resourceDirectory E:\Qk_practice_Project\FireSolution_Project\Project_Firesolution\src\test\resources
2024-12-07 12:53:02,401 [Worker-57: Building] INFO  o.a.m.s.f.DefaultMavenResourcesFiltering - skip non existing resourceDirectory E:\Qk_practice_Project\FireSolution_Project\Project_Firesolution\src\main\resources
2024-12-07 12:53:02,405 [Worker-57: Building] INFO  o.a.m.s.f.DefaultMavenResourcesFiltering - skip non existing resourceDirectory E:\Qk_practice_Project\FireSolution_Project\Project_Firesolution\src\test\resources
2024-12-07 13:01:39,305 [Worker-57: Building] INFO  o.a.m.s.f.DefaultMavenResourcesFiltering - skip non existing resourceDirectory E:\Qk_practice_Project\FireSolution_Project\Project_Firesolution\src\main\resources
2024-12-07 13:01:39,308 [Worker-57: Building] INFO  o.a.m.s.f.DefaultMavenResourcesFiltering - skip non existing resourceDirectory E:\Qk_practice_Project\FireSolution_Project\Project_Firesolution\src\test\resources
2024-12-07 13:03:30,358 [Worker-63: Building] INFO  o.a.m.s.f.DefaultMavenResourcesFiltering - skip non existing resourceDirectory E:\Qk_practice_Project\FireSolution_Project\Project_Firesolution\src\main\resources
2024-12-07 13:03:30,366 [Worker-63: Building] INFO  o.a.m.s.f.DefaultMavenResourcesFiltering - skip non existing resourceDirectory E:\Qk_practice_Project\FireSolution_Project\Project_Firesolution\src\test\resources
2024-12-07 13:17:23,698 [Worker-63: Building] INFO  o.a.m.s.f.DefaultMavenResourcesFiltering - skip non existing resourceDirectory E:\Qk_practice_Project\FireSolution_Project\Project_Firesolution\src\main\resources
2024-12-07 13:17:23,705 [Worker-63: Building] INFO  o.a.m.s.f.DefaultMavenResourcesFiltering - skip non existing resourceDirectory E:\Qk_practice_Project\FireSolution_Project\Project_Firesolution\src\test\resources
2024-12-07 13:19:18,061 [Worker-77: Building] INFO  o.a.m.s.f.DefaultMavenResourcesFiltering - skip non existing resourceDirectory E:\Qk_practice_Project\FireSolution_Project\Project_Firesolution\src\main\resources
2024-12-07 13:19:18,067 [Worker-77: Building] INFO  o.a.m.s.f.DefaultMavenResourcesFiltering - skip non existing resourceDirectory E:\Qk_practice_Project\FireSolution_Project\Project_Firesolution\src\test\resources
2024-12-07 13:20:13,198 [Worker-78: Building] INFO  o.a.m.s.f.DefaultMavenResourcesFiltering - skip non existing resourceDirectory E:\Qk_practice_Project\FireSolution_Project\Project_Firesolution\src\main\resources
2024-12-07 13:20:13,204 [Worker-78: Building] INFO  o.a.m.s.f.DefaultMavenResourcesFiltering - skip non existing resourceDirectory E:\Qk_practice_Project\FireSolution_Project\Project_Firesolution\src\test\resources
2024-12-07 13:20:55,727 [Worker-78: Building] INFO  o.a.m.s.f.DefaultMavenResourcesFiltering - skip non existing resourceDirectory E:\Qk_practice_Project\FireSolution_Project\Project_Firesolution\src\main\resources
2024-12-07 13:20:55,734 [Worker-78: Building] INFO  o.a.m.s.f.DefaultMavenResourcesFiltering - skip non existing resourceDirectory E:\Qk_practice_Project\FireSolution_Project\Project_Firesolution\src\test\resources
2024-12-07 13:21:51,038 [Worker-80: Building] INFO  o.a.m.s.f.DefaultMavenResourcesFiltering - skip non existing resourceDirectory E:\Qk_practice_Project\FireSolution_Project\Project_Firesolution\src\main\resources
2024-12-07 13:21:51,042 [Worker-80: Building] INFO  o.a.m.s.f.DefaultMavenResourcesFiltering - skip non existing resourceDirectory E:\Qk_practice_Project\FireSolution_Project\Project_Firesolution\src\test\resources
2024-12-07 13:29:47,741 [Worker-83: Building] INFO  o.a.m.s.f.DefaultMavenResourcesFiltering - skip non existing resourceDirectory E:\Qk_practice_Project\FireSolution_Project\Project_Firesolution\src\main\resources
2024-12-07 13:29:47,747 [Worker-83: Building] INFO  o.a.m.s.f.DefaultMavenResourcesFiltering - skip non existing resourceDirectory E:\Qk_practice_Project\FireSolution_Project\Project_Firesolution\src\test\resources
2024-12-07 13:31:06,608 [Worker-83: Building] INFO  o.a.m.s.f.DefaultMavenResourcesFiltering - skip non existing resourceDirectory E:\Qk_practice_Project\FireSolution_Project\Project_Firesolution\src\main\resources
2024-12-07 13:31:06,615 [Worker-83: Building] INFO  o.a.m.s.f.DefaultMavenResourcesFiltering - skip non existing resourceDirectory E:\Qk_practice_Project\FireSolution_Project\Project_Firesolution\src\test\resources
2024-12-07 15:05:56,000 [Worker-95: Building] INFO  o.a.m.s.f.DefaultMavenResourcesFiltering - skip non existing resourceDirectory E:\Qk_practice_Project\FireSolution_Project\Project_Firesolution\src\main\resources
2024-12-07 15:05:56,022 [Worker-95: Building] INFO  o.a.m.s.f.DefaultMavenResourcesFiltering - skip non existing resourceDirectory E:\Qk_practice_Project\FireSolution_Project\Project_Firesolution\src\test\resources
2024-12-07 15:19:41,653 [Worker-101: Building] INFO  o.a.m.s.f.DefaultMavenResourcesFiltering - skip non existing resourceDirectory E:\Qk_practice_Project\FireSolution_Project\Project_Firesolution\src\main\resources
2024-12-07 15:19:41,659 [Worker-101: Building] INFO  o.a.m.s.f.DefaultMavenResourcesFiltering - skip non existing resourceDirectory E:\Qk_practice_Project\FireSolution_Project\Project_Firesolution\src\test\resources
2024-12-07 15:41:24,318 [Worker-108: Building] INFO  o.a.m.s.f.DefaultMavenResourcesFiltering - skip non existing resourceDirectory E:\Qk_practice_Project\FireSolution_Project\Project_Firesolution\src\main\resources
2024-12-07 15:41:24,331 [Worker-108: Building] INFO  o.a.m.s.f.DefaultMavenResourcesFiltering - skip non existing resourceDirectory E:\Qk_practice_Project\FireSolution_Project\Project_Firesolution\src\test\resources
2024-12-07 15:43:03,949 [Worker-106: Building] INFO  o.a.m.s.f.DefaultMavenResourcesFiltering - skip non existing resourceDirectory E:\Qk_practice_Project\FireSolution_Project\Project_Firesolution\src\main\resources
2024-12-07 15:43:03,953 [Worker-106: Building] INFO  o.a.m.s.f.DefaultMavenResourcesFiltering - skip non existing resourceDirectory E:\Qk_practice_Project\FireSolution_Project\Project_Firesolution\src\test\resources
2024-12-07 15:45:40,080 [Worker-110: Building] INFO  o.a.m.s.f.DefaultMavenResourcesFiltering - skip non existing resourceDirectory E:\Qk_practice_Project\FireSolution_Project\Project_Firesolution\src\main\resources
2024-12-07 15:45:40,084 [Worker-110: Building] INFO  o.a.m.s.f.DefaultMavenResourcesFiltering - skip non existing resourceDirectory E:\Qk_practice_Project\FireSolution_Project\Project_Firesolution\src\test\resources
2024-12-07 15:46:37,179 [Worker-115: Building] INFO  o.a.m.s.f.DefaultMavenResourcesFiltering - skip non existing resourceDirectory E:\Qk_practice_Project\FireSolution_Project\Project_Firesolution\src\main\resources
2024-12-07 15:46:37,182 [Worker-115: Building] INFO  o.a.m.s.f.DefaultMavenResourcesFiltering - skip non existing resourceDirectory E:\Qk_practice_Project\FireSolution_Project\Project_Firesolution\src\test\resources
2024-12-07 16:00:33,841 [Worker-122: Building] INFO  o.a.m.s.f.DefaultMavenResourcesFiltering - skip non existing resourceDirectory E:\Qk_practice_Project\FireSolution_Project\Project_Firesolution\src\main\resources
2024-12-07 16:00:33,844 [Worker-122: Building] INFO  o.a.m.s.f.DefaultMavenResourcesFiltering - skip non existing resourceDirectory E:\Qk_practice_Project\FireSolution_Project\Project_Firesolution\src\test\resources
2024-12-07 16:02:11,655 [Worker-122: Building] INFO  o.a.m.s.f.DefaultMavenResourcesFiltering - skip non existing resourceDirectory E:\Qk_practice_Project\FireSolution_Project\Project_Firesolution\src\main\resources
2024-12-07 16:02:11,658 [Worker-122: Building] INFO  o.a.m.s.f.DefaultMavenResourcesFiltering - skip non existing resourceDirectory E:\Qk_practice_Project\FireSolution_Project\Project_Firesolution\src\test\resources
2024-12-07 16:03:21,636 [Worker-132: Building] INFO  o.a.m.s.f.DefaultMavenResourcesFiltering - skip non existing resourceDirectory E:\Qk_practice_Project\FireSolution_Project\Project_Firesolution\src\main\resources
2024-12-07 16:03:21,640 [Worker-132: Building] INFO  o.a.m.s.f.DefaultMavenResourcesFiltering - skip non existing resourceDirectory E:\Qk_practice_Project\FireSolution_Project\Project_Firesolution\src\test\resources
2024-12-07 16:03:31,176 [Worker-122: Building] INFO  o.a.m.s.f.DefaultMavenResourcesFiltering - skip non existing resourceDirectory E:\Qk_practice_Project\FireSolution_Project\Project_Firesolution\src\main\resources
2024-12-07 16:03:31,178 [Worker-122: Building] INFO  o.a.m.s.f.DefaultMavenResourcesFiltering - skip non existing resourceDirectory E:\Qk_practice_Project\FireSolution_Project\Project_Firesolution\src\test\resources
2024-12-07 16:18:15,547 [Worker-0: Loading available Gradle versions] INFO  o.e.b.c.i.u.g.PublishedGradleVersions - Gradle version information cache is not available. Remote download required.
2024-12-07 16:36:50,090 [Worker-27: Building] INFO  o.a.m.s.f.DefaultMavenResourcesFiltering - skip non existing resourceDirectory E:\Qk_practice_Project\FireSolution_Project\Project_Firesolution\src\main\resources
2024-12-07 16:36:50,228 [Worker-27: Building] INFO  o.a.m.s.f.DefaultMavenResourcesFiltering - skip non existing resourceDirectory E:\Qk_practice_Project\FireSolution_Project\Project_Firesolution\src\test\resources
2024-12-07 16:40:16,002 [Worker-2: Loading available Gradle versions] INFO  o.e.b.c.i.u.g.PublishedGradleVersions - Gradle version information cache is up-to-date. Trying to read.
2024-12-07 16:51:53,558 [Worker-32: Building] INFO  o.a.m.s.f.DefaultMavenResourcesFiltering - skip non existing resourceDirectory E:\Qk_practice_Project\FireSolution_Project\Project_Firesolution\src\main\resources
2024-12-07 16:51:53,567 [Worker-32: Building] INFO  o.a.m.s.f.DefaultMavenResourcesFiltering - skip non existing resourceDirectory E:\Qk_practice_Project\FireSolution_Project\Project_Firesolution\src\test\resources
2024-12-07 18:38:36,503 [Worker-2: Loading available Gradle versions] INFO  o.e.b.c.i.u.g.PublishedGradleVersions - Gradle version information cache is up-to-date. Trying to read.
2024-12-07 18:43:00,369 [Worker-17: Building] INFO  o.a.m.s.f.DefaultMavenResourcesFiltering - skip non existing resourceDirectory E:\Qk_practice_Project\FireSolution_Project\Project_Firesolution\src\main\resources
2024-12-07 18:43:00,378 [Worker-17: Building] INFO  o.a.m.s.f.DefaultMavenResourcesFiltering - skip non existing resourceDirectory E:\Qk_practice_Project\FireSolution_Project\Project_Firesolution\src\test\resources
2024-12-07 18:47:30,358 [Worker-24: Building] INFO  o.a.m.s.f.DefaultMavenResourcesFiltering - skip non existing resourceDirectory E:\Qk_practice_Project\FireSolution_Project\Project_Firesolution\src\main\resources
2024-12-07 18:47:30,363 [Worker-24: Building] INFO  o.a.m.s.f.DefaultMavenResourcesFiltering - skip non existing resourceDirectory E:\Qk_practice_Project\FireSolution_Project\Project_Firesolution\src\test\resources
2024-12-07 18:54:53,713 [Worker-29: Building] INFO  o.a.m.s.f.DefaultMavenResourcesFiltering - skip non existing resourceDirectory E:\Qk_practice_Project\FireSolution_Project\Project_Firesolution\src\main\resources
2024-12-07 18:54:53,717 [Worker-29: Building] INFO  o.a.m.s.f.DefaultMavenResourcesFiltering - skip non existing resourceDirectory E:\Qk_practice_Project\FireSolution_Project\Project_Firesolution\src\test\resources
2024-12-07 18:56:05,340 [Worker-29: Building] INFO  o.a.m.s.f.DefaultMavenResourcesFiltering - skip non existing resourceDirectory E:\Qk_practice_Project\FireSolution_Project\Project_Firesolution\src\main\resources
2024-12-07 18:56:05,344 [Worker-29: Building] INFO  o.a.m.s.f.DefaultMavenResourcesFiltering - skip non existing resourceDirectory E:\Qk_practice_Project\FireSolution_Project\Project_Firesolution\src\test\resources
2024-12-07 19:01:21,141 [Worker-33: Building] INFO  o.a.m.s.f.DefaultMavenResourcesFiltering - skip non existing resourceDirectory E:\Qk_practice_Project\FireSolution_Project\Project_Firesolution\src\main\resources
2024-12-07 19:01:21,144 [Worker-33: Building] INFO  o.a.m.s.f.DefaultMavenResourcesFiltering - skip non existing resourceDirectory E:\Qk_practice_Project\FireSolution_Project\Project_Firesolution\src\test\resources
2024-12-09 10:37:07,997 [Worker-4: Loading available Gradle versions] INFO  o.e.b.c.i.u.g.PublishedGradleVersions - Gradle version information cache is out-of-date. Trying to update.
2024-12-09 10:59:17,766 [Worker-1: Loading available Gradle versions] INFO  o.e.b.c.i.u.g.PublishedGradleVersions - Gradle version information cache is up-to-date. Trying to read.
2024-12-09 10:59:53,804 [Worker-15: Build] INFO  o.a.m.s.f.DefaultMavenResourcesFiltering - skip non existing resourceDirectory E:\Qk_practice_Project\FireSolution_Project\Project_Firesolution\src\main\resources
2024-12-09 10:59:53,811 [Worker-15: Build] INFO  o.a.m.s.f.DefaultMavenResourcesFiltering - skip non existing resourceDirectory E:\Qk_practice_Project\FireSolution_Project\Project_Firesolution\src\test\resources
2024-12-09 11:05:45,563 [Worker-17: Building] INFO  o.a.m.s.f.DefaultMavenResourcesFiltering - skip non existing resourceDirectory E:\Qk_practice_Project\FireSolution_Project\Project_Firesolution\src\main\resources
2024-12-09 11:05:45,567 [Worker-17: Building] INFO  o.a.m.s.f.DefaultMavenResourcesFiltering - skip non existing resourceDirectory E:\Qk_practice_Project\FireSolution_Project\Project_Firesolution\src\test\resources
2024-12-09 11:06:21,200 [Worker-21: Building] INFO  o.a.m.s.f.DefaultMavenResourcesFiltering - skip non existing resourceDirectory E:\Qk_practice_Project\FireSolution_Project\Project_Firesolution\src\main\resources
2024-12-09 11:06:21,204 [Worker-21: Building] INFO  o.a.m.s.f.DefaultMavenResourcesFiltering - skip non existing resourceDirectory E:\Qk_practice_Project\FireSolution_Project\Project_Firesolution\src\test\resources
2024-12-09 11:08:49,365 [Worker-26: Building] INFO  o.a.m.s.f.DefaultMavenResourcesFiltering - skip non existing resourceDirectory E:\Qk_practice_Project\FireSolution_Project\Project_Firesolution\src\main\resources
2024-12-09 11:08:49,370 [Worker-26: Building] INFO  o.a.m.s.f.DefaultMavenResourcesFiltering - skip non existing resourceDirectory E:\Qk_practice_Project\FireSolution_Project\Project_Firesolution\src\test\resources
2024-12-09 11:09:27,221 [Worker-29: Building] INFO  o.a.m.s.f.DefaultMavenResourcesFiltering - skip non existing resourceDirectory E:\Qk_practice_Project\FireSolution_Project\Project_Firesolution\src\main\resources
2024-12-09 11:09:27,227 [Worker-29: Building] INFO  o.a.m.s.f.DefaultMavenResourcesFiltering - skip non existing resourceDirectory E:\Qk_practice_Project\FireSolution_Project\Project_Firesolution\src\test\resources
2024-12-09 11:10:14,594 [Worker-28: Building] INFO  o.a.m.s.f.DefaultMavenResourcesFiltering - skip non existing resourceDirectory E:\Qk_practice_Project\FireSolution_Project\Project_Firesolution\src\main\resources
2024-12-09 11:10:14,600 [Worker-28: Building] INFO  o.a.m.s.f.DefaultMavenResourcesFiltering - skip non existing resourceDirectory E:\Qk_practice_Project\FireSolution_Project\Project_Firesolution\src\test\resources
2024-12-09 11:12:43,739 [Worker-33: Building] INFO  o.a.m.s.f.DefaultMavenResourcesFiltering - skip non existing resourceDirectory E:\Qk_practice_Project\FireSolution_Project\Project_Firesolution\src\main\resources
2024-12-09 11:12:43,743 [Worker-33: Building] INFO  o.a.m.s.f.DefaultMavenResourcesFiltering - skip non existing resourceDirectory E:\Qk_practice_Project\FireSolution_Project\Project_Firesolution\src\test\resources
2024-12-09 11:22:30,305 [Worker-29: Building] INFO  o.a.m.s.f.DefaultMavenResourcesFiltering - skip non existing resourceDirectory E:\Qk_practice_Project\FireSolution_Project\Project_Firesolution\src\main\resources
2024-12-09 11:22:30,313 [Worker-29: Building] INFO  o.a.m.s.f.DefaultMavenResourcesFiltering - skip non existing resourceDirectory E:\Qk_practice_Project\FireSolution_Project\Project_Firesolution\src\test\resources
2024-12-09 11:22:42,331 [Worker-38: Building] INFO  o.a.m.s.f.DefaultMavenResourcesFiltering - skip non existing resourceDirectory E:\Qk_practice_Project\FireSolution_Project\Project_Firesolution\src\main\resources
2024-12-09 11:22:42,338 [Worker-38: Building] INFO  o.a.m.s.f.DefaultMavenResourcesFiltering - skip non existing resourceDirectory E:\Qk_practice_Project\FireSolution_Project\Project_Firesolution\src\test\resources
2024-12-09 11:22:47,097 [Worker-37: Building] INFO  o.a.m.s.f.DefaultMavenResourcesFiltering - skip non existing resourceDirectory E:\Qk_practice_Project\FireSolution_Project\Project_Firesolution\src\main\resources
2024-12-09 11:22:47,104 [Worker-37: Building] INFO  o.a.m.s.f.DefaultMavenResourcesFiltering - skip non existing resourceDirectory E:\Qk_practice_Project\FireSolution_Project\Project_Firesolution\src\test\resources
2024-12-09 11:24:01,489 [Worker-38: Building] INFO  o.a.m.s.f.DefaultMavenResourcesFiltering - skip non existing resourceDirectory E:\Qk_practice_Project\FireSolution_Project\Project_Firesolution\src\main\resources
2024-12-09 11:24:01,495 [Worker-38: Building] INFO  o.a.m.s.f.DefaultMavenResourcesFiltering - skip non existing resourceDirectory E:\Qk_practice_Project\FireSolution_Project\Project_Firesolution\src\test\resources
2024-12-09 11:32:48,031 [Worker-42: Building] INFO  o.a.m.s.f.DefaultMavenResourcesFiltering - skip non existing resourceDirectory E:\Qk_practice_Project\FireSolution_Project\Project_Firesolution\src\main\resources
2024-12-09 11:32:48,036 [Worker-42: Building] INFO  o.a.m.s.f.DefaultMavenResourcesFiltering - skip non existing resourceDirectory E:\Qk_practice_Project\FireSolution_Project\Project_Firesolution\src\test\resources
2024-12-09 12:02:06,318 [Worker-57: Building] INFO  o.a.m.s.f.DefaultMavenResourcesFiltering - skip non existing resourceDirectory E:\Qk_practice_Project\FireSolution_Project\Project_Firesolution\src\main\resources
2024-12-09 12:02:06,325 [Worker-57: Building] INFO  o.a.m.s.f.DefaultMavenResourcesFiltering - skip non existing resourceDirectory E:\Qk_practice_Project\FireSolution_Project\Project_Firesolution\src\test\resources
2024-12-09 12:05:50,539 [Worker-55: Building] INFO  o.a.m.s.f.DefaultMavenResourcesFiltering - skip non existing resourceDirectory E:\Qk_practice_Project\FireSolution_Project\Project_Firesolution\src\main\resources
2024-12-09 12:05:50,551 [Worker-55: Building] INFO  o.a.m.s.f.DefaultMavenResourcesFiltering - skip non existing resourceDirectory E:\Qk_practice_Project\FireSolution_Project\Project_Firesolution\src\test\resources
2024-12-09 12:24:26,871 [Worker-69: Building] INFO  o.a.m.s.f.DefaultMavenResourcesFiltering - skip non existing resourceDirectory E:\Qk_practice_Project\FireSolution_Project\Project_Firesolution\src\main\resources
2024-12-09 12:24:26,876 [Worker-69: Building] INFO  o.a.m.s.f.DefaultMavenResourcesFiltering - skip non existing resourceDirectory E:\Qk_practice_Project\FireSolution_Project\Project_Firesolution\src\test\resources
2024-12-09 12:24:45,057 [Worker-72: Building] INFO  o.a.m.s.f.DefaultMavenResourcesFiltering - skip non existing resourceDirectory E:\Qk_practice_Project\FireSolution_Project\Project_Firesolution\src\main\resources
2024-12-09 12:24:45,065 [Worker-72: Building] INFO  o.a.m.s.f.DefaultMavenResourcesFiltering - skip non existing resourceDirectory E:\Qk_practice_Project\FireSolution_Project\Project_Firesolution\src\test\resources
2024-12-09 12:25:06,272 [Worker-72: Building] INFO  o.a.m.s.f.DefaultMavenResourcesFiltering - skip non existing resourceDirectory E:\Qk_practice_Project\FireSolution_Project\Project_Firesolution\src\main\resources
2024-12-09 12:25:06,281 [Worker-72: Building] INFO  o.a.m.s.f.DefaultMavenResourcesFiltering - skip non existing resourceDirectory E:\Qk_practice_Project\FireSolution_Project\Project_Firesolution\src\test\resources
2024-12-09 12:25:17,440 [Worker-69: Building] INFO  o.a.m.s.f.DefaultMavenResourcesFiltering - skip non existing resourceDirectory E:\Qk_practice_Project\FireSolution_Project\Project_Firesolution\src\main\resources
2024-12-09 12:25:17,449 [Worker-69: Building] INFO  o.a.m.s.f.DefaultMavenResourcesFiltering - skip non existing resourceDirectory E:\Qk_practice_Project\FireSolution_Project\Project_Firesolution\src\test\resources
2024-12-09 12:25:45,961 [Worker-70: Building] INFO  o.a.m.s.f.DefaultMavenResourcesFiltering - skip non existing resourceDirectory E:\Qk_practice_Project\FireSolution_Project\Project_Firesolution\src\main\resources
2024-12-09 12:25:45,969 [Worker-70: Building] INFO  o.a.m.s.f.DefaultMavenResourcesFiltering - skip non existing resourceDirectory E:\Qk_practice_Project\FireSolution_Project\Project_Firesolution\src\test\resources
2024-12-09 12:26:02,112 [Worker-70: Building] INFO  o.a.m.s.f.DefaultMavenResourcesFiltering - skip non existing resourceDirectory E:\Qk_practice_Project\FireSolution_Project\Project_Firesolution\src\main\resources
2024-12-09 12:26:02,118 [Worker-70: Building] INFO  o.a.m.s.f.DefaultMavenResourcesFiltering - skip non existing resourceDirectory E:\Qk_practice_Project\FireSolution_Project\Project_Firesolution\src\test\resources
2024-12-09 12:26:12,451 [Worker-71: Building] INFO  o.a.m.s.f.DefaultMavenResourcesFiltering - skip non existing resourceDirectory E:\Qk_practice_Project\FireSolution_Project\Project_Firesolution\src\main\resources
2024-12-09 12:26:12,459 [Worker-71: Building] INFO  o.a.m.s.f.DefaultMavenResourcesFiltering - skip non existing resourceDirectory E:\Qk_practice_Project\FireSolution_Project\Project_Firesolution\src\test\resources
2024-12-09 12:27:22,372 [Worker-72: Building] INFO  o.a.m.s.f.DefaultMavenResourcesFiltering - skip non existing resourceDirectory E:\Qk_practice_Project\FireSolution_Project\Project_Firesolution\src\main\resources
2024-12-09 12:27:22,379 [Worker-72: Building] INFO  o.a.m.s.f.DefaultMavenResourcesFiltering - skip non existing resourceDirectory E:\Qk_practice_Project\FireSolution_Project\Project_Firesolution\src\test\resources
2024-12-09 12:30:19,547 [Worker-67: Building] INFO  o.a.m.s.f.DefaultMavenResourcesFiltering - skip non existing resourceDirectory E:\Qk_practice_Project\FireSolution_Project\Project_Firesolution\src\main\resources
2024-12-09 12:30:19,555 [Worker-67: Building] INFO  o.a.m.s.f.DefaultMavenResourcesFiltering - skip non existing resourceDirectory E:\Qk_practice_Project\FireSolution_Project\Project_Firesolution\src\test\resources
2024-12-09 12:31:35,627 [Worker-69: Building] INFO  o.a.m.s.f.DefaultMavenResourcesFiltering - skip non existing resourceDirectory E:\Qk_practice_Project\FireSolution_Project\Project_Firesolution\src\main\resources
2024-12-09 12:31:35,635 [Worker-69: Building] INFO  o.a.m.s.f.DefaultMavenResourcesFiltering - skip non existing resourceDirectory E:\Qk_practice_Project\FireSolution_Project\Project_Firesolution\src\test\resources
2024-12-09 12:35:32,132 [Worker-76: Building] INFO  o.a.m.s.f.DefaultMavenResourcesFiltering - skip non existing resourceDirectory E:\Qk_practice_Project\FireSolution_Project\Project_Firesolution\src\main\resources
2024-12-09 12:35:32,140 [Worker-76: Building] INFO  o.a.m.s.f.DefaultMavenResourcesFiltering - skip non existing resourceDirectory E:\Qk_practice_Project\FireSolution_Project\Project_Firesolution\src\test\resources
2024-12-09 12:37:36,184 [Worker-67: Building] INFO  o.a.m.s.f.DefaultMavenResourcesFiltering - skip non existing resourceDirectory E:\Qk_practice_Project\FireSolution_Project\Project_Firesolution\src\main\resources
2024-12-09 12:37:36,190 [Worker-67: Building] INFO  o.a.m.s.f.DefaultMavenResourcesFiltering - skip non existing resourceDirectory E:\Qk_practice_Project\FireSolution_Project\Project_Firesolution\src\test\resources
2024-12-09 12:37:54,037 [Worker-78: Building] INFO  o.a.m.s.f.DefaultMavenResourcesFiltering - skip non existing resourceDirectory E:\Qk_practice_Project\FireSolution_Project\Project_Firesolution\src\main\resources
2024-12-09 12:37:54,044 [Worker-78: Building] INFO  o.a.m.s.f.DefaultMavenResourcesFiltering - skip non existing resourceDirectory E:\Qk_practice_Project\FireSolution_Project\Project_Firesolution\src\test\resources
2024-12-09 12:40:07,533 [Worker-67: Building] INFO  o.a.m.s.f.DefaultMavenResourcesFiltering - skip non existing resourceDirectory E:\Qk_practice_Project\FireSolution_Project\Project_Firesolution\src\main\resources
2024-12-09 12:40:07,539 [Worker-67: Building] INFO  o.a.m.s.f.DefaultMavenResourcesFiltering - skip non existing resourceDirectory E:\Qk_practice_Project\FireSolution_Project\Project_Firesolution\src\test\resources
2024-12-09 12:53:49,208 [Worker-82: Building] INFO  o.a.m.s.f.DefaultMavenResourcesFiltering - skip non existing resourceDirectory E:\Qk_practice_Project\FireSolution_Project\Project_Firesolution\src\main\resources
2024-12-09 12:53:49,216 [Worker-82: Building] INFO  o.a.m.s.f.DefaultMavenResourcesFiltering - skip non existing resourceDirectory E:\Qk_practice_Project\FireSolution_Project\Project_Firesolution\src\test\resources
2024-12-09 12:59:55,082 [Worker-80: Building] INFO  o.a.m.s.f.DefaultMavenResourcesFiltering - skip non existing resourceDirectory E:\Qk_practice_Project\FireSolution_Project\Project_Firesolution\src\main\resources
2024-12-09 12:59:55,089 [Worker-80: Building] INFO  o.a.m.s.f.DefaultMavenResourcesFiltering - skip non existing resourceDirectory E:\Qk_practice_Project\FireSolution_Project\Project_Firesolution\src\test\resources
2024-12-09 13:10:35,684 [Worker-93: Building] INFO  o.a.m.s.f.DefaultMavenResourcesFiltering - skip non existing resourceDirectory E:\Qk_practice_Project\FireSolution_Project\Project_Firesolution\src\main\resources
2024-12-09 13:10:35,694 [Worker-93: Building] INFO  o.a.m.s.f.DefaultMavenResourcesFiltering - skip non existing resourceDirectory E:\Qk_practice_Project\FireSolution_Project\Project_Firesolution\src\test\resources
2024-12-09 13:14:19,838 [Worker-92: Building] INFO  o.a.m.s.f.DefaultMavenResourcesFiltering - skip non existing resourceDirectory E:\Qk_practice_Project\FireSolution_Project\Project_Firesolution\src\main\resources
2024-12-09 13:14:19,846 [Worker-92: Building] INFO  o.a.m.s.f.DefaultMavenResourcesFiltering - skip non existing resourceDirectory E:\Qk_practice_Project\FireSolution_Project\Project_Firesolution\src\test\resources
2024-12-09 13:29:38,641 [Worker-99: Building] INFO  o.a.m.s.f.DefaultMavenResourcesFiltering - skip non existing resourceDirectory E:\Qk_practice_Project\FireSolution_Project\Project_Firesolution\src\main\resources
2024-12-09 13:29:38,650 [Worker-99: Building] INFO  o.a.m.s.f.DefaultMavenResourcesFiltering - skip non existing resourceDirectory E:\Qk_practice_Project\FireSolution_Project\Project_Firesolution\src\test\resources
2024-12-09 13:29:40,955 [main] INFO  o.e.m.jdt.internal.UnitTestSupport - Updating TC_ClientSignPage_003 from maven configuration
2024-12-09 13:29:41,817 [main] INFO  o.e.m.c.i.e.AbstractTransferListenerAdapter - Downloading https://repo.maven.apache.org/maven2/org/apache/maven/surefire/surefire-api/3.3.0/surefire-api-3.3.0.pom
2024-12-09 13:29:41,846 [main] INFO  o.e.m.c.i.e.AbstractTransferListenerAdapter - Downloaded https://repo.maven.apache.org/maven2/org/apache/maven/surefire/surefire-api/3.3.0/surefire-api-3.3.0.pom
2024-12-09 13:29:41,933 [main] INFO  o.e.m.c.i.e.AbstractTransferListenerAdapter - Downloading https://repo.maven.apache.org/maven2/org/apache/maven/surefire/surefire-logger-api/3.3.0/surefire-logger-api-3.3.0.pom
2024-12-09 13:29:41,961 [main] INFO  o.e.m.c.i.e.AbstractTransferListenerAdapter - Downloaded https://repo.maven.apache.org/maven2/org/apache/maven/surefire/surefire-logger-api/3.3.0/surefire-logger-api-3.3.0.pom
2024-12-09 13:29:42,030 [main] INFO  o.e.m.c.i.e.AbstractTransferListenerAdapter - Downloading https://repo.maven.apache.org/maven2/org/apache/maven/surefire/surefire-shared-utils/3.3.0/surefire-shared-utils-3.3.0.pom
2024-12-09 13:29:42,048 [main] INFO  o.e.m.c.i.e.AbstractTransferListenerAdapter - Downloaded https://repo.maven.apache.org/maven2/org/apache/maven/surefire/surefire-shared-utils/3.3.0/surefire-shared-utils-3.3.0.pom
2024-12-09 13:29:42,112 [main] INFO  o.e.m.c.i.e.AbstractTransferListenerAdapter - Downloading https://repo.maven.apache.org/maven2/org/apache/maven/surefire/surefire-extensions-api/3.3.0/surefire-extensions-api-3.3.0.pom
2024-12-09 13:29:42,126 [main] INFO  o.e.m.c.i.e.AbstractTransferListenerAdapter - Downloaded https://repo.maven.apache.org/maven2/org/apache/maven/surefire/surefire-extensions-api/3.3.0/surefire-extensions-api-3.3.0.pom
2024-12-09 13:29:42,191 [main] INFO  o.e.m.c.i.e.AbstractTransferListenerAdapter - Downloading https://repo.maven.apache.org/maven2/org/apache/maven/surefire/maven-surefire-common/3.3.0/maven-surefire-common-3.3.0.pom
2024-12-09 13:29:42,211 [main] INFO  o.e.m.c.i.e.AbstractTransferListenerAdapter - Downloaded https://repo.maven.apache.org/maven2/org/apache/maven/surefire/maven-surefire-common/3.3.0/maven-surefire-common-3.3.0.pom
2024-12-09 13:29:42,288 [main] INFO  o.e.m.c.i.e.AbstractTransferListenerAdapter - Downloading https://repo.maven.apache.org/maven2/org/apache/maven/surefire/surefire-booter/3.3.0/surefire-booter-3.3.0.pom
2024-12-09 13:29:42,300 [main] INFO  o.e.m.c.i.e.AbstractTransferListenerAdapter - Downloaded https://repo.maven.apache.org/maven2/org/apache/maven/surefire/surefire-booter/3.3.0/surefire-booter-3.3.0.pom
2024-12-09 13:29:42,384 [main] INFO  o.e.m.c.i.e.AbstractTransferListenerAdapter - Downloading https://repo.maven.apache.org/maven2/org/apache/maven/surefire/surefire-extensions-spi/3.3.0/surefire-extensions-spi-3.3.0.pom
2024-12-09 13:29:42,394 [main] INFO  o.e.m.c.i.e.AbstractTransferListenerAdapter - Downloaded https://repo.maven.apache.org/maven2/org/apache/maven/surefire/surefire-extensions-spi/3.3.0/surefire-extensions-spi-3.3.0.pom
2024-12-09 13:29:42,470 [main] INFO  o.e.m.c.i.e.AbstractTransferListenerAdapter - Downloading https://repo.maven.apache.org/maven2/org/apache/maven/resolver/maven-resolver-util/1.4.1/maven-resolver-util-1.4.1.pom
2024-12-09 13:29:42,485 [main] INFO  o.e.m.c.i.e.AbstractTransferListenerAdapter - Downloaded https://repo.maven.apache.org/maven2/org/apache/maven/resolver/maven-resolver-util/1.4.1/maven-resolver-util-1.4.1.pom
2024-12-09 13:29:42,566 [main] INFO  o.e.m.c.i.e.AbstractTransferListenerAdapter - Downloading https://repo.maven.apache.org/maven2/org/apache/maven/resolver/maven-resolver/1.4.1/maven-resolver-1.4.1.pom
2024-12-09 13:29:42,585 [main] INFO  o.e.m.c.i.e.AbstractTransferListenerAdapter - Downloaded https://repo.maven.apache.org/maven2/org/apache/maven/resolver/maven-resolver/1.4.1/maven-resolver-1.4.1.pom
2024-12-09 13:29:42,672 [main] INFO  o.e.m.c.i.e.AbstractTransferListenerAdapter - Downloading https://repo.maven.apache.org/maven2/org/apache/maven/resolver/maven-resolver-api/1.4.1/maven-resolver-api-1.4.1.pom
2024-12-09 13:29:42,696 [main] INFO  o.e.m.c.i.e.AbstractTransferListenerAdapter - Downloaded https://repo.maven.apache.org/maven2/org/apache/maven/resolver/maven-resolver-api/1.4.1/maven-resolver-api-1.4.1.pom
2024-12-09 13:29:42,759 [main] INFO  o.e.m.c.i.e.AbstractTransferListenerAdapter - Downloading https://repo.maven.apache.org/maven2/org/apache/maven/shared/maven-common-artifact-filters/3.4.0/maven-common-artifact-filters-3.4.0.pom
2024-12-09 13:29:42,773 [main] INFO  o.e.m.c.i.e.AbstractTransferListenerAdapter - Downloaded https://repo.maven.apache.org/maven2/org/apache/maven/shared/maven-common-artifact-filters/3.4.0/maven-common-artifact-filters-3.4.0.pom
2024-12-09 13:29:42,975 [main] INFO  o.e.m.c.i.e.AbstractTransferListenerAdapter - Downloading https://repo.maven.apache.org/maven2/org/apache/maven/surefire/surefire-api/3.3.0/surefire-api-3.3.0.jar
2024-12-09 13:29:43,133 [main] INFO  o.e.m.c.i.e.AbstractTransferListenerAdapter - Downloaded https://repo.maven.apache.org/maven2/org/apache/maven/surefire/surefire-api/3.3.0/surefire-api-3.3.0.jar
2024-12-09 13:29:43,196 [BasicRepositoryConnector-repo.maven.apache.org-0-1] INFO  o.e.m.c.i.e.AbstractTransferListenerAdapter - Downloading https://repo.maven.apache.org/maven2/org/apache/maven/surefire/surefire-shared-utils/3.3.0/surefire-shared-utils-3.3.0.jar
2024-12-09 13:29:43,278 [BasicRepositoryConnector-repo.maven.apache.org-0-2] INFO  o.e.m.c.i.e.AbstractTransferListenerAdapter - Downloading https://repo.maven.apache.org/maven2/org/apache/maven/surefire/surefire-extensions-api/3.3.0/surefire-extensions-api-3.3.0.jar
2024-12-09 13:29:43,278 [BasicRepositoryConnector-repo.maven.apache.org-0-0] INFO  o.e.m.c.i.e.AbstractTransferListenerAdapter - Downloading https://repo.maven.apache.org/maven2/org/apache/maven/surefire/surefire-logger-api/3.3.0/surefire-logger-api-3.3.0.jar
2024-12-09 13:29:43,282 [BasicRepositoryConnector-repo.maven.apache.org-0-3] INFO  o.e.m.c.i.e.AbstractTransferListenerAdapter - Downloading https://repo.maven.apache.org/maven2/org/apache/maven/surefire/maven-surefire-common/3.3.0/maven-surefire-common-3.3.0.jar
2024-12-09 13:29:43,289 [BasicRepositoryConnector-repo.maven.apache.org-0-4] INFO  o.e.m.c.i.e.AbstractTransferListenerAdapter - Downloading https://repo.maven.apache.org/maven2/org/apache/maven/surefire/surefire-booter/3.3.0/surefire-booter-3.3.0.jar
2024-12-09 13:29:43,300 [BasicRepositoryConnector-repo.maven.apache.org-0-0] INFO  o.e.m.c.i.e.AbstractTransferListenerAdapter - Downloaded https://repo.maven.apache.org/maven2/org/apache/maven/surefire/surefire-logger-api/3.3.0/surefire-logger-api-3.3.0.jar
2024-12-09 13:29:43,324 [BasicRepositoryConnector-repo.maven.apache.org-0-2] INFO  o.e.m.c.i.e.AbstractTransferListenerAdapter - Downloaded https://repo.maven.apache.org/maven2/org/apache/maven/surefire/surefire-extensions-api/3.3.0/surefire-extensions-api-3.3.0.jar
2024-12-09 13:29:43,348 [BasicRepositoryConnector-repo.maven.apache.org-0-0] INFO  o.e.m.c.i.e.AbstractTransferListenerAdapter - Downloading https://repo.maven.apache.org/maven2/org/apache/maven/surefire/surefire-extensions-spi/3.3.0/surefire-extensions-spi-3.3.0.jar
2024-12-09 13:29:43,362 [BasicRepositoryConnector-repo.maven.apache.org-0-0] INFO  o.e.m.c.i.e.AbstractTransferListenerAdapter - Downloaded https://repo.maven.apache.org/maven2/org/apache/maven/surefire/surefire-extensions-spi/3.3.0/surefire-extensions-spi-3.3.0.jar
2024-12-09 13:29:43,370 [BasicRepositoryConnector-repo.maven.apache.org-0-2] INFO  o.e.m.c.i.e.AbstractTransferListenerAdapter - Downloading https://repo.maven.apache.org/maven2/org/apache/maven/resolver/maven-resolver-util/1.4.1/maven-resolver-util-1.4.1.jar
2024-12-09 13:29:43,404 [BasicRepositoryConnector-repo.maven.apache.org-0-4] INFO  o.e.m.c.i.e.AbstractTransferListenerAdapter - Downloaded https://repo.maven.apache.org/maven2/org/apache/maven/surefire/surefire-booter/3.3.0/surefire-booter-3.3.0.jar
2024-12-09 13:29:43,415 [BasicRepositoryConnector-repo.maven.apache.org-0-0] INFO  o.e.m.c.i.e.AbstractTransferListenerAdapter - Downloading https://repo.maven.apache.org/maven2/org/apache/maven/resolver/maven-resolver-api/1.4.1/maven-resolver-api-1.4.1.jar
2024-12-09 13:29:43,458 [BasicRepositoryConnector-repo.maven.apache.org-0-4] INFO  o.e.m.c.i.e.AbstractTransferListenerAdapter - Downloading https://repo.maven.apache.org/maven2/org/apache/maven/shared/maven-common-artifact-filters/3.4.0/maven-common-artifact-filters-3.4.0.jar
2024-12-09 13:29:43,483 [BasicRepositoryConnector-repo.maven.apache.org-0-4] INFO  o.e.m.c.i.e.AbstractTransferListenerAdapter - Downloaded https://repo.maven.apache.org/maven2/org/apache/maven/shared/maven-common-artifact-filters/3.4.0/maven-common-artifact-filters-3.4.0.jar
2024-12-09 13:29:43,522 [BasicRepositoryConnector-repo.maven.apache.org-0-3] INFO  o.e.m.c.i.e.AbstractTransferListenerAdapter - Downloaded https://repo.maven.apache.org/maven2/org/apache/maven/surefire/maven-surefire-common/3.3.0/maven-surefire-common-3.3.0.jar
2024-12-09 13:29:43,540 [BasicRepositoryConnector-repo.maven.apache.org-0-2] INFO  o.e.m.c.i.e.AbstractTransferListenerAdapter - Downloaded https://repo.maven.apache.org/maven2/org/apache/maven/resolver/maven-resolver-util/1.4.1/maven-resolver-util-1.4.1.jar
2024-12-09 13:29:43,565 [BasicRepositoryConnector-repo.maven.apache.org-0-0] INFO  o.e.m.c.i.e.AbstractTransferListenerAdapter - Downloaded https://repo.maven.apache.org/maven2/org/apache/maven/resolver/maven-resolver-api/1.4.1/maven-resolver-api-1.4.1.jar
2024-12-09 13:29:43,958 [BasicRepositoryConnector-repo.maven.apache.org-0-1] INFO  o.e.m.c.i.e.AbstractTransferListenerAdapter - Downloaded https://repo.maven.apache.org/maven2/org/apache/maven/surefire/surefire-shared-utils/3.3.0/surefire-shared-utils-3.3.0.jar
2024-12-09 13:38:30,029 [Worker-103: Building] INFO  o.a.m.s.f.DefaultMavenResourcesFiltering - skip non existing resourceDirectory E:\Qk_practice_Project\FireSolution_Project\Project_Firesolution\src\main\resources
2024-12-09 13:38:30,034 [Worker-103: Building] INFO  o.a.m.s.f.DefaultMavenResourcesFiltering - skip non existing resourceDirectory E:\Qk_practice_Project\FireSolution_Project\Project_Firesolution\src\test\resources
2024-12-09 15:29:18,522 [Worker-122: Building] INFO  o.a.m.s.f.DefaultMavenResourcesFiltering - skip non existing resourceDirectory E:\Qk_practice_Project\FireSolution_Project\Project_Firesolution\src\main\resources
2024-12-09 15:29:18,533 [Worker-122: Building] INFO  o.a.m.s.f.DefaultMavenResourcesFiltering - skip non existing resourceDirectory E:\Qk_practice_Project\FireSolution_Project\Project_Firesolution\src\test\resources
2024-12-09 15:30:38,675 [Worker-116: Building] INFO  o.a.m.s.f.DefaultMavenResourcesFiltering - skip non existing resourceDirectory E:\Qk_practice_Project\FireSolution_Project\Project_Firesolution\src\main\resources
2024-12-09 15:30:38,681 [Worker-116: Building] INFO  o.a.m.s.f.DefaultMavenResourcesFiltering - skip non existing resourceDirectory E:\Qk_practice_Project\FireSolution_Project\Project_Firesolution\src\test\resources
2024-12-09 15:33:32,704 [Worker-123: Building] INFO  o.a.m.s.f.DefaultMavenResourcesFiltering - skip non existing resourceDirectory E:\Qk_practice_Project\FireSolution_Project\Project_Firesolution\src\main\resources
2024-12-09 15:33:32,713 [Worker-123: Building] INFO  o.a.m.s.f.DefaultMavenResourcesFiltering - skip non existing resourceDirectory E:\Qk_practice_Project\FireSolution_Project\Project_Firesolution\src\test\resources
2024-12-09 15:58:16,625 [Worker-128: Building] INFO  o.a.m.s.f.DefaultMavenResourcesFiltering - skip non existing resourceDirectory E:\Qk_practice_Project\FireSolution_Project\Project_Firesolution\src\main\resources
2024-12-09 15:58:16,628 [Worker-128: Building] INFO  o.a.m.s.f.DefaultMavenResourcesFiltering - skip non existing resourceDirectory E:\Qk_practice_Project\FireSolution_Project\Project_Firesolution\src\test\resources
2024-12-09 16:19:39,199 [Worker-127: Building] INFO  o.a.m.s.f.DefaultMavenResourcesFiltering - skip non existing resourceDirectory E:\Qk_practice_Project\FireSolution_Project\Project_Firesolution\src\main\resources
2024-12-09 16:19:39,203 [Worker-127: Building] INFO  o.a.m.s.f.DefaultMavenResourcesFiltering - skip non existing resourceDirectory E:\Qk_practice_Project\FireSolution_Project\Project_Firesolution\src\test\resources
2024-12-09 16:20:31,922 [Worker-127: Building] INFO  o.a.m.s.f.DefaultMavenResourcesFiltering - skip non existing resourceDirectory E:\Qk_practice_Project\FireSolution_Project\Project_Firesolution\src\main\resources
2024-12-09 16:20:31,926 [Worker-127: Building] INFO  o.a.m.s.f.DefaultMavenResourcesFiltering - skip non existing resourceDirectory E:\Qk_practice_Project\FireSolution_Project\Project_Firesolution\src\test\resources
2024-12-09 16:22:27,973 [Worker-127: Building] INFO  o.a.m.s.f.DefaultMavenResourcesFiltering - skip non existing resourceDirectory E:\Qk_practice_Project\FireSolution_Project\Project_Firesolution\src\main\resources
2024-12-09 16:22:27,977 [Worker-127: Building] INFO  o.a.m.s.f.DefaultMavenResourcesFiltering - skip non existing resourceDirectory E:\Qk_practice_Project\FireSolution_Project\Project_Firesolution\src\test\resources
2024-12-09 16:22:39,213 [Worker-135: Building] INFO  o.a.m.s.f.DefaultMavenResourcesFiltering - skip non existing resourceDirectory E:\Qk_practice_Project\FireSolution_Project\Project_Firesolution\src\main\resources
2024-12-09 16:22:39,216 [Worker-135: Building] INFO  o.a.m.s.f.DefaultMavenResourcesFiltering - skip non existing resourceDirectory E:\Qk_practice_Project\FireSolution_Project\Project_Firesolution\src\test\resources
2024-12-09 16:23:19,003 [Worker-127: Building] INFO  o.a.m.s.f.DefaultMavenResourcesFiltering - skip non existing resourceDirectory E:\Qk_practice_Project\FireSolution_Project\Project_Firesolution\src\main\resources
2024-12-09 16:23:19,008 [Worker-127: Building] INFO  o.a.m.s.f.DefaultMavenResourcesFiltering - skip non existing resourceDirectory E:\Qk_practice_Project\FireSolution_Project\Project_Firesolution\src\test\resources
2024-12-09 16:31:57,506 [Worker-139: Building] INFO  o.a.m.s.f.DefaultMavenResourcesFiltering - skip non existing resourceDirectory E:\Qk_practice_Project\FireSolution_Project\Project_Firesolution\src\main\resources
2024-12-09 16:31:57,509 [Worker-139: Building] INFO  o.a.m.s.f.DefaultMavenResourcesFiltering - skip non existing resourceDirectory E:\Qk_practice_Project\FireSolution_Project\Project_Firesolution\src\test\resources
2024-12-09 16:34:06,718 [Worker-146: Building] INFO  o.a.m.s.f.DefaultMavenResourcesFiltering - skip non existing resourceDirectory E:\Qk_practice_Project\FireSolution_Project\Project_Firesolution\src\main\resources
2024-12-09 16:34:06,726 [Worker-146: Building] INFO  o.a.m.s.f.DefaultMavenResourcesFiltering - skip non existing resourceDirectory E:\Qk_practice_Project\FireSolution_Project\Project_Firesolution\src\test\resources
2024-12-09 16:37:45,671 [Worker-150: Launching Project_Firesolution_TestNG.xml] INFO  o.a.m.s.f.DefaultMavenResourcesFiltering - skip non existing resourceDirectory E:\Qk_practice_Project\FireSolution_Project\Project_Firesolution\src\main\resources
2024-12-09 16:37:45,686 [Worker-150: Launching Project_Firesolution_TestNG.xml] INFO  o.a.m.s.f.DefaultMavenResourcesFiltering - skip non existing resourceDirectory E:\Qk_practice_Project\FireSolution_Project\Project_Firesolution\src\test\resources
2024-12-09 16:51:20,237 [Worker-158: Building] INFO  o.a.m.s.f.DefaultMavenResourcesFiltering - skip non existing resourceDirectory E:\Qk_practice_Project\FireSolution_Project\Project_Firesolution\src\main\resources
2024-12-09 16:51:20,244 [Worker-158: Building] INFO  o.a.m.s.f.DefaultMavenResourcesFiltering - skip non existing resourceDirectory E:\Qk_practice_Project\FireSolution_Project\Project_Firesolution\src\test\resources
2024-12-09 16:53:58,379 [Worker-158: Building] INFO  o.a.m.s.f.DefaultMavenResourcesFiltering - skip non existing resourceDirectory E:\Qk_practice_Project\FireSolution_Project\Project_Firesolution\src\main\resources
2024-12-09 16:53:58,386 [Worker-158: Building] INFO  o.a.m.s.f.DefaultMavenResourcesFiltering - skip non existing resourceDirectory E:\Qk_practice_Project\FireSolution_Project\Project_Firesolution\src\test\resources
2024-12-10 12:59:15,269 [Worker-1: Loading available Gradle versions] INFO  o.e.b.c.i.u.g.PublishedGradleVersions - Gradle version information cache is out-of-date. Trying to update.
2024-12-10 13:15:38,706 [Worker-26: Building] INFO  o.a.m.s.f.DefaultMavenResourcesFiltering - skip non existing resourceDirectory E:\Qk_practice_Project\FireSolution_Project\Project_Firesolution\src\main\resources
2024-12-10 13:15:38,728 [Worker-26: Building] INFO  o.a.m.s.f.DefaultMavenResourcesFiltering - skip non existing resourceDirectory E:\Qk_practice_Project\FireSolution_Project\Project_Firesolution\src\test\resources
2024-12-10 13:19:35,764 [Worker-30: Building] INFO  o.a.m.s.f.DefaultMavenResourcesFiltering - skip non existing resourceDirectory E:\Qk_practice_Project\FireSolution_Project\Project_Firesolution\src\main\resources
2024-12-10 13:19:35,776 [Worker-30: Building] INFO  o.a.m.s.f.DefaultMavenResourcesFiltering - skip non existing resourceDirectory E:\Qk_practice_Project\FireSolution_Project\Project_Firesolution\src\test\resources
2024-12-10 13:27:43,130 [Worker-36: Launching Project_Firesolution_TestNG.xml] INFO  o.a.m.s.f.DefaultMavenResourcesFiltering - skip non existing resourceDirectory E:\Qk_practice_Project\FireSolution_Project\Project_Firesolution\src\main\resources
2024-12-10 13:27:43,140 [Worker-36: Launching Project_Firesolution_TestNG.xml] INFO  o.a.m.s.f.DefaultMavenResourcesFiltering - skip non existing resourceDirectory E:\Qk_practice_Project\FireSolution_Project\Project_Firesolution\src\test\resources
2024-12-10 13:30:48,667 [Worker-36: Building] INFO  o.a.m.s.f.DefaultMavenResourcesFiltering - skip non existing resourceDirectory E:\Qk_practice_Project\FireSolution_Project\Project_Firesolution\src\main\resources
2024-12-10 13:30:48,674 [Worker-36: Building] INFO  o.a.m.s.f.DefaultMavenResourcesFiltering - skip non existing resourceDirectory E:\Qk_practice_Project\FireSolution_Project\Project_Firesolution\src\test\resources
2024-12-10 13:34:27,754 [Worker-40: Building] INFO  o.a.m.s.f.DefaultMavenResourcesFiltering - skip non existing resourceDirectory E:\Qk_practice_Project\FireSolution_Project\Project_Firesolution\src\main\resources
2024-12-10 13:34:27,760 [Worker-40: Building] INFO  o.a.m.s.f.DefaultMavenResourcesFiltering - skip non existing resourceDirectory E:\Qk_practice_Project\FireSolution_Project\Project_Firesolution\src\test\resources
2024-12-10 13:35:56,680 [Worker-40: Building] INFO  o.a.m.s.f.DefaultMavenResourcesFiltering - skip non existing resourceDirectory E:\Qk_practice_Project\FireSolution_Project\Project_Firesolution\src\main\resources
2024-12-10 13:35:56,692 [Worker-40: Building] INFO  o.a.m.s.f.DefaultMavenResourcesFiltering - skip non existing resourceDirectory E:\Qk_practice_Project\FireSolution_Project\Project_Firesolution\src\test\resources
2024-12-10 13:36:41,257 [Worker-36: Building] INFO  o.a.m.s.f.DefaultMavenResourcesFiltering - skip non existing resourceDirectory E:\Qk_practice_Project\FireSolution_Project\Project_Firesolution\src\main\resources
2024-12-10 13:36:41,290 [Worker-36: Building] INFO  o.a.m.s.f.DefaultMavenResourcesFiltering - skip non existing resourceDirectory E:\Qk_practice_Project\FireSolution_Project\Project_Firesolution\src\test\resources
2024-12-10 13:41:30,280 [Worker-45: Building] INFO  o.a.m.s.f.DefaultMavenResourcesFiltering - skip non existing resourceDirectory E:\Qk_practice_Project\FireSolution_Project\Project_Firesolution\src\main\resources
2024-12-10 13:41:30,285 [Worker-45: Building] INFO  o.a.m.s.f.DefaultMavenResourcesFiltering - skip non existing resourceDirectory E:\Qk_practice_Project\FireSolution_Project\Project_Firesolution\src\test\resources
2024-12-10 13:47:13,014 [Worker-44: Building] INFO  o.a.m.s.f.DefaultMavenResourcesFiltering - skip non existing resourceDirectory E:\Qk_practice_Project\FireSolution_Project\Project_Firesolution\src\main\resources
2024-12-10 13:47:13,018 [Worker-44: Building] INFO  o.a.m.s.f.DefaultMavenResourcesFiltering - skip non existing resourceDirectory E:\Qk_practice_Project\FireSolution_Project\Project_Firesolution\src\test\resources
2024-12-10 13:53:14,236 [Worker-54: Building] INFO  o.a.m.s.f.DefaultMavenResourcesFiltering - skip non existing resourceDirectory E:\Qk_practice_Project\FireSolution_Project\Project_Firesolution\src\main\resources
2024-12-10 13:53:14,241 [Worker-54: Building] INFO  o.a.m.s.f.DefaultMavenResourcesFiltering - skip non existing resourceDirectory E:\Qk_practice_Project\FireSolution_Project\Project_Firesolution\src\test\resources
2024-12-10 15:19:45,036 [Worker-64: Building] INFO  o.a.m.s.f.DefaultMavenResourcesFiltering - skip non existing resourceDirectory E:\Qk_practice_Project\FireSolution_Project\Project_Firesolution\src\main\resources
2024-12-10 15:19:45,047 [Worker-64: Building] INFO  o.a.m.s.f.DefaultMavenResourcesFiltering - skip non existing resourceDirectory E:\Qk_practice_Project\FireSolution_Project\Project_Firesolution\src\test\resources
2024-12-10 15:22:39,113 [Worker-67: Building] INFO  o.a.m.s.f.DefaultMavenResourcesFiltering - skip non existing resourceDirectory E:\Qk_practice_Project\FireSolution_Project\Project_Firesolution\src\main\resources
2024-12-10 15:22:39,122 [Worker-67: Building] INFO  o.a.m.s.f.DefaultMavenResourcesFiltering - skip non existing resourceDirectory E:\Qk_practice_Project\FireSolution_Project\Project_Firesolution\src\test\resources
2024-12-10 15:26:14,109 [Worker-68: Building] INFO  o.a.m.s.f.DefaultMavenResourcesFiltering - skip non existing resourceDirectory E:\Qk_practice_Project\FireSolution_Project\Project_Firesolution\src\main\resources
2024-12-10 15:26:14,118 [Worker-68: Building] INFO  o.a.m.s.f.DefaultMavenResourcesFiltering - skip non existing resourceDirectory E:\Qk_practice_Project\FireSolution_Project\Project_Firesolution\src\test\resources
2024-12-10 15:29:13,486 [Worker-68: Building] INFO  o.a.m.s.f.DefaultMavenResourcesFiltering - skip non existing resourceDirectory E:\Qk_practice_Project\FireSolution_Project\Project_Firesolution\src\main\resources
2024-12-10 15:29:13,495 [Worker-68: Building] INFO  o.a.m.s.f.DefaultMavenResourcesFiltering - skip non existing resourceDirectory E:\Qk_practice_Project\FireSolution_Project\Project_Firesolution\src\test\resources
2024-12-10 15:31:28,059 [Worker-73: Building] INFO  o.a.m.s.f.DefaultMavenResourcesFiltering - skip non existing resourceDirectory E:\Qk_practice_Project\FireSolution_Project\Project_Firesolution\src\main\resources
2024-12-10 15:31:28,068 [Worker-73: Building] INFO  o.a.m.s.f.DefaultMavenResourcesFiltering - skip non existing resourceDirectory E:\Qk_practice_Project\FireSolution_Project\Project_Firesolution\src\test\resources
2024-12-10 15:33:18,076 [Worker-76: Building] INFO  o.a.m.s.f.DefaultMavenResourcesFiltering - skip non existing resourceDirectory E:\Qk_practice_Project\FireSolution_Project\Project_Firesolution\src\main\resources
2024-12-10 15:33:18,084 [Worker-76: Building] INFO  o.a.m.s.f.DefaultMavenResourcesFiltering - skip non existing resourceDirectory E:\Qk_practice_Project\FireSolution_Project\Project_Firesolution\src\test\resources
2024-12-10 15:39:18,119 [Worker-78: Building] INFO  o.a.m.s.f.DefaultMavenResourcesFiltering - skip non existing resourceDirectory E:\Qk_practice_Project\FireSolution_Project\Project_Firesolution\src\main\resources
2024-12-10 15:39:18,127 [Worker-78: Building] INFO  o.a.m.s.f.DefaultMavenResourcesFiltering - skip non existing resourceDirectory E:\Qk_practice_Project\FireSolution_Project\Project_Firesolution\src\test\resources
2024-12-10 15:40:25,603 [Worker-78: Building] INFO  o.a.m.s.f.DefaultMavenResourcesFiltering - skip non existing resourceDirectory E:\Qk_practice_Project\FireSolution_Project\Project_Firesolution\src\main\resources
2024-12-10 15:40:25,610 [Worker-78: Building] INFO  o.a.m.s.f.DefaultMavenResourcesFiltering - skip non existing resourceDirectory E:\Qk_practice_Project\FireSolution_Project\Project_Firesolution\src\test\resources
2024-12-10 15:42:53,179 [Worker-86: Building] INFO  o.a.m.s.f.DefaultMavenResourcesFiltering - skip non existing resourceDirectory E:\Qk_practice_Project\FireSolution_Project\Project_Firesolution\src\main\resources
2024-12-10 15:42:53,188 [Worker-86: Building] INFO  o.a.m.s.f.DefaultMavenResourcesFiltering - skip non existing resourceDirectory E:\Qk_practice_Project\FireSolution_Project\Project_Firesolution\src\test\resources
2024-12-10 15:49:09,538 [Worker-91: Building] INFO  o.a.m.s.f.DefaultMavenResourcesFiltering - skip non existing resourceDirectory E:\Qk_practice_Project\FireSolution_Project\Project_Firesolution\src\main\resources
2024-12-10 15:49:09,545 [Worker-91: Building] INFO  o.a.m.s.f.DefaultMavenResourcesFiltering - skip non existing resourceDirectory E:\Qk_practice_Project\FireSolution_Project\Project_Firesolution\src\test\resources
2024-12-10 15:50:00,069 [Worker-88: Building] INFO  o.a.m.s.f.DefaultMavenResourcesFiltering - skip non existing resourceDirectory E:\Qk_practice_Project\FireSolution_Project\Project_Firesolution\src\main\resources
2024-12-10 15:50:00,075 [Worker-88: Building] INFO  o.a.m.s.f.DefaultMavenResourcesFiltering - skip non existing resourceDirectory E:\Qk_practice_Project\FireSolution_Project\Project_Firesolution\src\test\resources
2024-12-10 15:51:46,360 [Worker-92: Building] INFO  o.a.m.s.f.DefaultMavenResourcesFiltering - skip non existing resourceDirectory E:\Qk_practice_Project\FireSolution_Project\Project_Firesolution\src\main\resources
2024-12-10 15:51:46,370 [Worker-92: Building] INFO  o.a.m.s.f.DefaultMavenResourcesFiltering - skip non existing resourceDirectory E:\Qk_practice_Project\FireSolution_Project\Project_Firesolution\src\test\resources
2024-12-10 15:52:39,434 [Worker-94: Building] INFO  o.a.m.s.f.DefaultMavenResourcesFiltering - skip non existing resourceDirectory E:\Qk_practice_Project\FireSolution_Project\Project_Firesolution\src\main\resources
2024-12-10 15:52:39,462 [Worker-94: Building] INFO  o.a.m.s.f.DefaultMavenResourcesFiltering - skip non existing resourceDirectory E:\Qk_practice_Project\FireSolution_Project\Project_Firesolution\src\test\resources
2024-12-10 15:53:09,405 [Worker-93: Building] INFO  o.a.m.s.f.DefaultMavenResourcesFiltering - skip non existing resourceDirectory E:\Qk_practice_Project\FireSolution_Project\Project_Firesolution\src\main\resources
2024-12-10 15:53:09,414 [Worker-93: Building] INFO  o.a.m.s.f.DefaultMavenResourcesFiltering - skip non existing resourceDirectory E:\Qk_practice_Project\FireSolution_Project\Project_Firesolution\src\test\resources
2024-12-10 15:59:21,616 [Worker-0: Loading available Gradle versions] INFO  o.e.b.c.i.u.g.PublishedGradleVersions - Gradle version information cache is up-to-date. Trying to read.
2024-12-10 16:07:34,995 [Worker-32: Building] INFO  o.a.m.s.f.DefaultMavenResourcesFiltering - skip non existing resourceDirectory E:\Qk_practice_Project\FireSolution_Project\Project_Firesolution\src\main\resources
2024-12-10 16:07:35,016 [Worker-32: Building] INFO  o.a.m.s.f.DefaultMavenResourcesFiltering - skip non existing resourceDirectory E:\Qk_practice_Project\FireSolution_Project\Project_Firesolution\src\test\resources
2024-12-10 16:09:41,626 [Worker-39: Building] INFO  o.a.m.s.f.DefaultMavenResourcesFiltering - skip non existing resourceDirectory E:\Qk_practice_Project\FireSolution_Project\Project_Firesolution\src\main\resources
2024-12-10 16:09:41,637 [Worker-39: Building] INFO  o.a.m.s.f.DefaultMavenResourcesFiltering - skip non existing resourceDirectory E:\Qk_practice_Project\FireSolution_Project\Project_Firesolution\src\test\resources
2024-12-10 16:17:06,894 [Worker-41: Building] INFO  o.a.m.s.f.DefaultMavenResourcesFiltering - skip non existing resourceDirectory E:\Qk_practice_Project\FireSolution_Project\Project_Firesolution\src\main\resources
2024-12-10 16:17:06,899 [Worker-41: Building] INFO  o.a.m.s.f.DefaultMavenResourcesFiltering - skip non existing resourceDirectory E:\Qk_practice_Project\FireSolution_Project\Project_Firesolution\src\test\resources
2024-12-10 16:17:54,434 [Worker-40: Building] INFO  o.a.m.s.f.DefaultMavenResourcesFiltering - skip non existing resourceDirectory E:\Qk_practice_Project\FireSolution_Project\Project_Firesolution\src\main\resources
2024-12-10 16:17:54,439 [Worker-40: Building] INFO  o.a.m.s.f.DefaultMavenResourcesFiltering - skip non existing resourceDirectory E:\Qk_practice_Project\FireSolution_Project\Project_Firesolution\src\test\resources
2024-12-10 16:18:22,809 [Worker-40: Building] INFO  o.a.m.s.f.DefaultMavenResourcesFiltering - skip non existing resourceDirectory E:\Qk_practice_Project\FireSolution_Project\Project_Firesolution\src\main\resources
2024-12-10 16:18:22,815 [Worker-40: Building] INFO  o.a.m.s.f.DefaultMavenResourcesFiltering - skip non existing resourceDirectory E:\Qk_practice_Project\FireSolution_Project\Project_Firesolution\src\test\resources
2024-12-10 16:18:48,126 [Worker-44: Building] INFO  o.a.m.s.f.DefaultMavenResourcesFiltering - skip non existing resourceDirectory E:\Qk_practice_Project\FireSolution_Project\Project_Firesolution\src\main\resources
2024-12-10 16:18:48,130 [Worker-44: Building] INFO  o.a.m.s.f.DefaultMavenResourcesFiltering - skip non existing resourceDirectory E:\Qk_practice_Project\FireSolution_Project\Project_Firesolution\src\test\resources
2024-12-10 16:19:07,167 [Worker-41: Building] INFO  o.a.m.s.f.DefaultMavenResourcesFiltering - skip non existing resourceDirectory E:\Qk_practice_Project\FireSolution_Project\Project_Firesolution\src\main\resources
2024-12-10 16:19:07,172 [Worker-41: Building] INFO  o.a.m.s.f.DefaultMavenResourcesFiltering - skip non existing resourceDirectory E:\Qk_practice_Project\FireSolution_Project\Project_Firesolution\src\test\resources
2024-12-10 16:31:31,055 [Worker-36: Building] INFO  o.a.m.s.f.DefaultMavenResourcesFiltering - skip non existing resourceDirectory E:\Qk_practice_Project\FireSolution_Project\Project_Firesolution\src\main\resources
2024-12-10 16:31:31,059 [Worker-36: Building] INFO  o.a.m.s.f.DefaultMavenResourcesFiltering - skip non existing resourceDirectory E:\Qk_practice_Project\FireSolution_Project\Project_Firesolution\src\test\resources
2024-12-10 16:34:46,994 [Worker-36: Building] INFO  o.a.m.s.f.DefaultMavenResourcesFiltering - skip non existing resourceDirectory E:\Qk_practice_Project\FireSolution_Project\Project_Firesolution\src\main\resources
2024-12-10 16:34:46,999 [Worker-36: Building] INFO  o.a.m.s.f.DefaultMavenResourcesFiltering - skip non existing resourceDirectory E:\Qk_practice_Project\FireSolution_Project\Project_Firesolution\src\test\resources
2024-12-10 16:46:51,813 [Worker-50: Building] INFO  o.a.m.s.f.DefaultMavenResourcesFiltering - skip non existing resourceDirectory E:\Qk_practice_Project\FireSolution_Project\Project_Firesolution\src\main\resources
2024-12-10 16:46:51,817 [Worker-50: Building] INFO  o.a.m.s.f.DefaultMavenResourcesFiltering - skip non existing resourceDirectory E:\Qk_practice_Project\FireSolution_Project\Project_Firesolution\src\test\resources
2024-12-10 16:57:01,832 [Worker-51: Building] INFO  o.a.m.s.f.DefaultMavenResourcesFiltering - skip non existing resourceDirectory E:\Qk_practice_Project\FireSolution_Project\Project_Firesolution\src\main\resources
2024-12-10 16:57:01,837 [Worker-51: Building] INFO  o.a.m.s.f.DefaultMavenResourcesFiltering - skip non existing resourceDirectory E:\Qk_practice_Project\FireSolution_Project\Project_Firesolution\src\test\resources
2024-12-10 17:55:16,847 [Worker-53: Building] INFO  o.a.m.s.f.DefaultMavenResourcesFiltering - skip non existing resourceDirectory E:\Qk_practice_Project\FireSolution_Project\Project_Firesolution\src\main\resources
2024-12-10 17:55:16,857 [Worker-53: Building] INFO  o.a.m.s.f.DefaultMavenResourcesFiltering - skip non existing resourceDirectory E:\Qk_practice_Project\FireSolution_Project\Project_Firesolution\src\test\resources
2024-12-10 17:58:33,939 [Worker-62: Building] INFO  o.a.m.s.f.DefaultMavenResourcesFiltering - skip non existing resourceDirectory E:\Qk_practice_Project\FireSolution_Project\Project_Firesolution\src\main\resources
2024-12-10 17:58:33,947 [Worker-62: Building] INFO  o.a.m.s.f.DefaultMavenResourcesFiltering - skip non existing resourceDirectory E:\Qk_practice_Project\FireSolution_Project\Project_Firesolution\src\test\resources
2024-12-10 18:48:32,746 [Worker-68: Building] INFO  o.a.m.s.f.DefaultMavenResourcesFiltering - skip non existing resourceDirectory E:\Qk_practice_Project\FireSolution_Project\Project_Firesolution\src\main\resources
2024-12-10 18:48:32,756 [Worker-68: Building] INFO  o.a.m.s.f.DefaultMavenResourcesFiltering - skip non existing resourceDirectory E:\Qk_practice_Project\FireSolution_Project\Project_Firesolution\src\test\resources
2024-12-10 18:49:42,382 [Worker-72: Building] INFO  o.a.m.s.f.DefaultMavenResourcesFiltering - skip non existing resourceDirectory E:\Qk_practice_Project\FireSolution_Project\Project_Firesolution\src\main\resources
2024-12-10 18:49:42,389 [Worker-72: Building] INFO  o.a.m.s.f.DefaultMavenResourcesFiltering - skip non existing resourceDirectory E:\Qk_practice_Project\FireSolution_Project\Project_Firesolution\src\test\resources
2024-12-10 18:50:52,922 [Worker-68: Building] INFO  o.a.m.s.f.DefaultMavenResourcesFiltering - skip non existing resourceDirectory E:\Qk_practice_Project\FireSolution_Project\Project_Firesolution\src\main\resources
2024-12-10 18:50:52,931 [Worker-68: Building] INFO  o.a.m.s.f.DefaultMavenResourcesFiltering - skip non existing resourceDirectory E:\Qk_practice_Project\FireSolution_Project\Project_Firesolution\src\test\resources
2024-12-10 18:51:24,555 [Worker-72: Building] INFO  o.a.m.s.f.DefaultMavenResourcesFiltering - skip non existing resourceDirectory E:\Qk_practice_Project\FireSolution_Project\Project_Firesolution\src\main\resources
2024-12-10 18:51:24,562 [Worker-72: Building] INFO  o.a.m.s.f.DefaultMavenResourcesFiltering - skip non existing resourceDirectory E:\Qk_practice_Project\FireSolution_Project\Project_Firesolution\src\test\resources
2024-12-10 19:01:30,636 [Worker-73: Building] INFO  o.a.m.s.f.DefaultMavenResourcesFiltering - skip non existing resourceDirectory E:\Qk_practice_Project\FireSolution_Project\Project_Firesolution\src\main\resources
2024-12-10 19:01:30,643 [Worker-73: Building] INFO  o.a.m.s.f.DefaultMavenResourcesFiltering - skip non existing resourceDirectory E:\Qk_practice_Project\FireSolution_Project\Project_Firesolution\src\test\resources
2024-12-10 19:02:01,328 [Worker-76: Building] INFO  o.a.m.s.f.DefaultMavenResourcesFiltering - skip non existing resourceDirectory E:\Qk_practice_Project\FireSolution_Project\Project_Firesolution\src\main\resources
2024-12-10 19:02:01,335 [Worker-76: Building] INFO  o.a.m.s.f.DefaultMavenResourcesFiltering - skip non existing resourceDirectory E:\Qk_practice_Project\FireSolution_Project\Project_Firesolution\src\test\resources
2024-12-10 19:03:32,831 [Worker-73: Building] INFO  o.a.m.s.f.DefaultMavenResourcesFiltering - skip non existing resourceDirectory E:\Qk_practice_Project\FireSolution_Project\Project_Firesolution\src\main\resources
2024-12-10 19:03:32,835 [Worker-73: Building] INFO  o.a.m.s.f.DefaultMavenResourcesFiltering - skip non existing resourceDirectory E:\Qk_practice_Project\FireSolution_Project\Project_Firesolution\src\test\resources
2024-12-11 10:40:17,765 [Worker-2: Loading available Gradle versions] INFO  o.e.b.c.i.u.g.PublishedGradleVersions - Gradle version information cache is up-to-date. Trying to read.
2024-12-11 10:45:34,634 [Worker-24: Building] INFO  o.a.m.s.f.DefaultMavenResourcesFiltering - skip non existing resourceDirectory E:\Qk_practice_Project\FireSolution_Project\Project_Firesolution\src\main\resources
2024-12-11 10:45:34,642 [Worker-24: Building] INFO  o.a.m.s.f.DefaultMavenResourcesFiltering - skip non existing resourceDirectory E:\Qk_practice_Project\FireSolution_Project\Project_Firesolution\src\test\resources
2024-12-11 11:06:48,120 [Worker-20: Building] INFO  o.a.m.s.f.DefaultMavenResourcesFiltering - skip non existing resourceDirectory E:\Qk_practice_Project\FireSolution_Project\Project_Firesolution\src\main\resources
2024-12-11 11:06:48,124 [Worker-20: Building] INFO  o.a.m.s.f.DefaultMavenResourcesFiltering - skip non existing resourceDirectory E:\Qk_practice_Project\FireSolution_Project\Project_Firesolution\src\test\resources
2024-12-11 11:09:48,309 [Worker-40: Building] INFO  o.a.m.s.f.DefaultMavenResourcesFiltering - skip non existing resourceDirectory E:\Qk_practice_Project\FireSolution_Project\Project_Firesolution\src\main\resources
2024-12-11 11:09:48,313 [Worker-40: Building] INFO  o.a.m.s.f.DefaultMavenResourcesFiltering - skip non existing resourceDirectory E:\Qk_practice_Project\FireSolution_Project\Project_Firesolution\src\test\resources
2024-12-11 11:10:36,214 [Worker-39: Building] INFO  o.a.m.s.f.DefaultMavenResourcesFiltering - skip non existing resourceDirectory E:\Qk_practice_Project\FireSolution_Project\Project_Firesolution\src\main\resources
2024-12-11 11:10:36,217 [Worker-39: Building] INFO  o.a.m.s.f.DefaultMavenResourcesFiltering - skip non existing resourceDirectory E:\Qk_practice_Project\FireSolution_Project\Project_Firesolution\src\test\resources
2024-12-11 11:19:18,780 [Worker-45: Building] INFO  o.a.m.s.f.DefaultMavenResourcesFiltering - skip non existing resourceDirectory E:\Qk_practice_Project\FireSolution_Project\Project_Firesolution\src\main\resources
2024-12-11 11:19:18,785 [Worker-45: Building] INFO  o.a.m.s.f.DefaultMavenResourcesFiltering - skip non existing resourceDirectory E:\Qk_practice_Project\FireSolution_Project\Project_Firesolution\src\test\resources
2024-12-11 11:20:03,318 [Worker-43: Building] INFO  o.a.m.s.f.DefaultMavenResourcesFiltering - skip non existing resourceDirectory E:\Qk_practice_Project\FireSolution_Project\Project_Firesolution\src\main\resources
2024-12-11 11:20:03,323 [Worker-43: Building] INFO  o.a.m.s.f.DefaultMavenResourcesFiltering - skip non existing resourceDirectory E:\Qk_practice_Project\FireSolution_Project\Project_Firesolution\src\test\resources
2024-12-11 11:22:11,512 [Worker-47: Building] INFO  o.a.m.s.f.DefaultMavenResourcesFiltering - skip non existing resourceDirectory E:\Qk_practice_Project\FireSolution_Project\Project_Firesolution\src\main\resources
2024-12-11 11:22:11,517 [Worker-47: Building] INFO  o.a.m.s.f.DefaultMavenResourcesFiltering - skip non existing resourceDirectory E:\Qk_practice_Project\FireSolution_Project\Project_Firesolution\src\test\resources
2024-12-11 11:29:12,618 [Worker-45: Building] INFO  o.a.m.s.f.DefaultMavenResourcesFiltering - skip non existing resourceDirectory E:\Qk_practice_Project\FireSolution_Project\Project_Firesolution\src\main\resources
2024-12-11 11:29:12,623 [Worker-45: Building] INFO  o.a.m.s.f.DefaultMavenResourcesFiltering - skip non existing resourceDirectory E:\Qk_practice_Project\FireSolution_Project\Project_Firesolution\src\test\resources
2024-12-11 11:46:47,683 [Worker-53: Building] INFO  o.a.m.s.f.DefaultMavenResourcesFiltering - skip non existing resourceDirectory E:\Qk_practice_Project\FireSolution_Project\Project_Firesolution\src\main\resources
2024-12-11 11:46:47,694 [Worker-53: Building] INFO  o.a.m.s.f.DefaultMavenResourcesFiltering - skip non existing resourceDirectory E:\Qk_practice_Project\FireSolution_Project\Project_Firesolution\src\test\resources
2024-12-11 11:47:08,091 [Worker-53: Building] INFO  o.a.m.s.f.DefaultMavenResourcesFiltering - skip non existing resourceDirectory E:\Qk_practice_Project\FireSolution_Project\Project_Firesolution\src\main\resources
2024-12-11 11:47:08,101 [Worker-53: Building] INFO  o.a.m.s.f.DefaultMavenResourcesFiltering - skip non existing resourceDirectory E:\Qk_practice_Project\FireSolution_Project\Project_Firesolution\src\test\resources
2024-12-11 11:56:45,755 [Worker-56: Building] INFO  o.a.m.s.f.DefaultMavenResourcesFiltering - skip non existing resourceDirectory E:\Qk_practice_Project\FireSolution_Project\Project_Firesolution\src\main\resources
2024-12-11 11:56:45,762 [Worker-56: Building] INFO  o.a.m.s.f.DefaultMavenResourcesFiltering - skip non existing resourceDirectory E:\Qk_practice_Project\FireSolution_Project\Project_Firesolution\src\test\resources
2024-12-11 11:57:11,432 [Worker-57: Building] INFO  o.a.m.s.f.DefaultMavenResourcesFiltering - skip non existing resourceDirectory E:\Qk_practice_Project\FireSolution_Project\Project_Firesolution\src\main\resources
2024-12-11 11:57:11,439 [Worker-57: Building] INFO  o.a.m.s.f.DefaultMavenResourcesFiltering - skip non existing resourceDirectory E:\Qk_practice_Project\FireSolution_Project\Project_Firesolution\src\test\resources
2024-12-11 11:59:00,134 [Worker-52: Building] INFO  o.a.m.s.f.DefaultMavenResourcesFiltering - skip non existing resourceDirectory E:\Qk_practice_Project\FireSolution_Project\Project_Firesolution\src\main\resources
2024-12-11 11:59:00,143 [Worker-52: Building] INFO  o.a.m.s.f.DefaultMavenResourcesFiltering - skip non existing resourceDirectory E:\Qk_practice_Project\FireSolution_Project\Project_Firesolution\src\test\resources
2024-12-11 12:11:20,440 [Worker-63: Building] INFO  o.a.m.s.f.DefaultMavenResourcesFiltering - skip non existing resourceDirectory E:\Qk_practice_Project\FireSolution_Project\Project_Firesolution\src\main\resources
2024-12-11 12:11:20,448 [Worker-63: Building] INFO  o.a.m.s.f.DefaultMavenResourcesFiltering - skip non existing resourceDirectory E:\Qk_practice_Project\FireSolution_Project\Project_Firesolution\src\test\resources
2024-12-11 13:15:15,348 [Worker-74: Building] INFO  o.a.m.s.f.DefaultMavenResourcesFiltering - skip non existing resourceDirectory E:\Qk_practice_Project\FireSolution_Project\Project_Firesolution\src\main\resources
2024-12-11 13:15:15,355 [Worker-74: Building] INFO  o.a.m.s.f.DefaultMavenResourcesFiltering - skip non existing resourceDirectory E:\Qk_practice_Project\FireSolution_Project\Project_Firesolution\src\test\resources
2024-12-11 13:22:58,551 [Worker-76: Building] INFO  o.a.m.s.f.DefaultMavenResourcesFiltering - skip non existing resourceDirectory E:\Qk_practice_Project\FireSolution_Project\Project_Firesolution\src\main\resources
2024-12-11 13:22:58,562 [Worker-76: Building] INFO  o.a.m.s.f.DefaultMavenResourcesFiltering - skip non existing resourceDirectory E:\Qk_practice_Project\FireSolution_Project\Project_Firesolution\src\test\resources
2024-12-11 13:35:15,441 [Worker-79: Building] INFO  o.a.m.s.f.DefaultMavenResourcesFiltering - skip non existing resourceDirectory E:\Qk_practice_Project\FireSolution_Project\Project_Firesolution\src\main\resources
2024-12-11 13:35:15,450 [Worker-79: Building] INFO  o.a.m.s.f.DefaultMavenResourcesFiltering - skip non existing resourceDirectory E:\Qk_practice_Project\FireSolution_Project\Project_Firesolution\src\test\resources
2024-12-11 13:45:01,396 [Worker-84: Building] INFO  o.a.m.s.f.DefaultMavenResourcesFiltering - skip non existing resourceDirectory E:\Qk_practice_Project\FireSolution_Project\Project_Firesolution\src\main\resources
2024-12-11 13:45:01,403 [Worker-84: Building] INFO  o.a.m.s.f.DefaultMavenResourcesFiltering - skip non existing resourceDirectory E:\Qk_practice_Project\FireSolution_Project\Project_Firesolution\src\test\resources
2024-12-11 13:52:28,907 [Worker-85: Building] INFO  o.a.m.s.f.DefaultMavenResourcesFiltering - skip non existing resourceDirectory E:\Qk_practice_Project\FireSolution_Project\Project_Firesolution\src\main\resources
2024-12-11 13:52:28,914 [Worker-85: Building] INFO  o.a.m.s.f.DefaultMavenResourcesFiltering - skip non existing resourceDirectory E:\Qk_practice_Project\FireSolution_Project\Project_Firesolution\src\test\resources
2024-12-11 13:53:15,609 [Worker-81: Building] INFO  o.a.m.s.f.DefaultMavenResourcesFiltering - skip non existing resourceDirectory E:\Qk_practice_Project\FireSolution_Project\Project_Firesolution\src\main\resources
2024-12-11 13:53:15,617 [Worker-81: Building] INFO  o.a.m.s.f.DefaultMavenResourcesFiltering - skip non existing resourceDirectory E:\Qk_practice_Project\FireSolution_Project\Project_Firesolution\src\test\resources
2024-12-11 14:01:08,239 [Worker-84: Building] INFO  o.a.m.s.f.DefaultMavenResourcesFiltering - skip non existing resourceDirectory E:\Qk_practice_Project\FireSolution_Project\Project_Firesolution\src\main\resources
2024-12-11 14:01:08,247 [Worker-84: Building] INFO  o.a.m.s.f.DefaultMavenResourcesFiltering - skip non existing resourceDirectory E:\Qk_practice_Project\FireSolution_Project\Project_Firesolution\src\test\resources
2024-12-11 14:01:18,909 [Worker-86: Building] INFO  o.a.m.s.f.DefaultMavenResourcesFiltering - skip non existing resourceDirectory E:\Qk_practice_Project\FireSolution_Project\Project_Firesolution\src\main\resources
2024-12-11 14:01:18,917 [Worker-86: Building] INFO  o.a.m.s.f.DefaultMavenResourcesFiltering - skip non existing resourceDirectory E:\Qk_practice_Project\FireSolution_Project\Project_Firesolution\src\test\resources
2024-12-11 14:03:27,220 [Worker-88: Building] INFO  o.a.m.s.f.DefaultMavenResourcesFiltering - skip non existing resourceDirectory E:\Qk_practice_Project\FireSolution_Project\Project_Firesolution\src\main\resources
2024-12-11 14:03:27,231 [Worker-88: Building] INFO  o.a.m.s.f.DefaultMavenResourcesFiltering - skip non existing resourceDirectory E:\Qk_practice_Project\FireSolution_Project\Project_Firesolution\src\test\resources
2024-12-11 14:04:30,567 [Worker-81: Building] INFO  o.a.m.s.f.DefaultMavenResourcesFiltering - skip non existing resourceDirectory E:\Qk_practice_Project\FireSolution_Project\Project_Firesolution\src\main\resources
2024-12-11 14:04:30,574 [Worker-81: Building] INFO  o.a.m.s.f.DefaultMavenResourcesFiltering - skip non existing resourceDirectory E:\Qk_practice_Project\FireSolution_Project\Project_Firesolution\src\test\resources
2024-12-11 15:31:41,030 [Worker-94: Building] INFO  o.a.m.s.f.DefaultMavenResourcesFiltering - skip non existing resourceDirectory E:\Qk_practice_Project\FireSolution_Project\Project_Firesolution\src\main\resources
2024-12-11 15:31:41,035 [Worker-94: Building] INFO  o.a.m.s.f.DefaultMavenResourcesFiltering - skip non existing resourceDirectory E:\Qk_practice_Project\FireSolution_Project\Project_Firesolution\src\test\resources
2024-12-11 15:31:44,570 [Worker-96: Building] INFO  o.a.m.s.f.DefaultMavenResourcesFiltering - skip non existing resourceDirectory E:\Qk_practice_Project\FireSolution_Project\Project_Firesolution\src\main\resources
2024-12-11 15:31:44,577 [Worker-96: Building] INFO  o.a.m.s.f.DefaultMavenResourcesFiltering - skip non existing resourceDirectory E:\Qk_practice_Project\FireSolution_Project\Project_Firesolution\src\test\resources
2024-12-11 15:35:54,151 [Worker-88: Building] INFO  o.a.m.s.f.DefaultMavenResourcesFiltering - skip non existing resourceDirectory E:\Qk_practice_Project\FireSolution_Project\Project_Firesolution\src\main\resources
2024-12-11 15:35:54,154 [Worker-88: Building] INFO  o.a.m.s.f.DefaultMavenResourcesFiltering - skip non existing resourceDirectory E:\Qk_practice_Project\FireSolution_Project\Project_Firesolution\src\test\resources
2024-12-11 15:41:10,882 [Worker-95: Building] INFO  o.a.m.s.f.DefaultMavenResourcesFiltering - skip non existing resourceDirectory E:\Qk_practice_Project\FireSolution_Project\Project_Firesolution\src\main\resources
2024-12-11 15:41:10,885 [Worker-95: Building] INFO  o.a.m.s.f.DefaultMavenResourcesFiltering - skip non existing resourceDirectory E:\Qk_practice_Project\FireSolution_Project\Project_Firesolution\src\test\resources
2024-12-11 15:45:55,752 [Worker-103: Building] INFO  o.a.m.s.f.DefaultMavenResourcesFiltering - skip non existing resourceDirectory E:\Qk_practice_Project\FireSolution_Project\Project_Firesolution\src\main\resources
2024-12-11 15:45:55,755 [Worker-103: Building] INFO  o.a.m.s.f.DefaultMavenResourcesFiltering - skip non existing resourceDirectory E:\Qk_practice_Project\FireSolution_Project\Project_Firesolution\src\test\resources
2024-12-11 15:50:14,105 [Worker-102: Building] INFO  o.a.m.s.f.DefaultMavenResourcesFiltering - skip non existing resourceDirectory E:\Qk_practice_Project\FireSolution_Project\Project_Firesolution\src\main\resources
2024-12-11 15:50:14,109 [Worker-102: Building] INFO  o.a.m.s.f.DefaultMavenResourcesFiltering - skip non existing resourceDirectory E:\Qk_practice_Project\FireSolution_Project\Project_Firesolution\src\test\resources
2024-12-11 15:52:18,132 [Worker-106: Building] INFO  o.a.m.s.f.DefaultMavenResourcesFiltering - skip non existing resourceDirectory E:\Qk_practice_Project\FireSolution_Project\Project_Firesolution\src\main\resources
2024-12-11 15:52:18,136 [Worker-106: Building] INFO  o.a.m.s.f.DefaultMavenResourcesFiltering - skip non existing resourceDirectory E:\Qk_practice_Project\FireSolution_Project\Project_Firesolution\src\test\resources
2024-12-11 15:52:26,529 [main] INFO  o.e.m.jdt.internal.UnitTestSupport - Updating TC_Master_Customer_007 from maven configuration
2024-12-11 15:54:31,958 [Worker-102: Building] INFO  o.a.m.s.f.DefaultMavenResourcesFiltering - skip non existing resourceDirectory E:\Qk_practice_Project\FireSolution_Project\Project_Firesolution\src\main\resources
2024-12-11 15:54:31,962 [Worker-102: Building] INFO  o.a.m.s.f.DefaultMavenResourcesFiltering - skip non existing resourceDirectory E:\Qk_practice_Project\FireSolution_Project\Project_Firesolution\src\test\resources
2024-12-11 16:22:33,019 [Worker-117: Building] INFO  o.a.m.s.f.DefaultMavenResourcesFiltering - skip non existing resourceDirectory E:\Qk_practice_Project\FireSolution_Project\Project_Firesolution\src\main\resources
2024-12-11 16:22:33,023 [Worker-117: Building] INFO  o.a.m.s.f.DefaultMavenResourcesFiltering - skip non existing resourceDirectory E:\Qk_practice_Project\FireSolution_Project\Project_Firesolution\src\test\resources
2024-12-11 16:24:46,567 [Worker-121: Building] INFO  o.a.m.s.f.DefaultMavenResourcesFiltering - skip non existing resourceDirectory E:\Qk_practice_Project\FireSolution_Project\Project_Firesolution\src\main\resources
2024-12-11 16:24:46,570 [Worker-121: Building] INFO  o.a.m.s.f.DefaultMavenResourcesFiltering - skip non existing resourceDirectory E:\Qk_practice_Project\FireSolution_Project\Project_Firesolution\src\test\resources
2024-12-11 16:25:42,782 [Worker-119: Building] INFO  o.a.m.s.f.DefaultMavenResourcesFiltering - skip non existing resourceDirectory E:\Qk_practice_Project\FireSolution_Project\Project_Firesolution\src\main\resources
2024-12-11 16:25:42,785 [Worker-119: Building] INFO  o.a.m.s.f.DefaultMavenResourcesFiltering - skip non existing resourceDirectory E:\Qk_practice_Project\FireSolution_Project\Project_Firesolution\src\test\resources
2024-12-11 16:37:54,322 [Worker-124: Building] INFO  o.a.m.s.f.DefaultMavenResourcesFiltering - skip non existing resourceDirectory E:\Qk_practice_Project\FireSolution_Project\Project_Firesolution\src\main\resources
2024-12-11 16:37:54,326 [Worker-124: Building] INFO  o.a.m.s.f.DefaultMavenResourcesFiltering - skip non existing resourceDirectory E:\Qk_practice_Project\FireSolution_Project\Project_Firesolution\src\test\resources
2024-12-11 16:38:04,115 [Worker-123: Building] INFO  o.a.m.s.f.DefaultMavenResourcesFiltering - skip non existing resourceDirectory E:\Qk_practice_Project\FireSolution_Project\Project_Firesolution\src\main\resources
2024-12-11 16:38:04,118 [Worker-123: Building] INFO  o.a.m.s.f.DefaultMavenResourcesFiltering - skip non existing resourceDirectory E:\Qk_practice_Project\FireSolution_Project\Project_Firesolution\src\test\resources
2024-12-11 16:41:27,002 [Worker-127: Building] INFO  o.a.m.s.f.DefaultMavenResourcesFiltering - skip non existing resourceDirectory E:\Qk_practice_Project\FireSolution_Project\Project_Firesolution\src\main\resources
2024-12-11 16:41:27,010 [Worker-127: Building] INFO  o.a.m.s.f.DefaultMavenResourcesFiltering - skip non existing resourceDirectory E:\Qk_practice_Project\FireSolution_Project\Project_Firesolution\src\test\resources
2024-12-11 16:43:29,990 [Worker-127: Building] INFO  o.a.m.s.f.DefaultMavenResourcesFiltering - skip non existing resourceDirectory E:\Qk_practice_Project\FireSolution_Project\Project_Firesolution\src\main\resources
2024-12-11 16:43:29,999 [Worker-127: Building] INFO  o.a.m.s.f.DefaultMavenResourcesFiltering - skip non existing resourceDirectory E:\Qk_practice_Project\FireSolution_Project\Project_Firesolution\src\test\resources
2024-12-11 18:53:43,202 [Worker-135: Building] INFO  o.a.m.s.f.DefaultMavenResourcesFiltering - skip non existing resourceDirectory E:\Qk_practice_Project\FireSolution_Project\Project_Firesolution\src\main\resources
2024-12-11 18:53:43,215 [Worker-135: Building] INFO  o.a.m.s.f.DefaultMavenResourcesFiltering - skip non existing resourceDirectory E:\Qk_practice_Project\FireSolution_Project\Project_Firesolution\src\test\resources
2024-12-11 18:53:47,263 [Worker-146: Building] INFO  o.a.m.s.f.DefaultMavenResourcesFiltering - skip non existing resourceDirectory E:\Qk_practice_Project\FireSolution_Project\Project_Firesolution\src\main\resources
2024-12-11 18:53:47,271 [Worker-146: Building] INFO  o.a.m.s.f.DefaultMavenResourcesFiltering - skip non existing resourceDirectory E:\Qk_practice_Project\FireSolution_Project\Project_Firesolution\src\test\resources
2024-12-11 18:54:08,942 [Worker-146: Building] INFO  o.a.m.s.f.DefaultMavenResourcesFiltering - skip non existing resourceDirectory E:\Qk_practice_Project\FireSolution_Project\Project_Firesolution\src\main\resources
2024-12-11 18:54:08,947 [Worker-146: Building] INFO  o.a.m.s.f.DefaultMavenResourcesFiltering - skip non existing resourceDirectory E:\Qk_practice_Project\FireSolution_Project\Project_Firesolution\src\test\resources
2024-12-11 19:00:15,521 [Worker-149: Building] INFO  o.a.m.s.f.DefaultMavenResourcesFiltering - skip non existing resourceDirectory E:\Qk_practice_Project\FireSolution_Project\Project_Firesolution\src\main\resources
2024-12-11 19:00:15,527 [Worker-149: Building] INFO  o.a.m.s.f.DefaultMavenResourcesFiltering - skip non existing resourceDirectory E:\Qk_practice_Project\FireSolution_Project\Project_Firesolution\src\test\resources
2024-12-11 19:05:55,810 [Worker-151: Building] INFO  o.a.m.s.f.DefaultMavenResourcesFiltering - skip non existing resourceDirectory E:\Qk_practice_Project\FireSolution_Project\Project_Firesolution\src\main\resources
2024-12-11 19:05:55,819 [Worker-151: Building] INFO  o.a.m.s.f.DefaultMavenResourcesFiltering - skip non existing resourceDirectory E:\Qk_practice_Project\FireSolution_Project\Project_Firesolution\src\test\resources
2024-12-12 10:25:52,578 [Worker-0: Loading available Gradle versions] INFO  o.e.b.c.i.u.g.PublishedGradleVersions - Gradle version information cache is out-of-date. Trying to update.
2024-12-12 10:40:11,290 [Worker-13: Building] INFO  o.a.m.s.f.DefaultMavenResourcesFiltering - skip non existing resourceDirectory E:\Qk_practice_Project\FireSolution_Project\Project_Firesolution\src\main\resources
2024-12-12 10:40:11,301 [Worker-13: Building] INFO  o.a.m.s.f.DefaultMavenResourcesFiltering - skip non existing resourceDirectory E:\Qk_practice_Project\FireSolution_Project\Project_Firesolution\src\test\resources
2024-12-12 10:52:14,087 [Worker-5: Building] INFO  o.a.m.s.f.DefaultMavenResourcesFiltering - skip non existing resourceDirectory E:\Qk_practice_Project\FireSolution_Project\Project_Firesolution\src\main\resources
2024-12-12 10:52:14,096 [Worker-5: Building] INFO  o.a.m.s.f.DefaultMavenResourcesFiltering - skip non existing resourceDirectory E:\Qk_practice_Project\FireSolution_Project\Project_Firesolution\src\test\resources
2024-12-12 10:54:29,686 [Worker-25: Building] INFO  o.a.m.s.f.DefaultMavenResourcesFiltering - skip non existing resourceDirectory E:\Qk_practice_Project\FireSolution_Project\Project_Firesolution\src\main\resources
2024-12-12 10:54:29,696 [Worker-25: Building] INFO  o.a.m.s.f.DefaultMavenResourcesFiltering - skip non existing resourceDirectory E:\Qk_practice_Project\FireSolution_Project\Project_Firesolution\src\test\resources
2024-12-12 11:34:24,046 [Worker-32: Building] INFO  o.a.m.s.f.DefaultMavenResourcesFiltering - skip non existing resourceDirectory E:\Qk_practice_Project\FireSolution_Project\Project_Firesolution\src\main\resources
2024-12-12 11:34:24,055 [Worker-32: Building] INFO  o.a.m.s.f.DefaultMavenResourcesFiltering - skip non existing resourceDirectory E:\Qk_practice_Project\FireSolution_Project\Project_Firesolution\src\test\resources
2024-12-12 11:34:27,113 [Worker-34: Building] INFO  o.a.m.s.f.DefaultMavenResourcesFiltering - skip non existing resourceDirectory E:\Qk_practice_Project\FireSolution_Project\Project_Firesolution\src\main\resources
2024-12-12 11:34:27,120 [Worker-34: Building] INFO  o.a.m.s.f.DefaultMavenResourcesFiltering - skip non existing resourceDirectory E:\Qk_practice_Project\FireSolution_Project\Project_Firesolution\src\test\resources
2024-12-12 11:35:33,371 [Worker-32: Building] INFO  o.a.m.s.f.DefaultMavenResourcesFiltering - skip non existing resourceDirectory E:\Qk_practice_Project\FireSolution_Project\Project_Firesolution\src\main\resources
2024-12-12 11:35:33,378 [Worker-32: Building] INFO  o.a.m.s.f.DefaultMavenResourcesFiltering - skip non existing resourceDirectory E:\Qk_practice_Project\FireSolution_Project\Project_Firesolution\src\test\resources
2024-12-12 11:36:47,487 [Worker-32: Building] INFO  o.a.m.s.f.DefaultMavenResourcesFiltering - skip non existing resourceDirectory E:\Qk_practice_Project\FireSolution_Project\Project_Firesolution\src\main\resources
2024-12-12 11:36:47,492 [Worker-32: Building] INFO  o.a.m.s.f.DefaultMavenResourcesFiltering - skip non existing resourceDirectory E:\Qk_practice_Project\FireSolution_Project\Project_Firesolution\src\test\resources
2024-12-12 11:36:55,050 [Worker-35: Building] INFO  o.a.m.s.f.DefaultMavenResourcesFiltering - skip non existing resourceDirectory E:\Qk_practice_Project\FireSolution_Project\Project_Firesolution\src\main\resources
2024-12-12 11:36:55,059 [Worker-35: Building] INFO  o.a.m.s.f.DefaultMavenResourcesFiltering - skip non existing resourceDirectory E:\Qk_practice_Project\FireSolution_Project\Project_Firesolution\src\test\resources
2024-12-12 11:39:31,100 [Worker-35: Building] INFO  o.a.m.s.f.DefaultMavenResourcesFiltering - skip non existing resourceDirectory E:\Qk_practice_Project\FireSolution_Project\Project_Firesolution\src\main\resources
2024-12-12 11:39:31,107 [Worker-35: Building] INFO  o.a.m.s.f.DefaultMavenResourcesFiltering - skip non existing resourceDirectory E:\Qk_practice_Project\FireSolution_Project\Project_Firesolution\src\test\resources
2024-12-12 11:42:07,906 [Worker-41: Building] INFO  o.a.m.s.f.DefaultMavenResourcesFiltering - skip non existing resourceDirectory E:\Qk_practice_Project\FireSolution_Project\Project_Firesolution\src\main\resources
2024-12-12 11:42:07,912 [Worker-41: Building] INFO  o.a.m.s.f.DefaultMavenResourcesFiltering - skip non existing resourceDirectory E:\Qk_practice_Project\FireSolution_Project\Project_Firesolution\src\test\resources
2024-12-12 11:43:33,440 [Worker-41: Building] INFO  o.a.m.s.f.DefaultMavenResourcesFiltering - skip non existing resourceDirectory E:\Qk_practice_Project\FireSolution_Project\Project_Firesolution\src\main\resources
2024-12-12 11:43:33,446 [Worker-41: Building] INFO  o.a.m.s.f.DefaultMavenResourcesFiltering - skip non existing resourceDirectory E:\Qk_practice_Project\FireSolution_Project\Project_Firesolution\src\test\resources
2024-12-12 11:45:42,123 [Worker-43: Building] INFO  o.a.m.s.f.DefaultMavenResourcesFiltering - skip non existing resourceDirectory E:\Qk_practice_Project\FireSolution_Project\Project_Firesolution\src\main\resources
2024-12-12 11:45:42,142 [Worker-43: Building] INFO  o.a.m.s.f.DefaultMavenResourcesFiltering - skip non existing resourceDirectory E:\Qk_practice_Project\FireSolution_Project\Project_Firesolution\src\test\resources
2024-12-12 11:48:45,932 [main] INFO  o.e.m.jdt.internal.UnitTestSupport - Updating TC_Master_Sites_006 from maven configuration
2024-12-12 11:48:46,893 [Worker-48: Building] INFO  o.a.m.s.f.DefaultMavenResourcesFiltering - skip non existing resourceDirectory E:\Qk_practice_Project\FireSolution_Project\Project_Firesolution\src\main\resources
2024-12-12 11:48:46,908 [Worker-48: Building] INFO  o.a.m.s.f.DefaultMavenResourcesFiltering - skip non existing resourceDirectory E:\Qk_practice_Project\FireSolution_Project\Project_Firesolution\src\test\resources
2024-12-12 11:50:01,570 [Worker-38: Building] INFO  o.a.m.s.f.DefaultMavenResourcesFiltering - skip non existing resourceDirectory E:\Qk_practice_Project\FireSolution_Project\Project_Firesolution\src\main\resources
2024-12-12 11:50:01,576 [Worker-38: Building] INFO  o.a.m.s.f.DefaultMavenResourcesFiltering - skip non existing resourceDirectory E:\Qk_practice_Project\FireSolution_Project\Project_Firesolution\src\test\resources
2024-12-12 11:52:20,900 [Worker-47: Building] INFO  o.a.m.s.f.DefaultMavenResourcesFiltering - skip non existing resourceDirectory E:\Qk_practice_Project\FireSolution_Project\Project_Firesolution\src\main\resources
2024-12-12 11:52:20,905 [Worker-47: Building] INFO  o.a.m.s.f.DefaultMavenResourcesFiltering - skip non existing resourceDirectory E:\Qk_practice_Project\FireSolution_Project\Project_Firesolution\src\test\resources
2024-12-12 11:56:10,314 [Worker-53: Building] INFO  o.a.m.s.f.DefaultMavenResourcesFiltering - skip non existing resourceDirectory E:\Qk_practice_Project\FireSolution_Project\Project_Firesolution\src\main\resources
2024-12-12 11:56:10,319 [Worker-53: Building] INFO  o.a.m.s.f.DefaultMavenResourcesFiltering - skip non existing resourceDirectory E:\Qk_practice_Project\FireSolution_Project\Project_Firesolution\src\test\resources
2024-12-12 11:56:55,549 [Worker-38: Building] INFO  o.a.m.s.f.DefaultMavenResourcesFiltering - skip non existing resourceDirectory E:\Qk_practice_Project\FireSolution_Project\Project_Firesolution\src\main\resources
2024-12-12 11:56:55,554 [Worker-38: Building] INFO  o.a.m.s.f.DefaultMavenResourcesFiltering - skip non existing resourceDirectory E:\Qk_practice_Project\FireSolution_Project\Project_Firesolution\src\test\resources
2024-12-12 12:00:47,211 [Worker-55: Building] INFO  o.a.m.s.f.DefaultMavenResourcesFiltering - skip non existing resourceDirectory E:\Qk_practice_Project\FireSolution_Project\Project_Firesolution\src\main\resources
2024-12-12 12:00:47,216 [Worker-55: Building] INFO  o.a.m.s.f.DefaultMavenResourcesFiltering - skip non existing resourceDirectory E:\Qk_practice_Project\FireSolution_Project\Project_Firesolution\src\test\resources
2024-12-12 12:05:00,296 [Worker-61: Building] INFO  o.a.m.s.f.DefaultMavenResourcesFiltering - skip non existing resourceDirectory E:\Qk_practice_Project\FireSolution_Project\Project_Firesolution\src\main\resources
2024-12-12 12:05:00,300 [Worker-61: Building] INFO  o.a.m.s.f.DefaultMavenResourcesFiltering - skip non existing resourceDirectory E:\Qk_practice_Project\FireSolution_Project\Project_Firesolution\src\test\resources
2024-12-12 12:07:15,740 [Worker-61: Building] INFO  o.a.m.s.f.DefaultMavenResourcesFiltering - skip non existing resourceDirectory E:\Qk_practice_Project\FireSolution_Project\Project_Firesolution\src\main\resources
2024-12-12 12:07:15,745 [Worker-61: Building] INFO  o.a.m.s.f.DefaultMavenResourcesFiltering - skip non existing resourceDirectory E:\Qk_practice_Project\FireSolution_Project\Project_Firesolution\src\test\resources
2024-12-12 12:08:32,013 [Worker-61: Building] INFO  o.a.m.s.f.DefaultMavenResourcesFiltering - skip non existing resourceDirectory E:\Qk_practice_Project\FireSolution_Project\Project_Firesolution\src\main\resources
2024-12-12 12:08:32,017 [Worker-61: Building] INFO  o.a.m.s.f.DefaultMavenResourcesFiltering - skip non existing resourceDirectory E:\Qk_practice_Project\FireSolution_Project\Project_Firesolution\src\test\resources
2024-12-12 12:10:06,870 [Worker-63: Building] INFO  o.a.m.s.f.DefaultMavenResourcesFiltering - skip non existing resourceDirectory E:\Qk_practice_Project\FireSolution_Project\Project_Firesolution\src\main\resources
2024-12-12 12:10:06,875 [Worker-63: Building] INFO  o.a.m.s.f.DefaultMavenResourcesFiltering - skip non existing resourceDirectory E:\Qk_practice_Project\FireSolution_Project\Project_Firesolution\src\test\resources
2024-12-12 12:25:09,657 [Worker-70: Building] INFO  o.a.m.s.f.DefaultMavenResourcesFiltering - skip non existing resourceDirectory E:\Qk_practice_Project\FireSolution_Project\Project_Firesolution\src\main\resources
2024-12-12 12:25:09,662 [Worker-70: Building] INFO  o.a.m.s.f.DefaultMavenResourcesFiltering - skip non existing resourceDirectory E:\Qk_practice_Project\FireSolution_Project\Project_Firesolution\src\test\resources
2024-12-12 12:31:37,089 [Worker-74: Building] INFO  o.a.m.s.f.DefaultMavenResourcesFiltering - skip non existing resourceDirectory E:\Qk_practice_Project\FireSolution_Project\Project_Firesolution\src\main\resources
2024-12-12 12:31:37,093 [Worker-74: Building] INFO  o.a.m.s.f.DefaultMavenResourcesFiltering - skip non existing resourceDirectory E:\Qk_practice_Project\FireSolution_Project\Project_Firesolution\src\test\resources
2024-12-12 12:40:21,145 [Worker-76: Building] INFO  o.a.m.s.f.DefaultMavenResourcesFiltering - skip non existing resourceDirectory E:\Qk_practice_Project\FireSolution_Project\Project_Firesolution\src\main\resources
2024-12-12 12:40:21,152 [Worker-76: Building] INFO  o.a.m.s.f.DefaultMavenResourcesFiltering - skip non existing resourceDirectory E:\Qk_practice_Project\FireSolution_Project\Project_Firesolution\src\test\resources
2024-12-12 12:41:20,595 [Worker-78: Building] INFO  o.a.m.s.f.DefaultMavenResourcesFiltering - skip non existing resourceDirectory E:\Qk_practice_Project\FireSolution_Project\Project_Firesolution\src\main\resources
2024-12-12 12:41:20,599 [Worker-78: Building] INFO  o.a.m.s.f.DefaultMavenResourcesFiltering - skip non existing resourceDirectory E:\Qk_practice_Project\FireSolution_Project\Project_Firesolution\src\test\resources
2024-12-12 12:42:49,170 [Worker-77: Building] INFO  o.a.m.s.f.DefaultMavenResourcesFiltering - skip non existing resourceDirectory E:\Qk_practice_Project\FireSolution_Project\Project_Firesolution\src\main\resources
2024-12-12 12:42:49,174 [Worker-77: Building] INFO  o.a.m.s.f.DefaultMavenResourcesFiltering - skip non existing resourceDirectory E:\Qk_practice_Project\FireSolution_Project\Project_Firesolution\src\test\resources
2024-12-12 12:42:54,079 [Worker-77: Building] INFO  o.a.m.s.f.DefaultMavenResourcesFiltering - skip non existing resourceDirectory E:\Qk_practice_Project\FireSolution_Project\Project_Firesolution\src\main\resources
2024-12-12 12:42:54,085 [Worker-77: Building] INFO  o.a.m.s.f.DefaultMavenResourcesFiltering - skip non existing resourceDirectory E:\Qk_practice_Project\FireSolution_Project\Project_Firesolution\src\test\resources
2024-12-12 12:44:38,563 [Worker-76: Building] INFO  o.a.m.s.f.DefaultMavenResourcesFiltering - skip non existing resourceDirectory E:\Qk_practice_Project\FireSolution_Project\Project_Firesolution\src\main\resources
2024-12-12 12:44:38,569 [Worker-76: Building] INFO  o.a.m.s.f.DefaultMavenResourcesFiltering - skip non existing resourceDirectory E:\Qk_practice_Project\FireSolution_Project\Project_Firesolution\src\test\resources
2024-12-12 12:45:28,685 [Worker-77: Building] INFO  o.a.m.s.f.DefaultMavenResourcesFiltering - skip non existing resourceDirectory E:\Qk_practice_Project\FireSolution_Project\Project_Firesolution\src\main\resources
2024-12-12 12:45:28,688 [Worker-77: Building] INFO  o.a.m.s.f.DefaultMavenResourcesFiltering - skip non existing resourceDirectory E:\Qk_practice_Project\FireSolution_Project\Project_Firesolution\src\test\resources
2024-12-12 12:46:50,862 [Worker-80: Building] INFO  o.a.m.s.f.DefaultMavenResourcesFiltering - skip non existing resourceDirectory E:\Qk_practice_Project\FireSolution_Project\Project_Firesolution\src\main\resources
2024-12-12 12:46:50,867 [Worker-80: Building] INFO  o.a.m.s.f.DefaultMavenResourcesFiltering - skip non existing resourceDirectory E:\Qk_practice_Project\FireSolution_Project\Project_Firesolution\src\test\resources
2024-12-28 08:59:39,474 [Worker-4: Loading available Gradle versions] INFO  o.e.b.c.i.u.g.PublishedGradleVersions - Gradle version information cache is out-of-date. Trying to update.
2024-12-28 18:53:05,448 [Worker-1: Loading available Gradle versions] INFO  o.e.b.c.i.u.g.PublishedGradleVersions - Gradle version information cache is up-to-date. Trying to read.
2024-12-28 18:56:38,315 [main] INFO  o.e.m.jdt.internal.UnitTestSupport - Updating TC_Master_Unites_008 from maven configuration
2024-12-28 18:56:43,100 [Worker-21: Launching TC_Master_Unites_008] INFO  o.a.m.s.f.DefaultMavenResourcesFiltering - skip non existing resourceDirectory E:\Qk_practice_Project\FireSolution_Project\Project_Firesolution\src\main\resources
2024-12-28 18:56:43,120 [Worker-21: Launching TC_Master_Unites_008] INFO  o.a.m.s.f.DefaultMavenResourcesFiltering - skip non existing resourceDirectory E:\Qk_practice_Project\FireSolution_Project\Project_Firesolution\src\test\resources
2024-12-28 19:09:45,002 [Worker-31: Building] INFO  o.a.m.s.f.DefaultMavenResourcesFiltering - skip non existing resourceDirectory E:\Qk_practice_Project\FireSolution_Project\Project_Firesolution\src\main\resources
2024-12-28 19:09:45,009 [Worker-31: Building] INFO  o.a.m.s.f.DefaultMavenResourcesFiltering - skip non existing resourceDirectory E:\Qk_practice_Project\FireSolution_Project\Project_Firesolution\src\test\resources
2024-12-28 19:13:41,129 [Worker-37: Building] INFO  o.a.m.s.f.DefaultMavenResourcesFiltering - skip non existing resourceDirectory E:\Qk_practice_Project\FireSolution_Project\Project_Firesolution\src\main\resources
2024-12-28 19:13:41,136 [Worker-37: Building] INFO  o.a.m.s.f.DefaultMavenResourcesFiltering - skip non existing resourceDirectory E:\Qk_practice_Project\FireSolution_Project\Project_Firesolution\src\test\resources
2024-12-28 19:23:30,225 [Worker-39: Building] INFO  o.a.m.s.f.DefaultMavenResourcesFiltering - skip non existing resourceDirectory E:\Qk_practice_Project\FireSolution_Project\Project_Firesolution\src\main\resources
2024-12-28 19:23:30,238 [Worker-39: Building] INFO  o.a.m.s.f.DefaultMavenResourcesFiltering - skip non existing resourceDirectory E:\Qk_practice_Project\FireSolution_Project\Project_Firesolution\src\test\resources
2024-12-28 19:27:02,757 [Worker-39: Building] INFO  o.a.m.s.f.DefaultMavenResourcesFiltering - skip non existing resourceDirectory E:\Qk_practice_Project\FireSolution_Project\Project_Firesolution\src\main\resources
2024-12-28 19:27:02,766 [Worker-39: Building] INFO  o.a.m.s.f.DefaultMavenResourcesFiltering - skip non existing resourceDirectory E:\Qk_practice_Project\FireSolution_Project\Project_Firesolution\src\test\resources
2024-12-28 19:41:59,415 [Worker-52: Building] INFO  o.a.m.s.f.DefaultMavenResourcesFiltering - skip non existing resourceDirectory E:\Qk_practice_Project\FireSolution_Project\Project_Firesolution\src\main\resources
2024-12-28 19:41:59,420 [Worker-52: Building] INFO  o.a.m.s.f.DefaultMavenResourcesFiltering - skip non existing resourceDirectory E:\Qk_practice_Project\FireSolution_Project\Project_Firesolution\src\test\resources
2024-12-28 19:43:21,117 [Worker-52: Launching Project_Firesolution_TestNG.xml] INFO  o.a.m.s.f.DefaultMavenResourcesFiltering - skip non existing resourceDirectory E:\Qk_practice_Project\FireSolution_Project\Project_Firesolution\src\main\resources
2024-12-28 19:43:21,121 [Worker-52: Launching Project_Firesolution_TestNG.xml] INFO  o.a.m.s.f.DefaultMavenResourcesFiltering - skip non existing resourceDirectory E:\Qk_practice_Project\FireSolution_Project\Project_Firesolution\src\test\resources
2024-12-28 19:53:57,140 [Worker-59: Building] INFO  o.a.m.s.f.DefaultMavenResourcesFiltering - skip non existing resourceDirectory E:\Qk_practice_Project\FireSolution_Project\Project_Firesolution\src\main\resources
2024-12-28 19:53:57,158 [Worker-59: Building] INFO  o.a.m.s.f.DefaultMavenResourcesFiltering - skip non existing resourceDirectory E:\Qk_practice_Project\FireSolution_Project\Project_Firesolution\src\test\resources
2024-12-28 21:46:28,078 [Worker-69: Launching TC_Master_Unites_008] INFO  o.a.m.s.f.DefaultMavenResourcesFiltering - skip non existing resourceDirectory E:\Qk_practice_Project\FireSolution_Project\Project_Firesolution\src\main\resources
2024-12-28 21:46:28,088 [Worker-69: Launching TC_Master_Unites_008] INFO  o.a.m.s.f.DefaultMavenResourcesFiltering - skip non existing resourceDirectory E:\Qk_practice_Project\FireSolution_Project\Project_Firesolution\src\test\resources
2024-12-28 22:01:52,565 [Worker-82: Launching Project_Firesolution_TestNG.xml] INFO  o.a.m.s.f.DefaultMavenResourcesFiltering - skip non existing resourceDirectory E:\Qk_practice_Project\FireSolution_Project\Project_Firesolution\src\main\resources
2024-12-28 22:01:52,573 [Worker-82: Launching Project_Firesolution_TestNG.xml] INFO  o.a.m.s.f.DefaultMavenResourcesFiltering - skip non existing resourceDirectory E:\Qk_practice_Project\FireSolution_Project\Project_Firesolution\src\test\resources
2024-12-28 22:03:00,442 [Worker-82: Building] INFO  o.a.m.s.f.DefaultMavenResourcesFiltering - skip non existing resourceDirectory E:\Qk_practice_Project\FireSolution_Project\Project_Firesolution\src\main\resources
2024-12-28 22:03:00,449 [Worker-82: Building] INFO  o.a.m.s.f.DefaultMavenResourcesFiltering - skip non existing resourceDirectory E:\Qk_practice_Project\FireSolution_Project\Project_Firesolution\src\test\resources
2024-12-28 22:03:09,608 [Worker-77: Building] INFO  o.a.m.s.f.DefaultMavenResourcesFiltering - skip non existing resourceDirectory E:\Qk_practice_Project\FireSolution_Project\Project_Firesolution\src\main\resources
2024-12-28 22:03:09,616 [Worker-77: Building] INFO  o.a.m.s.f.DefaultMavenResourcesFiltering - skip non existing resourceDirectory E:\Qk_practice_Project\FireSolution_Project\Project_Firesolution\src\test\resources
2024-12-28 22:06:43,929 [Worker-86: Building] INFO  o.a.m.s.f.DefaultMavenResourcesFiltering - skip non existing resourceDirectory E:\Qk_practice_Project\FireSolution_Project\Project_Firesolution\src\main\resources
2024-12-28 22:06:43,936 [Worker-86: Building] INFO  o.a.m.s.f.DefaultMavenResourcesFiltering - skip non existing resourceDirectory E:\Qk_practice_Project\FireSolution_Project\Project_Firesolution\src\test\resources
2024-12-28 22:07:43,405 [Worker-81: Building] INFO  o.a.m.s.f.DefaultMavenResourcesFiltering - skip non existing resourceDirectory E:\Qk_practice_Project\FireSolution_Project\Project_Firesolution\src\main\resources
2024-12-28 22:07:43,414 [Worker-81: Building] INFO  o.a.m.s.f.DefaultMavenResourcesFiltering - skip non existing resourceDirectory E:\Qk_practice_Project\FireSolution_Project\Project_Firesolution\src\test\resources
2024-12-28 22:08:36,323 [Worker-87: Building] INFO  o.a.m.s.f.DefaultMavenResourcesFiltering - skip non existing resourceDirectory E:\Qk_practice_Project\FireSolution_Project\Project_Firesolution\src\main\resources
2024-12-28 22:08:36,330 [Worker-87: Building] INFO  o.a.m.s.f.DefaultMavenResourcesFiltering - skip non existing resourceDirectory E:\Qk_practice_Project\FireSolution_Project\Project_Firesolution\src\test\resources
2024-12-28 22:32:41,289 [Worker-95: Building] INFO  o.a.m.s.f.DefaultMavenResourcesFiltering - skip non existing resourceDirectory E:\Qk_practice_Project\FireSolution_Project\Project_Firesolution\src\main\resources
2024-12-28 22:32:41,295 [Worker-95: Building] INFO  o.a.m.s.f.DefaultMavenResourcesFiltering - skip non existing resourceDirectory E:\Qk_practice_Project\FireSolution_Project\Project_Firesolution\src\test\resources
2024-12-28 22:32:51,057 [Worker-98: Building] INFO  o.a.m.s.f.DefaultMavenResourcesFiltering - skip non existing resourceDirectory E:\Qk_practice_Project\FireSolution_Project\Project_Firesolution\src\main\resources
2024-12-28 22:32:51,066 [Worker-98: Building] INFO  o.a.m.s.f.DefaultMavenResourcesFiltering - skip non existing resourceDirectory E:\Qk_practice_Project\FireSolution_Project\Project_Firesolution\src\test\resources
2024-12-28 22:35:18,831 [Worker-99: Building] INFO  o.a.m.s.f.DefaultMavenResourcesFiltering - skip non existing resourceDirectory E:\Qk_practice_Project\FireSolution_Project\Project_Firesolution\src\main\resources
2024-12-28 22:35:18,839 [Worker-99: Building] INFO  o.a.m.s.f.DefaultMavenResourcesFiltering - skip non existing resourceDirectory E:\Qk_practice_Project\FireSolution_Project\Project_Firesolution\src\test\resources
2024-12-28 22:40:46,893 [Worker-101: Building] INFO  o.a.m.s.f.DefaultMavenResourcesFiltering - skip non existing resourceDirectory E:\Qk_practice_Project\FireSolution_Project\Project_Firesolution\src\main\resources
2024-12-28 22:40:46,902 [Worker-101: Building] INFO  o.a.m.s.f.DefaultMavenResourcesFiltering - skip non existing resourceDirectory E:\Qk_practice_Project\FireSolution_Project\Project_Firesolution\src\test\resources
2024-12-28 22:42:42,095 [Worker-98: Building] INFO  o.a.m.s.f.DefaultMavenResourcesFiltering - skip non existing resourceDirectory E:\Qk_practice_Project\FireSolution_Project\Project_Firesolution\src\main\resources
2024-12-28 22:42:42,101 [Worker-98: Building] INFO  o.a.m.s.f.DefaultMavenResourcesFiltering - skip non existing resourceDirectory E:\Qk_practice_Project\FireSolution_Project\Project_Firesolution\src\test\resources
2024-12-28 22:44:09,577 [Worker-101: Building] INFO  o.a.m.s.f.DefaultMavenResourcesFiltering - skip non existing resourceDirectory E:\Qk_practice_Project\FireSolution_Project\Project_Firesolution\src\main\resources
2024-12-28 22:44:09,585 [Worker-101: Building] INFO  o.a.m.s.f.DefaultMavenResourcesFiltering - skip non existing resourceDirectory E:\Qk_practice_Project\FireSolution_Project\Project_Firesolution\src\test\resources
2024-12-28 22:45:39,191 [Worker-101: Building] INFO  o.a.m.s.f.DefaultMavenResourcesFiltering - skip non existing resourceDirectory E:\Qk_practice_Project\FireSolution_Project\Project_Firesolution\src\main\resources
2024-12-28 22:45:39,194 [Worker-101: Building] INFO  o.a.m.s.f.DefaultMavenResourcesFiltering - skip non existing resourceDirectory E:\Qk_practice_Project\FireSolution_Project\Project_Firesolution\src\test\resources
2024-12-28 22:46:40,299 [main] INFO  o.e.m.jdt.internal.UnitTestSupport - Updating TC_Administration_AssignSite_009 from maven configuration
2024-12-28 22:49:48,045 [Worker-109: Building] INFO  o.a.m.s.f.DefaultMavenResourcesFiltering - skip non existing resourceDirectory E:\Qk_practice_Project\FireSolution_Project\Project_Firesolution\src\main\resources
2024-12-28 22:49:48,049 [Worker-109: Building] INFO  o.a.m.s.f.DefaultMavenResourcesFiltering - skip non existing resourceDirectory E:\Qk_practice_Project\FireSolution_Project\Project_Firesolution\src\test\resources
2024-12-28 22:51:11,376 [Worker-105: Building] INFO  o.a.m.s.f.DefaultMavenResourcesFiltering - skip non existing resourceDirectory E:\Qk_practice_Project\FireSolution_Project\Project_Firesolution\src\main\resources
2024-12-28 22:51:11,381 [Worker-105: Building] INFO  o.a.m.s.f.DefaultMavenResourcesFiltering - skip non existing resourceDirectory E:\Qk_practice_Project\FireSolution_Project\Project_Firesolution\src\test\resources
2024-12-28 22:51:44,137 [Worker-109: Building] INFO  o.a.m.s.f.DefaultMavenResourcesFiltering - skip non existing resourceDirectory E:\Qk_practice_Project\FireSolution_Project\Project_Firesolution\src\main\resources
2024-12-28 22:51:44,142 [Worker-109: Building] INFO  o.a.m.s.f.DefaultMavenResourcesFiltering - skip non existing resourceDirectory E:\Qk_practice_Project\FireSolution_Project\Project_Firesolution\src\test\resources
2024-12-28 22:57:17,865 [Worker-109: Building] INFO  o.a.m.s.f.DefaultMavenResourcesFiltering - skip non existing resourceDirectory E:\Qk_practice_Project\FireSolution_Project\Project_Firesolution\src\main\resources
2024-12-28 22:57:17,876 [Worker-109: Building] INFO  o.a.m.s.f.DefaultMavenResourcesFiltering - skip non existing resourceDirectory E:\Qk_practice_Project\FireSolution_Project\Project_Firesolution\src\test\resources
2024-12-28 22:57:44,417 [Worker-114: Building] INFO  o.a.m.s.f.DefaultMavenResourcesFiltering - skip non existing resourceDirectory E:\Qk_practice_Project\FireSolution_Project\Project_Firesolution\src\main\resources
2024-12-28 22:57:44,421 [Worker-114: Building] INFO  o.a.m.s.f.DefaultMavenResourcesFiltering - skip non existing resourceDirectory E:\Qk_practice_Project\FireSolution_Project\Project_Firesolution\src\test\resources
2024-12-28 22:58:41,872 [Worker-110: Building] INFO  o.a.m.s.f.DefaultMavenResourcesFiltering - skip non existing resourceDirectory E:\Qk_practice_Project\FireSolution_Project\Project_Firesolution\src\main\resources
2024-12-28 22:58:41,876 [Worker-110: Building] INFO  o.a.m.s.f.DefaultMavenResourcesFiltering - skip non existing resourceDirectory E:\Qk_practice_Project\FireSolution_Project\Project_Firesolution\src\test\resources
2025-01-01 21:33:10,895 [Worker-0: Loading available Gradle versions] INFO  o.e.b.c.i.u.g.PublishedGradleVersions - Gradle version information cache is out-of-date. Trying to update.
2025-01-01 21:48:13,116 [Worker-30: Building] INFO  o.a.m.s.f.DefaultMavenResourcesFiltering - skip non existing resourceDirectory E:\Qk_practice_Project\FireSolution_Project\Project_Firesolution\src\main\resources
2025-01-01 21:48:13,126 [Worker-30: Building] INFO  o.a.m.s.f.DefaultMavenResourcesFiltering - skip non existing resourceDirectory E:\Qk_practice_Project\FireSolution_Project\Project_Firesolution\src\test\resources
2025-01-01 21:53:16,399 [Worker-31: Building] INFO  o.a.m.s.f.DefaultMavenResourcesFiltering - skip non existing resourceDirectory E:\Qk_practice_Project\FireSolution_Project\Project_Firesolution\src\main\resources
2025-01-01 21:53:16,405 [Worker-31: Building] INFO  o.a.m.s.f.DefaultMavenResourcesFiltering - skip non existing resourceDirectory E:\Qk_practice_Project\FireSolution_Project\Project_Firesolution\src\test\resources
2025-01-01 21:57:45,078 [Worker-35: Building] INFO  o.a.m.s.f.DefaultMavenResourcesFiltering - skip non existing resourceDirectory E:\Qk_practice_Project\FireSolution_Project\Project_Firesolution\src\main\resources
2025-01-01 21:57:45,084 [Worker-35: Building] INFO  o.a.m.s.f.DefaultMavenResourcesFiltering - skip non existing resourceDirectory E:\Qk_practice_Project\FireSolution_Project\Project_Firesolution\src\test\resources
2025-01-01 22:03:05,211 [Worker-40: Building] INFO  o.a.m.s.f.DefaultMavenResourcesFiltering - skip non existing resourceDirectory E:\Qk_practice_Project\FireSolution_Project\Project_Firesolution\src\main\resources
2025-01-01 22:03:05,218 [Worker-40: Building] INFO  o.a.m.s.f.DefaultMavenResourcesFiltering - skip non existing resourceDirectory E:\Qk_practice_Project\FireSolution_Project\Project_Firesolution\src\test\resources
2025-01-01 22:03:12,259 [Worker-35: Building] INFO  o.a.m.s.f.DefaultMavenResourcesFiltering - skip non existing resourceDirectory E:\Qk_practice_Project\FireSolution_Project\Project_Firesolution\src\main\resources
2025-01-01 22:03:12,264 [Worker-35: Building] INFO  o.a.m.s.f.DefaultMavenResourcesFiltering - skip non existing resourceDirectory E:\Qk_practice_Project\FireSolution_Project\Project_Firesolution\src\test\resources
2025-01-01 22:19:33,290 [Worker-40: Building] INFO  o.a.m.s.f.DefaultMavenResourcesFiltering - skip non existing resourceDirectory E:\Qk_practice_Project\FireSolution_Project\Project_Firesolution\src\main\resources
2025-01-01 22:19:33,302 [Worker-40: Building] INFO  o.a.m.s.f.DefaultMavenResourcesFiltering - skip non existing resourceDirectory E:\Qk_practice_Project\FireSolution_Project\Project_Firesolution\src\test\resources
2025-01-01 22:26:22,092 [Worker-45: Building] INFO  o.a.m.s.f.DefaultMavenResourcesFiltering - skip non existing resourceDirectory E:\Qk_practice_Project\FireSolution_Project\Project_Firesolution\src\main\resources
2025-01-01 22:26:22,132 [Worker-45: Building] INFO  o.a.m.s.f.DefaultMavenResourcesFiltering - skip non existing resourceDirectory E:\Qk_practice_Project\FireSolution_Project\Project_Firesolution\src\test\resources
2025-01-01 22:28:14,714 [Worker-46: Building] INFO  o.a.m.s.f.DefaultMavenResourcesFiltering - skip non existing resourceDirectory E:\Qk_practice_Project\FireSolution_Project\Project_Firesolution\src\main\resources
2025-01-01 22:28:14,720 [Worker-46: Building] INFO  o.a.m.s.f.DefaultMavenResourcesFiltering - skip non existing resourceDirectory E:\Qk_practice_Project\FireSolution_Project\Project_Firesolution\src\test\resources
2025-01-01 22:35:16,531 [Worker-49: Building] INFO  o.a.m.s.f.DefaultMavenResourcesFiltering - skip non existing resourceDirectory E:\Qk_practice_Project\FireSolution_Project\Project_Firesolution\src\main\resources
2025-01-01 22:35:16,538 [Worker-49: Building] INFO  o.a.m.s.f.DefaultMavenResourcesFiltering - skip non existing resourceDirectory E:\Qk_practice_Project\FireSolution_Project\Project_Firesolution\src\test\resources
2025-01-01 22:41:50,758 [Worker-51: Building] INFO  o.a.m.s.f.DefaultMavenResourcesFiltering - skip non existing resourceDirectory E:\Qk_practice_Project\FireSolution_Project\Project_Firesolution\src\main\resources
2025-01-01 22:41:50,763 [Worker-51: Building] INFO  o.a.m.s.f.DefaultMavenResourcesFiltering - skip non existing resourceDirectory E:\Qk_practice_Project\FireSolution_Project\Project_Firesolution\src\test\resources
2025-01-01 22:42:21,399 [Worker-51: Building] INFO  o.a.m.s.f.DefaultMavenResourcesFiltering - skip non existing resourceDirectory E:\Qk_practice_Project\FireSolution_Project\Project_Firesolution\src\main\resources
2025-01-01 22:42:21,403 [Worker-51: Building] INFO  o.a.m.s.f.DefaultMavenResourcesFiltering - skip non existing resourceDirectory E:\Qk_practice_Project\FireSolution_Project\Project_Firesolution\src\test\resources
2025-01-01 22:44:11,221 [Worker-58: Building] INFO  o.a.m.s.f.DefaultMavenResourcesFiltering - skip non existing resourceDirectory E:\Qk_practice_Project\FireSolution_Project\Project_Firesolution\src\main\resources
2025-01-01 22:44:11,230 [Worker-58: Building] INFO  o.a.m.s.f.DefaultMavenResourcesFiltering - skip non existing resourceDirectory E:\Qk_practice_Project\FireSolution_Project\Project_Firesolution\src\test\resources
2025-01-01 22:47:16,429 [Worker-61: Building] INFO  o.a.m.s.f.DefaultMavenResourcesFiltering - skip non existing resourceDirectory E:\Qk_practice_Project\FireSolution_Project\Project_Firesolution\src\main\resources
2025-01-01 22:47:16,440 [Worker-61: Building] INFO  o.a.m.s.f.DefaultMavenResourcesFiltering - skip non existing resourceDirectory E:\Qk_practice_Project\FireSolution_Project\Project_Firesolution\src\test\resources
2025-01-05 16:19:45,265 [Worker-1: Loading available Gradle versions] INFO  o.e.b.c.i.u.g.PublishedGradleVersions - Gradle version information cache is out-of-date. Trying to update.
2025-01-05 16:27:27,325 [Worker-11: Building] INFO  o.a.m.s.f.DefaultMavenResourcesFiltering - skip non existing resourceDirectory E:\Qk_practice_Project\FireSolution_Project\Project_Firesolution\src\main\resources
2025-01-05 16:27:27,337 [Worker-11: Building] INFO  o.a.m.s.f.DefaultMavenResourcesFiltering - skip non existing resourceDirectory E:\Qk_practice_Project\FireSolution_Project\Project_Firesolution\src\test\resources
2025-01-05 17:00:11,581 [Worker-33: Building] INFO  o.a.m.s.f.DefaultMavenResourcesFiltering - skip non existing resourceDirectory E:\Qk_practice_Project\FireSolution_Project\Project_Firesolution\src\main\resources
2025-01-05 17:00:11,604 [Worker-33: Building] INFO  o.a.m.s.f.DefaultMavenResourcesFiltering - skip non existing resourceDirectory E:\Qk_practice_Project\FireSolution_Project\Project_Firesolution\src\test\resources
2025-01-05 17:10:40,364 [Worker-38: Building] INFO  o.a.m.s.f.DefaultMavenResourcesFiltering - skip non existing resourceDirectory E:\Qk_practice_Project\FireSolution_Project\Project_Firesolution\src\main\resources
2025-01-05 17:10:40,381 [Worker-38: Building] INFO  o.a.m.s.f.DefaultMavenResourcesFiltering - skip non existing resourceDirectory E:\Qk_practice_Project\FireSolution_Project\Project_Firesolution\src\test\resources
2025-01-05 17:16:07,477 [Worker-37: Building] INFO  o.a.m.s.f.DefaultMavenResourcesFiltering - skip non existing resourceDirectory E:\Qk_practice_Project\FireSolution_Project\Project_Firesolution\src\main\resources
2025-01-05 17:16:07,489 [Worker-37: Building] INFO  o.a.m.s.f.DefaultMavenResourcesFiltering - skip non existing resourceDirectory E:\Qk_practice_Project\FireSolution_Project\Project_Firesolution\src\test\resources
2025-01-05 19:28:36,905 [Worker-58: Building] INFO  o.a.m.s.f.DefaultMavenResourcesFiltering - skip non existing resourceDirectory E:\Qk_practice_Project\FireSolution_Project\Project_Firesolution\src\main\resources
2025-01-05 19:28:36,936 [Worker-58: Building] INFO  o.a.m.s.f.DefaultMavenResourcesFiltering - skip non existing resourceDirectory E:\Qk_practice_Project\FireSolution_Project\Project_Firesolution\src\test\resources
2025-01-05 19:28:44,403 [main] INFO  o.e.m.jdt.internal.UnitTestSupport - Updating TC_Master_SupplierList_010 from maven configuration
2025-01-05 19:30:42,369 [Worker-57: Building] INFO  o.a.m.s.f.DefaultMavenResourcesFiltering - skip non existing resourceDirectory E:\Qk_practice_Project\FireSolution_Project\Project_Firesolution\src\main\resources
2025-01-05 19:30:42,379 [Worker-57: Building] INFO  o.a.m.s.f.DefaultMavenResourcesFiltering - skip non existing resourceDirectory E:\Qk_practice_Project\FireSolution_Project\Project_Firesolution\src\test\resources
2025-01-21 10:45:32,104 [Worker-1: Loading available Gradle versions] INFO  o.e.b.c.i.u.g.PublishedGradleVersions - Gradle version information cache is out-of-date. Trying to update.
2025-01-21 10:51:04,517 [Worker-25: Building] INFO  o.a.m.s.f.DefaultMavenResourcesFiltering - skip non existing resourceDirectory E:\Qk_practice_Project\FireSolution_Project\Project_Firesolution\src\main\resources
2025-01-21 10:51:04,545 [Worker-25: Building] INFO  o.a.m.s.f.DefaultMavenResourcesFiltering - skip non existing resourceDirectory E:\Qk_practice_Project\FireSolution_Project\Project_Firesolution\src\test\resources
2025-01-21 11:00:41,631 [Worker-9: Building] INFO  o.a.m.s.f.DefaultMavenResourcesFiltering - skip non existing resourceDirectory E:\Qk_practice_Project\FireSolution_Project\Project_Firesolution\src\main\resources
2025-01-21 11:00:41,639 [Worker-9: Building] INFO  o.a.m.s.f.DefaultMavenResourcesFiltering - skip non existing resourceDirectory E:\Qk_practice_Project\FireSolution_Project\Project_Firesolution\src\test\resources
2025-01-21 11:03:09,373 [Worker-32: Building] INFO  o.a.m.s.f.DefaultMavenResourcesFiltering - skip non existing resourceDirectory E:\Qk_practice_Project\FireSolution_Project\Project_Firesolution\src\main\resources
2025-01-21 11:03:09,382 [Worker-32: Building] INFO  o.a.m.s.f.DefaultMavenResourcesFiltering - skip non existing resourceDirectory E:\Qk_practice_Project\FireSolution_Project\Project_Firesolution\src\test\resources
2025-01-21 11:04:12,321 [Worker-32: Building] INFO  o.a.m.s.f.DefaultMavenResourcesFiltering - skip non existing resourceDirectory E:\Qk_practice_Project\FireSolution_Project\Project_Firesolution\src\main\resources
2025-01-21 11:04:12,326 [Worker-32: Building] INFO  o.a.m.s.f.DefaultMavenResourcesFiltering - skip non existing resourceDirectory E:\Qk_practice_Project\FireSolution_Project\Project_Firesolution\src\test\resources
2025-01-21 11:04:20,816 [Worker-32: Building] INFO  o.a.m.s.f.DefaultMavenResourcesFiltering - skip non existing resourceDirectory E:\Qk_practice_Project\FireSolution_Project\Project_Firesolution\src\main\resources
2025-01-21 11:04:20,821 [Worker-32: Building] INFO  o.a.m.s.f.DefaultMavenResourcesFiltering - skip non existing resourceDirectory E:\Qk_practice_Project\FireSolution_Project\Project_Firesolution\src\test\resources
2025-01-21 11:05:20,838 [Worker-9: Building] INFO  o.a.m.s.f.DefaultMavenResourcesFiltering - skip non existing resourceDirectory E:\Qk_practice_Project\FireSolution_Project\Project_Firesolution\src\main\resources
2025-01-21 11:05:20,860 [Worker-9: Building] INFO  o.a.m.s.f.DefaultMavenResourcesFiltering - skip non existing resourceDirectory E:\Qk_practice_Project\FireSolution_Project\Project_Firesolution\src\test\resources
2025-01-31 10:32:59,966 [Worker-1: Loading available Gradle versions] INFO  o.e.b.c.i.u.g.PublishedGradleVersions - Gradle version information cache is out-of-date. Trying to update.
2025-01-31 10:36:09,512 [Worker-7: Building] INFO  o.a.m.s.f.DefaultMavenResourcesFiltering - skip non existing resourceDirectory E:\Qk_practice_Project\FireSolution_Project\Project_Firesolution\src\main\resources
2025-01-31 10:36:09,527 [Worker-7: Building] INFO  o.a.m.s.f.DefaultMavenResourcesFiltering - skip non existing resourceDirectory E:\Qk_practice_Project\FireSolution_Project\Project_Firesolution\src\test\resources
2025-01-31 10:36:27,709 [main] INFO  o.e.m.jdt.internal.UnitTestSupport - Updating TC_Master_Vendor_011 from maven configuration
2025-01-31 10:36:28,432 [Worker-5: Building] INFO  o.a.m.s.f.DefaultMavenResourcesFiltering - skip non existing resourceDirectory E:\Qk_practice_Project\FireSolution_Project\Project_Firesolution\src\main\resources
2025-01-31 10:36:28,438 [Worker-5: Building] INFO  o.a.m.s.f.DefaultMavenResourcesFiltering - skip non existing resourceDirectory E:\Qk_practice_Project\FireSolution_Project\Project_Firesolution\src\test\resources
2025-01-31 10:36:46,637 [Worker-0: Building] INFO  o.a.m.s.f.DefaultMavenResourcesFiltering - skip non existing resourceDirectory E:\Qk_practice_Project\FireSolution_Project\Project_Firesolution\src\main\resources
2025-01-31 10:36:46,643 [Worker-0: Building] INFO  o.a.m.s.f.DefaultMavenResourcesFiltering - skip non existing resourceDirectory E:\Qk_practice_Project\FireSolution_Project\Project_Firesolution\src\test\resources
2025-01-31 10:39:59,789 [Worker-21: Building] INFO  o.a.m.s.f.DefaultMavenResourcesFiltering - skip non existing resourceDirectory E:\Qk_practice_Project\FireSolution_Project\Project_Firesolution\src\main\resources
2025-01-31 10:39:59,794 [Worker-21: Building] INFO  o.a.m.s.f.DefaultMavenResourcesFiltering - skip non existing resourceDirectory E:\Qk_practice_Project\FireSolution_Project\Project_Firesolution\src\test\resources
2025-01-31 10:40:25,284 [Worker-6: Updating Maven Project] INFO  o.e.m.c.i.p.ProjectConfigurationManager - Update started
2025-01-31 10:40:25,865 [Worker-6: Updating Maven Project] INFO  o.e.m.c.i.l.LifecycleMappingFactory - Using org.eclipse.m2e.jdt.JarLifecycleMapping lifecycle mapping for MavenProject: Project_Firesolution:Project_Firesolution:0.0.1-SNAPSHOT @ E:\Qk_practice_Project\FireSolution_Project\Project_Firesolution\pom.xml.
2025-01-31 10:40:27,042 [Worker-6: Updating Maven Project] INFO  o.e.m.j.i.AbstractJavaProjectConfigurator - Adding source folder /Project_Firesolution/src/main/java
2025-01-31 10:40:27,046 [Worker-6: Updating Maven Project] INFO  o.e.m.j.i.AbstractJavaProjectConfigurator - Adding resource folder /Project_Firesolution/src/main/resources
2025-01-31 10:40:27,047 [Worker-6: Updating Maven Project] INFO  o.e.m.j.i.AbstractJavaProjectConfigurator - Adding source folder /Project_Firesolution/src/test/java
2025-01-31 10:40:27,048 [Worker-6: Updating Maven Project] INFO  o.e.m.j.i.AbstractJavaProjectConfigurator - Adding resource folder /Project_Firesolution/src/test/resources
2025-01-31 10:40:27,330 [Worker-6: Updating Maven Project] INFO  o.e.m.jdt.internal.UnitTestSupport - Reset launch configuration name: Project_Firesolution_TestNG.xml
2025-01-31 10:40:27,330 [Worker-6: Updating Maven Project] INFO  o.e.m.jdt.internal.UnitTestSupport - Updating Project_Firesolution_TestNG.xml from maven configuration
2025-01-31 10:40:27,511 [Worker-6: Updating Maven Project] INFO  o.e.m.jdt.internal.UnitTestSupport - Reset launch configuration name: TC_AddNewClient_002
2025-01-31 10:40:27,511 [Worker-6: Updating Maven Project] INFO  o.e.m.jdt.internal.UnitTestSupport - Updating TC_AddNewClient_002 from maven configuration
2025-01-31 10:40:27,512 [Worker-6: Updating Maven Project] INFO  o.e.m.jdt.internal.UnitTestSupport - Reset launch configuration name: TC_Administration_AssignSite_009
2025-01-31 10:40:27,512 [Worker-6: Updating Maven Project] INFO  o.e.m.jdt.internal.UnitTestSupport - Updating TC_Administration_AssignSite_009 from maven configuration
2025-01-31 10:40:27,513 [Worker-6: Updating Maven Project] INFO  o.e.m.jdt.internal.UnitTestSupport - Reset launch configuration name: TC_ClientSignPage_003
2025-01-31 10:40:27,513 [Worker-6: Updating Maven Project] INFO  o.e.m.jdt.internal.UnitTestSupport - Updating TC_ClientSignPage_003 from maven configuration
2025-01-31 10:40:27,514 [Worker-6: Updating Maven Project] INFO  o.e.m.jdt.internal.UnitTestSupport - Reset launch configuration name: TC_Master_Customer_007
2025-01-31 10:40:27,514 [Worker-6: Updating Maven Project] INFO  o.e.m.jdt.internal.UnitTestSupport - Updating TC_Master_Customer_007 from maven configuration
2025-01-31 10:40:27,515 [Worker-6: Updating Maven Project] INFO  o.e.m.jdt.internal.UnitTestSupport - Reset launch configuration name: TC_Master_Sites_006
2025-01-31 10:40:27,516 [Worker-6: Updating Maven Project] INFO  o.e.m.jdt.internal.UnitTestSupport - Updating TC_Master_Sites_006 from maven configuration
2025-01-31 10:40:27,516 [Worker-6: Updating Maven Project] INFO  o.e.m.jdt.internal.UnitTestSupport - Reset launch configuration name: TC_Master_SupplierList_010
2025-01-31 10:40:27,517 [Worker-6: Updating Maven Project] INFO  o.e.m.jdt.internal.UnitTestSupport - Updating TC_Master_SupplierList_010 from maven configuration
2025-01-31 10:40:27,517 [Worker-6: Updating Maven Project] INFO  o.e.m.jdt.internal.UnitTestSupport - Reset launch configuration name: TC_Master_Unites_008
2025-01-31 10:40:27,518 [Worker-6: Updating Maven Project] INFO  o.e.m.jdt.internal.UnitTestSupport - Updating TC_Master_Unites_008 from maven configuration
2025-01-31 10:40:27,519 [Worker-6: Updating Maven Project] INFO  o.e.m.jdt.internal.UnitTestSupport - Reset launch configuration name: TC_SignPage_001
2025-01-31 10:40:27,519 [Worker-6: Updating Maven Project] INFO  o.e.m.jdt.internal.UnitTestSupport - Updating TC_SignPage_001 from maven configuration
2025-01-31 10:40:27,520 [Worker-6: Updating Maven Project] INFO  o.e.m.jdt.internal.UnitTestSupport - Reset launch configuration name: TC_Master_Vendor_011
2025-01-31 10:40:27,520 [Worker-6: Updating Maven Project] INFO  o.e.m.jdt.internal.UnitTestSupport - Updating TC_Master_Vendor_011 from maven configuration
2025-01-31 10:40:27,752 [Worker-6: Updating Maven Project] INFO  o.e.m.c.i.p.ProjectConfigurationManager - Update completed for 1 poms: local refresh takes 0.00 sec, refresh facades takes 1.00 sec, update config takes 0.00 sec 
2025-01-31 10:40:28,601 [Worker-10: Building] INFO  o.a.m.s.f.DefaultMavenResourcesFiltering - skip non existing resourceDirectory E:\Qk_practice_Project\FireSolution_Project\Project_Firesolution\src\main\resources
2025-01-31 10:40:28,609 [Worker-10: Building] INFO  o.a.m.s.f.DefaultMavenResourcesFiltering - skip non existing resourceDirectory E:\Qk_practice_Project\FireSolution_Project\Project_Firesolution\src\test\resources
2025-01-31 10:42:03,304 [Worker-2: Building] INFO  o.a.m.s.f.DefaultMavenResourcesFiltering - skip non existing resourceDirectory E:\Qk_practice_Project\FireSolution_Project\Project_Firesolution\src\main\resources
2025-01-31 10:42:03,309 [Worker-2: Building] INFO  o.a.m.s.f.DefaultMavenResourcesFiltering - skip non existing resourceDirectory E:\Qk_practice_Project\FireSolution_Project\Project_Firesolution\src\test\resources
2025-01-31 10:42:32,239 [Worker-0: Building] INFO  o.a.m.s.f.DefaultMavenResourcesFiltering - skip non existing resourceDirectory E:\Qk_practice_Project\FireSolution_Project\Project_Firesolution\src\main\resources
2025-01-31 10:42:32,245 [Worker-0: Building] INFO  o.a.m.s.f.DefaultMavenResourcesFiltering - skip non existing resourceDirectory E:\Qk_practice_Project\FireSolution_Project\Project_Firesolution\src\test\resources
2025-01-31 10:42:51,342 [Worker-2: Loading available Gradle versions] INFO  o.e.b.c.i.u.g.PublishedGradleVersions - Gradle version information cache is up-to-date. Trying to read.
2025-01-31 10:44:05,724 [Worker-9: Building] INFO  o.a.m.s.f.DefaultMavenResourcesFiltering - skip non existing resourceDirectory E:\Qk_practice_Project\FireSolution_Project\Project_Firesolution\src\main\resources
2025-01-31 10:44:05,737 [Worker-9: Building] INFO  o.a.m.s.f.DefaultMavenResourcesFiltering - skip non existing resourceDirectory E:\Qk_practice_Project\FireSolution_Project\Project_Firesolution\src\test\resources
2025-01-31 10:47:53,659 [Worker-19: Building] INFO  o.a.m.s.f.DefaultMavenResourcesFiltering - skip non existing resourceDirectory E:\Qk_practice_Project\FireSolution_Project\Project_Firesolution\src\main\resources
2025-01-31 10:47:53,666 [Worker-19: Building] INFO  o.a.m.s.f.DefaultMavenResourcesFiltering - skip non existing resourceDirectory E:\Qk_practice_Project\FireSolution_Project\Project_Firesolution\src\test\resources
2025-01-31 10:50:21,983 [Worker-8: Building] INFO  o.a.m.s.f.DefaultMavenResourcesFiltering - skip non existing resourceDirectory E:\Qk_practice_Project\FireSolution_Project\Project_Firesolution\src\main\resources
2025-01-31 10:50:21,989 [Worker-8: Building] INFO  o.a.m.s.f.DefaultMavenResourcesFiltering - skip non existing resourceDirectory E:\Qk_practice_Project\FireSolution_Project\Project_Firesolution\src\test\resources
2025-01-31 10:50:49,357 [Worker-23: Building] INFO  o.a.m.s.f.DefaultMavenResourcesFiltering - skip non existing resourceDirectory E:\Qk_practice_Project\FireSolution_Project\Project_Firesolution\src\main\resources
2025-01-31 10:50:49,363 [Worker-23: Building] INFO  o.a.m.s.f.DefaultMavenResourcesFiltering - skip non existing resourceDirectory E:\Qk_practice_Project\FireSolution_Project\Project_Firesolution\src\test\resources
2025-01-31 10:51:04,276 [Worker-3: Loading available Gradle versions] INFO  o.e.b.c.i.u.g.PublishedGradleVersions - Gradle version information cache is up-to-date. Trying to read.
2025-01-31 10:53:22,696 [Worker-14: Building] INFO  o.a.m.s.f.DefaultMavenResourcesFiltering - skip non existing resourceDirectory E:\Qk_practice_Project\FireSolution_Project\Project_Firesolution\src\main\resources
2025-01-31 10:53:22,705 [Worker-14: Building] INFO  o.a.m.s.f.DefaultMavenResourcesFiltering - skip non existing resourceDirectory E:\Qk_practice_Project\FireSolution_Project\Project_Firesolution\src\test\resources
2025-01-31 10:58:28,829 [Worker-8: Building] INFO  o.a.m.s.f.DefaultMavenResourcesFiltering - skip non existing resourceDirectory E:\Qk_practice_Project\FireSolution_Project\Project_Firesolution\src\main\resources
2025-01-31 10:58:28,834 [Worker-8: Building] INFO  o.a.m.s.f.DefaultMavenResourcesFiltering - skip non existing resourceDirectory E:\Qk_practice_Project\FireSolution_Project\Project_Firesolution\src\test\resources
2025-01-31 11:03:07,285 [Worker-3: Launching TC_Master_Vendor_011] INFO  o.a.m.s.f.DefaultMavenResourcesFiltering - skip non existing resourceDirectory E:\Qk_practice_Project\FireSolution_Project\Project_Firesolution\src\main\resources
2025-01-31 11:03:07,290 [Worker-3: Launching TC_Master_Vendor_011] INFO  o.a.m.s.f.DefaultMavenResourcesFiltering - skip non existing resourceDirectory E:\Qk_practice_Project\FireSolution_Project\Project_Firesolution\src\test\resources
2025-01-31 11:14:55,001 [Worker-25: Building] INFO  o.a.m.s.f.DefaultMavenResourcesFiltering - skip non existing resourceDirectory E:\Qk_practice_Project\FireSolution_Project\Project_Firesolution\src\main\resources
2025-01-31 11:14:55,010 [Worker-25: Building] INFO  o.a.m.s.f.DefaultMavenResourcesFiltering - skip non existing resourceDirectory E:\Qk_practice_Project\FireSolution_Project\Project_Firesolution\src\test\resources
2025-01-31 11:30:27,582 [Worker-27: Building] INFO  o.a.m.s.f.DefaultMavenResourcesFiltering - skip non existing resourceDirectory E:\Qk_practice_Project\FireSolution_Project\Project_Firesolution\src\main\resources
2025-01-31 11:30:27,601 [Worker-27: Building] INFO  o.a.m.s.f.DefaultMavenResourcesFiltering - skip non existing resourceDirectory E:\Qk_practice_Project\FireSolution_Project\Project_Firesolution\src\test\resources
2025-01-31 11:35:39,350 [Worker-32: Building] INFO  o.a.m.s.f.DefaultMavenResourcesFiltering - skip non existing resourceDirectory E:\Qk_practice_Project\FireSolution_Project\Project_Firesolution\src\main\resources
2025-01-31 11:35:39,365 [Worker-32: Building] INFO  o.a.m.s.f.DefaultMavenResourcesFiltering - skip non existing resourceDirectory E:\Qk_practice_Project\FireSolution_Project\Project_Firesolution\src\test\resources
2025-01-31 11:39:48,266 [Worker-3: Building] INFO  o.a.m.s.f.DefaultMavenResourcesFiltering - skip non existing resourceDirectory E:\Qk_practice_Project\FireSolution_Project\Project_Firesolution\src\main\resources
2025-01-31 11:39:48,282 [Worker-3: Building] INFO  o.a.m.s.f.DefaultMavenResourcesFiltering - skip non existing resourceDirectory E:\Qk_practice_Project\FireSolution_Project\Project_Firesolution\src\test\resources
2025-01-31 11:40:42,761 [Worker-35: Building] INFO  o.a.m.s.f.DefaultMavenResourcesFiltering - skip non existing resourceDirectory E:\Qk_practice_Project\FireSolution_Project\Project_Firesolution\src\main\resources
2025-01-31 11:40:42,774 [Worker-35: Building] INFO  o.a.m.s.f.DefaultMavenResourcesFiltering - skip non existing resourceDirectory E:\Qk_practice_Project\FireSolution_Project\Project_Firesolution\src\test\resources
2025-01-31 11:40:50,916 [Worker-35: Building] INFO  o.a.m.s.f.DefaultMavenResourcesFiltering - skip non existing resourceDirectory E:\Qk_practice_Project\FireSolution_Project\Project_Firesolution\src\main\resources
2025-01-31 11:40:50,927 [Worker-35: Building] INFO  o.a.m.s.f.DefaultMavenResourcesFiltering - skip non existing resourceDirectory E:\Qk_practice_Project\FireSolution_Project\Project_Firesolution\src\test\resources
2025-01-31 11:50:54,878 [Worker-32: Building] INFO  o.a.m.s.f.DefaultMavenResourcesFiltering - skip non existing resourceDirectory E:\Qk_practice_Project\FireSolution_Project\Project_Firesolution\src\main\resources
2025-01-31 11:50:54,888 [Worker-32: Building] INFO  o.a.m.s.f.DefaultMavenResourcesFiltering - skip non existing resourceDirectory E:\Qk_practice_Project\FireSolution_Project\Project_Firesolution\src\test\resources
2025-01-31 11:58:56,395 [Worker-43: Building] INFO  o.a.m.s.f.DefaultMavenResourcesFiltering - skip non existing resourceDirectory E:\Qk_practice_Project\FireSolution_Project\Project_Firesolution\src\main\resources
2025-01-31 11:58:56,403 [Worker-43: Building] INFO  o.a.m.s.f.DefaultMavenResourcesFiltering - skip non existing resourceDirectory E:\Qk_practice_Project\FireSolution_Project\Project_Firesolution\src\test\resources
2025-01-31 12:05:46,820 [Worker-43: Building] INFO  o.a.m.s.f.DefaultMavenResourcesFiltering - skip non existing resourceDirectory E:\Qk_practice_Project\FireSolution_Project\Project_Firesolution\src\main\resources
2025-01-31 12:05:46,860 [Worker-43: Building] INFO  o.a.m.s.f.DefaultMavenResourcesFiltering - skip non existing resourceDirectory E:\Qk_practice_Project\FireSolution_Project\Project_Firesolution\src\test\resources
2025-01-31 12:12:59,503 [Worker-43: Building] INFO  o.a.m.s.f.DefaultMavenResourcesFiltering - skip non existing resourceDirectory E:\Qk_practice_Project\FireSolution_Project\Project_Firesolution\src\main\resources
2025-01-31 12:12:59,510 [Worker-43: Building] INFO  o.a.m.s.f.DefaultMavenResourcesFiltering - skip non existing resourceDirectory E:\Qk_practice_Project\FireSolution_Project\Project_Firesolution\src\test\resources
2025-01-31 12:17:37,884 [Worker-49: Building] INFO  o.a.m.s.f.DefaultMavenResourcesFiltering - skip non existing resourceDirectory E:\Qk_practice_Project\FireSolution_Project\Project_Firesolution\src\main\resources
2025-01-31 12:17:37,891 [Worker-49: Building] INFO  o.a.m.s.f.DefaultMavenResourcesFiltering - skip non existing resourceDirectory E:\Qk_practice_Project\FireSolution_Project\Project_Firesolution\src\test\resources
2025-01-31 12:18:48,607 [Worker-51: Building] INFO  o.a.m.s.f.DefaultMavenResourcesFiltering - skip non existing resourceDirectory E:\Qk_practice_Project\FireSolution_Project\Project_Firesolution\src\main\resources
2025-01-31 12:18:48,615 [Worker-51: Building] INFO  o.a.m.s.f.DefaultMavenResourcesFiltering - skip non existing resourceDirectory E:\Qk_practice_Project\FireSolution_Project\Project_Firesolution\src\test\resources
2025-01-31 12:23:58,862 [Worker-52: Building] INFO  o.a.m.s.f.DefaultMavenResourcesFiltering - skip non existing resourceDirectory E:\Qk_practice_Project\FireSolution_Project\Project_Firesolution\src\main\resources
2025-01-31 12:23:58,870 [Worker-52: Building] INFO  o.a.m.s.f.DefaultMavenResourcesFiltering - skip non existing resourceDirectory E:\Qk_practice_Project\FireSolution_Project\Project_Firesolution\src\test\resources
2025-01-31 12:29:10,281 [Worker-48: Building] INFO  o.a.m.s.f.DefaultMavenResourcesFiltering - skip non existing resourceDirectory E:\Qk_practice_Project\FireSolution_Project\Project_Firesolution\src\main\resources
2025-01-31 12:29:10,293 [Worker-48: Building] INFO  o.a.m.s.f.DefaultMavenResourcesFiltering - skip non existing resourceDirectory E:\Qk_practice_Project\FireSolution_Project\Project_Firesolution\src\test\resources
2025-01-31 12:32:06,838 [Worker-54: Building] INFO  o.a.m.s.f.DefaultMavenResourcesFiltering - skip non existing resourceDirectory E:\Qk_practice_Project\FireSolution_Project\Project_Firesolution\src\main\resources
2025-01-31 12:32:06,846 [Worker-54: Building] INFO  o.a.m.s.f.DefaultMavenResourcesFiltering - skip non existing resourceDirectory E:\Qk_practice_Project\FireSolution_Project\Project_Firesolution\src\test\resources
2025-01-31 12:33:38,489 [Worker-54: Building] INFO  o.a.m.s.f.DefaultMavenResourcesFiltering - skip non existing resourceDirectory E:\Qk_practice_Project\FireSolution_Project\Project_Firesolution\src\main\resources
2025-01-31 12:33:38,499 [Worker-54: Building] INFO  o.a.m.s.f.DefaultMavenResourcesFiltering - skip non existing resourceDirectory E:\Qk_practice_Project\FireSolution_Project\Project_Firesolution\src\test\resources
2025-01-31 12:33:43,511 [Worker-55: Building] INFO  o.a.m.s.f.DefaultMavenResourcesFiltering - skip non existing resourceDirectory E:\Qk_practice_Project\FireSolution_Project\Project_Firesolution\src\main\resources
2025-01-31 12:33:43,519 [Worker-55: Building] INFO  o.a.m.s.f.DefaultMavenResourcesFiltering - skip non existing resourceDirectory E:\Qk_practice_Project\FireSolution_Project\Project_Firesolution\src\test\resources
2025-01-31 12:41:03,950 [Worker-57: Building] INFO  o.a.m.s.f.DefaultMavenResourcesFiltering - skip non existing resourceDirectory E:\Qk_practice_Project\FireSolution_Project\Project_Firesolution\src\main\resources
2025-01-31 12:41:03,961 [Worker-57: Building] INFO  o.a.m.s.f.DefaultMavenResourcesFiltering - skip non existing resourceDirectory E:\Qk_practice_Project\FireSolution_Project\Project_Firesolution\src\test\resources
2025-01-31 13:23:03,972 [Worker-72: Building] INFO  o.a.m.s.f.DefaultMavenResourcesFiltering - skip non existing resourceDirectory E:\Qk_practice_Project\FireSolution_Project\Project_Firesolution\src\main\resources
2025-01-31 13:23:03,985 [Worker-72: Building] INFO  o.a.m.s.f.DefaultMavenResourcesFiltering - skip non existing resourceDirectory E:\Qk_practice_Project\FireSolution_Project\Project_Firesolution\src\test\resources
2025-01-31 13:24:28,440 [Worker-76: Building] INFO  o.a.m.s.f.DefaultMavenResourcesFiltering - skip non existing resourceDirectory E:\Qk_practice_Project\FireSolution_Project\Project_Firesolution\src\main\resources
2025-01-31 13:24:28,444 [Worker-76: Building] INFO  o.a.m.s.f.DefaultMavenResourcesFiltering - skip non existing resourceDirectory E:\Qk_practice_Project\FireSolution_Project\Project_Firesolution\src\test\resources
2025-01-31 13:27:50,259 [Worker-75: Building] INFO  o.a.m.s.f.DefaultMavenResourcesFiltering - skip non existing resourceDirectory E:\Qk_practice_Project\FireSolution_Project\Project_Firesolution\src\main\resources
2025-01-31 13:27:50,300 [Worker-75: Building] INFO  o.a.m.s.f.DefaultMavenResourcesFiltering - skip non existing resourceDirectory E:\Qk_practice_Project\FireSolution_Project\Project_Firesolution\src\test\resources
2025-01-31 13:33:03,550 [Worker-77: Building] INFO  o.a.m.s.f.DefaultMavenResourcesFiltering - skip non existing resourceDirectory E:\Qk_practice_Project\FireSolution_Project\Project_Firesolution\src\main\resources
2025-01-31 13:33:03,559 [Worker-77: Building] INFO  o.a.m.s.f.DefaultMavenResourcesFiltering - skip non existing resourceDirectory E:\Qk_practice_Project\FireSolution_Project\Project_Firesolution\src\test\resources
2025-01-31 13:33:11,456 [Worker-77: Building] INFO  o.a.m.s.f.DefaultMavenResourcesFiltering - skip non existing resourceDirectory E:\Qk_practice_Project\FireSolution_Project\Project_Firesolution\src\main\resources
2025-01-31 13:33:11,465 [Worker-77: Building] INFO  o.a.m.s.f.DefaultMavenResourcesFiltering - skip non existing resourceDirectory E:\Qk_practice_Project\FireSolution_Project\Project_Firesolution\src\test\resources
2025-01-31 13:34:21,920 [Worker-81: Building] INFO  o.a.m.s.f.DefaultMavenResourcesFiltering - skip non existing resourceDirectory E:\Qk_practice_Project\FireSolution_Project\Project_Firesolution\src\main\resources
2025-01-31 13:34:21,927 [Worker-81: Building] INFO  o.a.m.s.f.DefaultMavenResourcesFiltering - skip non existing resourceDirectory E:\Qk_practice_Project\FireSolution_Project\Project_Firesolution\src\test\resources
2025-01-31 13:34:38,708 [Worker-77: Building] INFO  o.a.m.s.f.DefaultMavenResourcesFiltering - skip non existing resourceDirectory E:\Qk_practice_Project\FireSolution_Project\Project_Firesolution\src\main\resources
2025-01-31 13:34:38,719 [Worker-77: Building] INFO  o.a.m.s.f.DefaultMavenResourcesFiltering - skip non existing resourceDirectory E:\Qk_practice_Project\FireSolution_Project\Project_Firesolution\src\test\resources
2025-01-31 13:36:21,593 [Worker-77: Building] INFO  o.a.m.s.f.DefaultMavenResourcesFiltering - skip non existing resourceDirectory E:\Qk_practice_Project\FireSolution_Project\Project_Firesolution\src\main\resources
2025-01-31 13:36:21,600 [Worker-77: Building] INFO  o.a.m.s.f.DefaultMavenResourcesFiltering - skip non existing resourceDirectory E:\Qk_practice_Project\FireSolution_Project\Project_Firesolution\src\test\resources
2025-01-31 13:41:00,267 [Worker-84: Building] INFO  o.a.m.s.f.DefaultMavenResourcesFiltering - skip non existing resourceDirectory E:\Qk_practice_Project\FireSolution_Project\Project_Firesolution\src\main\resources
2025-01-31 13:41:00,275 [Worker-84: Building] INFO  o.a.m.s.f.DefaultMavenResourcesFiltering - skip non existing resourceDirectory E:\Qk_practice_Project\FireSolution_Project\Project_Firesolution\src\test\resources
2025-01-31 13:51:26,770 [Worker-89: Building] INFO  o.a.m.s.f.DefaultMavenResourcesFiltering - skip non existing resourceDirectory E:\Qk_practice_Project\FireSolution_Project\Project_Firesolution\src\main\resources
2025-01-31 13:51:26,777 [Worker-89: Building] INFO  o.a.m.s.f.DefaultMavenResourcesFiltering - skip non existing resourceDirectory E:\Qk_practice_Project\FireSolution_Project\Project_Firesolution\src\test\resources
2025-01-31 13:58:03,210 [Worker-86: Building] INFO  o.a.m.s.f.DefaultMavenResourcesFiltering - skip non existing resourceDirectory E:\Qk_practice_Project\FireSolution_Project\Project_Firesolution\src\main\resources
2025-01-31 13:58:03,221 [Worker-86: Building] INFO  o.a.m.s.f.DefaultMavenResourcesFiltering - skip non existing resourceDirectory E:\Qk_practice_Project\FireSolution_Project\Project_Firesolution\src\test\resources
2025-01-31 14:04:00,618 [Worker-91: Building] INFO  o.a.m.s.f.DefaultMavenResourcesFiltering - skip non existing resourceDirectory E:\Qk_practice_Project\FireSolution_Project\Project_Firesolution\src\main\resources
2025-01-31 14:04:00,626 [Worker-91: Building] INFO  o.a.m.s.f.DefaultMavenResourcesFiltering - skip non existing resourceDirectory E:\Qk_practice_Project\FireSolution_Project\Project_Firesolution\src\test\resources
2025-01-31 15:21:46,705 [Worker-97: Building] INFO  o.a.m.s.f.DefaultMavenResourcesFiltering - skip non existing resourceDirectory E:\Qk_practice_Project\FireSolution_Project\Project_Firesolution\src\main\resources
2025-01-31 15:21:46,733 [Worker-97: Building] INFO  o.a.m.s.f.DefaultMavenResourcesFiltering - skip non existing resourceDirectory E:\Qk_practice_Project\FireSolution_Project\Project_Firesolution\src\test\resources
2025-01-31 15:27:06,656 [Worker-98: Building] INFO  o.a.m.s.f.DefaultMavenResourcesFiltering - skip non existing resourceDirectory E:\Qk_practice_Project\FireSolution_Project\Project_Firesolution\src\main\resources
2025-01-31 15:27:06,666 [Worker-98: Building] INFO  o.a.m.s.f.DefaultMavenResourcesFiltering - skip non existing resourceDirectory E:\Qk_practice_Project\FireSolution_Project\Project_Firesolution\src\test\resources
2025-01-31 15:36:48,813 [Worker-101: Building] INFO  o.a.m.s.f.DefaultMavenResourcesFiltering - skip non existing resourceDirectory E:\Qk_practice_Project\FireSolution_Project\Project_Firesolution\src\main\resources
2025-01-31 15:36:48,821 [Worker-101: Building] INFO  o.a.m.s.f.DefaultMavenResourcesFiltering - skip non existing resourceDirectory E:\Qk_practice_Project\FireSolution_Project\Project_Firesolution\src\test\resources
2025-01-31 15:40:01,114 [Worker-102: Building] INFO  o.a.m.s.f.DefaultMavenResourcesFiltering - skip non existing resourceDirectory E:\Qk_practice_Project\FireSolution_Project\Project_Firesolution\src\main\resources
2025-01-31 15:40:01,117 [Worker-102: Building] INFO  o.a.m.s.f.DefaultMavenResourcesFiltering - skip non existing resourceDirectory E:\Qk_practice_Project\FireSolution_Project\Project_Firesolution\src\test\resources
2025-01-31 15:41:04,670 [Worker-103: Building] INFO  o.a.m.s.f.DefaultMavenResourcesFiltering - skip non existing resourceDirectory E:\Qk_practice_Project\FireSolution_Project\Project_Firesolution\src\main\resources
2025-01-31 15:41:04,674 [Worker-103: Building] INFO  o.a.m.s.f.DefaultMavenResourcesFiltering - skip non existing resourceDirectory E:\Qk_practice_Project\FireSolution_Project\Project_Firesolution\src\test\resources
2025-01-31 15:41:52,132 [Worker-106: Building] INFO  o.a.m.s.f.DefaultMavenResourcesFiltering - skip non existing resourceDirectory E:\Qk_practice_Project\FireSolution_Project\Project_Firesolution\src\main\resources
2025-01-31 15:41:52,136 [Worker-106: Building] INFO  o.a.m.s.f.DefaultMavenResourcesFiltering - skip non existing resourceDirectory E:\Qk_practice_Project\FireSolution_Project\Project_Firesolution\src\test\resources
2025-01-31 15:43:18,464 [Worker-103: Building] INFO  o.a.m.s.f.DefaultMavenResourcesFiltering - skip non existing resourceDirectory E:\Qk_practice_Project\FireSolution_Project\Project_Firesolution\src\main\resources
2025-01-31 15:43:18,467 [Worker-103: Building] INFO  o.a.m.s.f.DefaultMavenResourcesFiltering - skip non existing resourceDirectory E:\Qk_practice_Project\FireSolution_Project\Project_Firesolution\src\test\resources
2025-01-31 15:46:53,851 [Worker-106: Building] INFO  o.a.m.s.f.DefaultMavenResourcesFiltering - skip non existing resourceDirectory E:\Qk_practice_Project\FireSolution_Project\Project_Firesolution\src\main\resources
2025-01-31 15:46:53,856 [Worker-106: Building] INFO  o.a.m.s.f.DefaultMavenResourcesFiltering - skip non existing resourceDirectory E:\Qk_practice_Project\FireSolution_Project\Project_Firesolution\src\test\resources
2025-01-31 15:46:56,430 [main] INFO  o.e.m.jdt.internal.UnitTestSupport - Updating TC_SubProductCategory_013 from maven configuration
2025-01-31 15:48:35,297 [Worker-107: Building] INFO  o.a.m.s.f.DefaultMavenResourcesFiltering - skip non existing resourceDirectory E:\Qk_practice_Project\FireSolution_Project\Project_Firesolution\src\main\resources
2025-01-31 15:48:35,303 [Worker-107: Building] INFO  o.a.m.s.f.DefaultMavenResourcesFiltering - skip non existing resourceDirectory E:\Qk_practice_Project\FireSolution_Project\Project_Firesolution\src\test\resources
2025-01-31 15:49:15,207 [Worker-106: Building] INFO  o.a.m.s.f.DefaultMavenResourcesFiltering - skip non existing resourceDirectory E:\Qk_practice_Project\FireSolution_Project\Project_Firesolution\src\main\resources
2025-01-31 15:49:15,212 [Worker-106: Building] INFO  o.a.m.s.f.DefaultMavenResourcesFiltering - skip non existing resourceDirectory E:\Qk_practice_Project\FireSolution_Project\Project_Firesolution\src\test\resources
2025-01-31 15:57:48,041 [Worker-110: Building] INFO  o.a.m.s.f.DefaultMavenResourcesFiltering - skip non existing resourceDirectory E:\Qk_practice_Project\FireSolution_Project\Project_Firesolution\src\main\resources
2025-01-31 15:57:48,045 [Worker-110: Building] INFO  o.a.m.s.f.DefaultMavenResourcesFiltering - skip non existing resourceDirectory E:\Qk_practice_Project\FireSolution_Project\Project_Firesolution\src\test\resources
2025-02-01 15:32:43,947 [Worker-4: Loading available Gradle versions] INFO  o.e.b.c.i.u.g.PublishedGradleVersions - Gradle version information cache is out-of-date. Trying to update.
2025-02-01 15:34:00,419 [Worker-18: Building] INFO  o.a.m.s.f.DefaultMavenResourcesFiltering - skip non existing resourceDirectory E:\Qk_practice_Project\FireSolution_Project\Project_Firesolution\src\main\resources
2025-02-01 15:34:00,431 [Worker-18: Building] INFO  o.a.m.s.f.DefaultMavenResourcesFiltering - skip non existing resourceDirectory E:\Qk_practice_Project\FireSolution_Project\Project_Firesolution\src\test\resources
2025-02-01 15:35:10,042 [Worker-12: Building] INFO  o.a.m.s.f.DefaultMavenResourcesFiltering - skip non existing resourceDirectory E:\Qk_practice_Project\FireSolution_Project\Project_Firesolution\src\main\resources
2025-02-01 15:35:10,047 [Worker-12: Building] INFO  o.a.m.s.f.DefaultMavenResourcesFiltering - skip non existing resourceDirectory E:\Qk_practice_Project\FireSolution_Project\Project_Firesolution\src\test\resources
2025-02-01 16:10:24,383 [Worker-34: Building] INFO  o.a.m.s.f.DefaultMavenResourcesFiltering - skip non existing resourceDirectory E:\Qk_practice_Project\FireSolution_Project\Project_Firesolution\src\main\resources
2025-02-01 16:10:24,397 [Worker-34: Building] INFO  o.a.m.s.f.DefaultMavenResourcesFiltering - skip non existing resourceDirectory E:\Qk_practice_Project\FireSolution_Project\Project_Firesolution\src\test\resources
2025-02-01 16:11:55,529 [Worker-37: Building] INFO  o.a.m.s.f.DefaultMavenResourcesFiltering - skip non existing resourceDirectory E:\Qk_practice_Project\FireSolution_Project\Project_Firesolution\src\main\resources
2025-02-01 16:11:55,539 [Worker-37: Building] INFO  o.a.m.s.f.DefaultMavenResourcesFiltering - skip non existing resourceDirectory E:\Qk_practice_Project\FireSolution_Project\Project_Firesolution\src\test\resources
2025-02-01 16:12:29,411 [Worker-36: Building] INFO  o.a.m.s.f.DefaultMavenResourcesFiltering - skip non existing resourceDirectory E:\Qk_practice_Project\FireSolution_Project\Project_Firesolution\src\main\resources
2025-02-01 16:12:29,420 [Worker-36: Building] INFO  o.a.m.s.f.DefaultMavenResourcesFiltering - skip non existing resourceDirectory E:\Qk_practice_Project\FireSolution_Project\Project_Firesolution\src\test\resources
2025-02-01 16:26:18,172 [Worker-41: Building] INFO  o.a.m.s.f.DefaultMavenResourcesFiltering - skip non existing resourceDirectory E:\Qk_practice_Project\FireSolution_Project\Project_Firesolution\src\main\resources
2025-02-01 16:26:18,233 [Worker-41: Building] INFO  o.a.m.s.f.DefaultMavenResourcesFiltering - skip non existing resourceDirectory E:\Qk_practice_Project\FireSolution_Project\Project_Firesolution\src\test\resources
2025-02-01 16:27:08,095 [Worker-45: Building] INFO  o.a.m.s.f.DefaultMavenResourcesFiltering - skip non existing resourceDirectory E:\Qk_practice_Project\FireSolution_Project\Project_Firesolution\src\main\resources
2025-02-01 16:27:08,102 [Worker-45: Building] INFO  o.a.m.s.f.DefaultMavenResourcesFiltering - skip non existing resourceDirectory E:\Qk_practice_Project\FireSolution_Project\Project_Firesolution\src\test\resources
2025-02-01 16:28:16,448 [Worker-44: Building] INFO  o.a.m.s.f.DefaultMavenResourcesFiltering - skip non existing resourceDirectory E:\Qk_practice_Project\FireSolution_Project\Project_Firesolution\src\main\resources
2025-02-01 16:28:16,463 [Worker-44: Building] INFO  o.a.m.s.f.DefaultMavenResourcesFiltering - skip non existing resourceDirectory E:\Qk_practice_Project\FireSolution_Project\Project_Firesolution\src\test\resources
2025-02-01 16:45:03,097 [Worker-45: Building] INFO  o.a.m.s.f.DefaultMavenResourcesFiltering - skip non existing resourceDirectory E:\Qk_practice_Project\FireSolution_Project\Project_Firesolution\src\main\resources
2025-02-01 16:45:03,103 [Worker-45: Building] INFO  o.a.m.s.f.DefaultMavenResourcesFiltering - skip non existing resourceDirectory E:\Qk_practice_Project\FireSolution_Project\Project_Firesolution\src\test\resources
2025-02-01 16:45:33,730 [Worker-50: Building] INFO  o.a.m.s.f.DefaultMavenResourcesFiltering - skip non existing resourceDirectory E:\Qk_practice_Project\FireSolution_Project\Project_Firesolution\src\main\resources
2025-02-01 16:45:33,737 [Worker-50: Building] INFO  o.a.m.s.f.DefaultMavenResourcesFiltering - skip non existing resourceDirectory E:\Qk_practice_Project\FireSolution_Project\Project_Firesolution\src\test\resources
2025-02-01 17:47:02,803 [Worker-61: Building] INFO  o.a.m.s.f.DefaultMavenResourcesFiltering - skip non existing resourceDirectory E:\Qk_practice_Project\FireSolution_Project\Project_Firesolution\src\main\resources
2025-02-01 17:47:02,818 [Worker-61: Building] INFO  o.a.m.s.f.DefaultMavenResourcesFiltering - skip non existing resourceDirectory E:\Qk_practice_Project\FireSolution_Project\Project_Firesolution\src\test\resources
2025-02-01 17:48:28,407 [Worker-64: Building] INFO  o.a.m.s.f.DefaultMavenResourcesFiltering - skip non existing resourceDirectory E:\Qk_practice_Project\FireSolution_Project\Project_Firesolution\src\main\resources
2025-02-01 17:48:28,419 [Worker-64: Building] INFO  o.a.m.s.f.DefaultMavenResourcesFiltering - skip non existing resourceDirectory E:\Qk_practice_Project\FireSolution_Project\Project_Firesolution\src\test\resources
2025-02-01 17:50:29,072 [Worker-66: Building] INFO  o.a.m.s.f.DefaultMavenResourcesFiltering - skip non existing resourceDirectory E:\Qk_practice_Project\FireSolution_Project\Project_Firesolution\src\main\resources
2025-02-01 17:50:29,080 [Worker-66: Building] INFO  o.a.m.s.f.DefaultMavenResourcesFiltering - skip non existing resourceDirectory E:\Qk_practice_Project\FireSolution_Project\Project_Firesolution\src\test\resources
2025-02-01 17:57:33,413 [Worker-65: Building] INFO  o.a.m.s.f.DefaultMavenResourcesFiltering - skip non existing resourceDirectory E:\Qk_practice_Project\FireSolution_Project\Project_Firesolution\src\main\resources
2025-02-01 17:57:33,418 [Worker-65: Building] INFO  o.a.m.s.f.DefaultMavenResourcesFiltering - skip non existing resourceDirectory E:\Qk_practice_Project\FireSolution_Project\Project_Firesolution\src\test\resources
2025-02-01 18:02:21,005 [Worker-71: Building] INFO  o.a.m.s.f.DefaultMavenResourcesFiltering - skip non existing resourceDirectory E:\Qk_practice_Project\FireSolution_Project\Project_Firesolution\src\main\resources
2025-02-01 18:02:21,009 [Worker-71: Building] INFO  o.a.m.s.f.DefaultMavenResourcesFiltering - skip non existing resourceDirectory E:\Qk_practice_Project\FireSolution_Project\Project_Firesolution\src\test\resources
2025-02-01 18:04:50,024 [Worker-75: Building] INFO  o.a.m.s.f.DefaultMavenResourcesFiltering - skip non existing resourceDirectory E:\Qk_practice_Project\FireSolution_Project\Project_Firesolution\src\main\resources
2025-02-01 18:04:50,030 [Worker-75: Building] INFO  o.a.m.s.f.DefaultMavenResourcesFiltering - skip non existing resourceDirectory E:\Qk_practice_Project\FireSolution_Project\Project_Firesolution\src\test\resources
2025-02-01 18:07:20,567 [Worker-80: Building] INFO  o.a.m.s.f.DefaultMavenResourcesFiltering - skip non existing resourceDirectory E:\Qk_practice_Project\FireSolution_Project\Project_Firesolution\src\main\resources
2025-02-01 18:07:20,572 [Worker-80: Building] INFO  o.a.m.s.f.DefaultMavenResourcesFiltering - skip non existing resourceDirectory E:\Qk_practice_Project\FireSolution_Project\Project_Firesolution\src\test\resources
2025-02-01 18:13:35,217 [Worker-85: Building] INFO  o.a.m.s.f.DefaultMavenResourcesFiltering - skip non existing resourceDirectory E:\Qk_practice_Project\FireSolution_Project\Project_Firesolution\src\main\resources
2025-02-01 18:13:35,221 [Worker-85: Building] INFO  o.a.m.s.f.DefaultMavenResourcesFiltering - skip non existing resourceDirectory E:\Qk_practice_Project\FireSolution_Project\Project_Firesolution\src\test\resources
2025-02-01 18:17:50,872 [Worker-76: Building] INFO  o.a.m.s.f.DefaultMavenResourcesFiltering - skip non existing resourceDirectory E:\Qk_practice_Project\FireSolution_Project\Project_Firesolution\src\main\resources
2025-02-01 18:17:50,877 [Worker-76: Building] INFO  o.a.m.s.f.DefaultMavenResourcesFiltering - skip non existing resourceDirectory E:\Qk_practice_Project\FireSolution_Project\Project_Firesolution\src\test\resources
2025-02-01 18:18:02,723 [Worker-86: Building] INFO  o.a.m.s.f.DefaultMavenResourcesFiltering - skip non existing resourceDirectory E:\Qk_practice_Project\FireSolution_Project\Project_Firesolution\src\main\resources
2025-02-01 18:18:02,728 [Worker-86: Building] INFO  o.a.m.s.f.DefaultMavenResourcesFiltering - skip non existing resourceDirectory E:\Qk_practice_Project\FireSolution_Project\Project_Firesolution\src\test\resources
2025-02-01 18:20:33,805 [Worker-92: Building] INFO  o.a.m.s.f.DefaultMavenResourcesFiltering - skip non existing resourceDirectory E:\Qk_practice_Project\FireSolution_Project\Project_Firesolution\src\main\resources
2025-02-01 18:20:33,809 [Worker-92: Building] INFO  o.a.m.s.f.DefaultMavenResourcesFiltering - skip non existing resourceDirectory E:\Qk_practice_Project\FireSolution_Project\Project_Firesolution\src\test\resources
2025-02-01 18:25:16,262 [Worker-86: Building] INFO  o.a.m.s.f.DefaultMavenResourcesFiltering - skip non existing resourceDirectory E:\Qk_practice_Project\FireSolution_Project\Project_Firesolution\src\main\resources
2025-02-01 18:25:16,266 [Worker-86: Building] INFO  o.a.m.s.f.DefaultMavenResourcesFiltering - skip non existing resourceDirectory E:\Qk_practice_Project\FireSolution_Project\Project_Firesolution\src\test\resources
2025-02-01 18:51:11,707 [Worker-103: Building] INFO  o.a.m.s.f.DefaultMavenResourcesFiltering - skip non existing resourceDirectory E:\Qk_practice_Project\FireSolution_Project\Project_Firesolution\src\main\resources
2025-02-01 18:51:11,738 [Worker-103: Building] INFO  o.a.m.s.f.DefaultMavenResourcesFiltering - skip non existing resourceDirectory E:\Qk_practice_Project\FireSolution_Project\Project_Firesolution\src\test\resources
2025-02-03 12:00:46,294 [Worker-2: Loading available Gradle versions] INFO  o.e.b.c.i.u.g.PublishedGradleVersions - Gradle version information cache is out-of-date. Trying to update.
2025-02-03 12:21:59,871 [Worker-30: Building] INFO  o.a.m.s.f.DefaultMavenResourcesFiltering - skip non existing resourceDirectory E:\Qk_practice_Project\FireSolution_Project\Project_Firesolution\src\main\resources
2025-02-03 12:21:59,888 [Worker-30: Building] INFO  o.a.m.s.f.DefaultMavenResourcesFiltering - skip non existing resourceDirectory E:\Qk_practice_Project\FireSolution_Project\Project_Firesolution\src\test\resources
2025-02-03 12:23:37,129 [Worker-30: Building] INFO  o.a.m.s.f.DefaultMavenResourcesFiltering - skip non existing resourceDirectory E:\Qk_practice_Project\FireSolution_Project\Project_Firesolution\src\main\resources
2025-02-03 12:23:37,135 [Worker-30: Building] INFO  o.a.m.s.f.DefaultMavenResourcesFiltering - skip non existing resourceDirectory E:\Qk_practice_Project\FireSolution_Project\Project_Firesolution\src\test\resources
2025-02-03 12:26:44,675 [Worker-34: Building] INFO  o.a.m.s.f.DefaultMavenResourcesFiltering - skip non existing resourceDirectory E:\Qk_practice_Project\FireSolution_Project\Project_Firesolution\src\main\resources
2025-02-03 12:26:44,680 [Worker-34: Building] INFO  o.a.m.s.f.DefaultMavenResourcesFiltering - skip non existing resourceDirectory E:\Qk_practice_Project\FireSolution_Project\Project_Firesolution\src\test\resources
2025-02-03 12:36:12,297 [Worker-36: Building] INFO  o.a.m.s.f.DefaultMavenResourcesFiltering - skip non existing resourceDirectory E:\Qk_practice_Project\FireSolution_Project\Project_Firesolution\src\main\resources
2025-02-03 12:36:12,302 [Worker-36: Building] INFO  o.a.m.s.f.DefaultMavenResourcesFiltering - skip non existing resourceDirectory E:\Qk_practice_Project\FireSolution_Project\Project_Firesolution\src\test\resources
2025-02-03 12:41:12,355 [Worker-41: Building] INFO  o.a.m.s.f.DefaultMavenResourcesFiltering - skip non existing resourceDirectory E:\Qk_practice_Project\FireSolution_Project\Project_Firesolution\src\main\resources
2025-02-03 12:41:12,361 [Worker-41: Building] INFO  o.a.m.s.f.DefaultMavenResourcesFiltering - skip non existing resourceDirectory E:\Qk_practice_Project\FireSolution_Project\Project_Firesolution\src\test\resources
2025-02-03 12:46:01,992 [Worker-44: Building] INFO  o.a.m.s.f.DefaultMavenResourcesFiltering - skip non existing resourceDirectory E:\Qk_practice_Project\FireSolution_Project\Project_Firesolution\src\main\resources
2025-02-03 12:46:01,998 [Worker-44: Building] INFO  o.a.m.s.f.DefaultMavenResourcesFiltering - skip non existing resourceDirectory E:\Qk_practice_Project\FireSolution_Project\Project_Firesolution\src\test\resources
2025-02-03 12:58:28,346 [Worker-54: Building] INFO  o.a.m.s.f.DefaultMavenResourcesFiltering - skip non existing resourceDirectory E:\Qk_practice_Project\FireSolution_Project\Project_Firesolution\src\main\resources
2025-02-03 12:58:28,351 [Worker-54: Building] INFO  o.a.m.s.f.DefaultMavenResourcesFiltering - skip non existing resourceDirectory E:\Qk_practice_Project\FireSolution_Project\Project_Firesolution\src\test\resources
2025-02-03 13:00:27,239 [Worker-57: Building] INFO  o.a.m.s.f.DefaultMavenResourcesFiltering - skip non existing resourceDirectory E:\Qk_practice_Project\FireSolution_Project\Project_Firesolution\src\main\resources
2025-02-03 13:00:27,243 [Worker-57: Building] INFO  o.a.m.s.f.DefaultMavenResourcesFiltering - skip non existing resourceDirectory E:\Qk_practice_Project\FireSolution_Project\Project_Firesolution\src\test\resources
2025-02-03 13:04:45,527 [Worker-55: Building] INFO  o.a.m.s.f.DefaultMavenResourcesFiltering - skip non existing resourceDirectory E:\Qk_practice_Project\FireSolution_Project\Project_Firesolution\src\main\resources
2025-02-03 13:04:45,533 [Worker-55: Building] INFO  o.a.m.s.f.DefaultMavenResourcesFiltering - skip non existing resourceDirectory E:\Qk_practice_Project\FireSolution_Project\Project_Firesolution\src\test\resources
2025-02-03 13:06:45,640 [Worker-56: Building] INFO  o.a.m.s.f.DefaultMavenResourcesFiltering - skip non existing resourceDirectory E:\Qk_practice_Project\FireSolution_Project\Project_Firesolution\src\main\resources
2025-02-03 13:06:45,645 [Worker-56: Building] INFO  o.a.m.s.f.DefaultMavenResourcesFiltering - skip non existing resourceDirectory E:\Qk_practice_Project\FireSolution_Project\Project_Firesolution\src\test\resources
2025-02-03 13:13:14,149 [Worker-69: Building] INFO  o.a.m.s.f.DefaultMavenResourcesFiltering - skip non existing resourceDirectory E:\Qk_practice_Project\FireSolution_Project\Project_Firesolution\src\main\resources
2025-02-03 13:13:14,152 [Worker-69: Building] INFO  o.a.m.s.f.DefaultMavenResourcesFiltering - skip non existing resourceDirectory E:\Qk_practice_Project\FireSolution_Project\Project_Firesolution\src\test\resources
2025-02-03 13:13:28,346 [Worker-56: Building] INFO  o.a.m.s.f.DefaultMavenResourcesFiltering - skip non existing resourceDirectory E:\Qk_practice_Project\FireSolution_Project\Project_Firesolution\src\main\resources
2025-02-03 13:13:28,350 [Worker-56: Building] INFO  o.a.m.s.f.DefaultMavenResourcesFiltering - skip non existing resourceDirectory E:\Qk_practice_Project\FireSolution_Project\Project_Firesolution\src\test\resources
2025-02-03 13:15:27,782 [Worker-68: Building] INFO  o.a.m.s.f.DefaultMavenResourcesFiltering - skip non existing resourceDirectory E:\Qk_practice_Project\FireSolution_Project\Project_Firesolution\src\main\resources
2025-02-03 13:15:27,787 [Worker-68: Building] INFO  o.a.m.s.f.DefaultMavenResourcesFiltering - skip non existing resourceDirectory E:\Qk_practice_Project\FireSolution_Project\Project_Firesolution\src\test\resources
2025-02-03 13:15:39,926 [main] INFO  o.e.m.jdt.internal.UnitTestSupport - Updating TC_WorkOrder_0014 from maven configuration
2025-02-03 13:17:25,528 [Worker-73: Building] INFO  o.a.m.s.f.DefaultMavenResourcesFiltering - skip non existing resourceDirectory E:\Qk_practice_Project\FireSolution_Project\Project_Firesolution\src\main\resources
2025-02-03 13:17:25,531 [Worker-73: Building] INFO  o.a.m.s.f.DefaultMavenResourcesFiltering - skip non existing resourceDirectory E:\Qk_practice_Project\FireSolution_Project\Project_Firesolution\src\test\resources
2025-02-03 13:17:35,673 [Worker-56: Building] INFO  o.a.m.s.f.DefaultMavenResourcesFiltering - skip non existing resourceDirectory E:\Qk_practice_Project\FireSolution_Project\Project_Firesolution\src\main\resources
2025-02-03 13:17:35,677 [Worker-56: Building] INFO  o.a.m.s.f.DefaultMavenResourcesFiltering - skip non existing resourceDirectory E:\Qk_practice_Project\FireSolution_Project\Project_Firesolution\src\test\resources
2025-02-03 13:22:43,942 [Worker-75: Building] INFO  o.a.m.s.f.DefaultMavenResourcesFiltering - skip non existing resourceDirectory E:\Qk_practice_Project\FireSolution_Project\Project_Firesolution\src\main\resources
2025-02-03 13:22:43,946 [Worker-75: Building] INFO  o.a.m.s.f.DefaultMavenResourcesFiltering - skip non existing resourceDirectory E:\Qk_practice_Project\FireSolution_Project\Project_Firesolution\src\test\resources
2025-02-03 13:24:17,255 [Worker-76: Building] INFO  o.a.m.s.f.DefaultMavenResourcesFiltering - skip non existing resourceDirectory E:\Qk_practice_Project\FireSolution_Project\Project_Firesolution\src\main\resources
2025-02-03 13:24:17,261 [Worker-76: Building] INFO  o.a.m.s.f.DefaultMavenResourcesFiltering - skip non existing resourceDirectory E:\Qk_practice_Project\FireSolution_Project\Project_Firesolution\src\test\resources
2025-02-03 13:28:56,156 [Worker-76: Building] INFO  o.a.m.s.f.DefaultMavenResourcesFiltering - skip non existing resourceDirectory E:\Qk_practice_Project\FireSolution_Project\Project_Firesolution\src\main\resources
2025-02-03 13:28:56,160 [Worker-76: Building] INFO  o.a.m.s.f.DefaultMavenResourcesFiltering - skip non existing resourceDirectory E:\Qk_practice_Project\FireSolution_Project\Project_Firesolution\src\test\resources
2025-02-03 17:11:16,678 [Worker-112: Building] INFO  o.a.m.s.f.DefaultMavenResourcesFiltering - skip non existing resourceDirectory E:\Qk_practice_Project\FireSolution_Project\Project_Firesolution\src\main\resources
2025-02-03 17:11:16,714 [Worker-112: Building] INFO  o.a.m.s.f.DefaultMavenResourcesFiltering - skip non existing resourceDirectory E:\Qk_practice_Project\FireSolution_Project\Project_Firesolution\src\test\resources
2025-02-03 17:13:20,239 [Worker-116: Building] INFO  o.a.m.s.f.DefaultMavenResourcesFiltering - skip non existing resourceDirectory E:\Qk_practice_Project\FireSolution_Project\Project_Firesolution\src\main\resources
2025-02-03 17:13:20,244 [Worker-116: Building] INFO  o.a.m.s.f.DefaultMavenResourcesFiltering - skip non existing resourceDirectory E:\Qk_practice_Project\FireSolution_Project\Project_Firesolution\src\test\resources
2025-02-03 17:20:33,272 [Worker-119: Building] INFO  o.a.m.s.f.DefaultMavenResourcesFiltering - skip non existing resourceDirectory E:\Qk_practice_Project\FireSolution_Project\Project_Firesolution\src\main\resources
2025-02-03 17:20:33,278 [Worker-119: Building] INFO  o.a.m.s.f.DefaultMavenResourcesFiltering - skip non existing resourceDirectory E:\Qk_practice_Project\FireSolution_Project\Project_Firesolution\src\test\resources
2025-02-03 18:07:35,408 [Worker-133: Building] INFO  o.a.m.s.f.DefaultMavenResourcesFiltering - skip non existing resourceDirectory E:\Qk_practice_Project\FireSolution_Project\Project_Firesolution\src\main\resources
2025-02-03 18:07:35,425 [Worker-133: Building] INFO  o.a.m.s.f.DefaultMavenResourcesFiltering - skip non existing resourceDirectory E:\Qk_practice_Project\FireSolution_Project\Project_Firesolution\src\test\resources
2025-02-03 18:10:47,006 [Worker-140: Building] INFO  o.a.m.s.f.DefaultMavenResourcesFiltering - skip non existing resourceDirectory E:\Qk_practice_Project\FireSolution_Project\Project_Firesolution\src\main\resources
2025-02-03 18:10:47,010 [Worker-140: Building] INFO  o.a.m.s.f.DefaultMavenResourcesFiltering - skip non existing resourceDirectory E:\Qk_practice_Project\FireSolution_Project\Project_Firesolution\src\test\resources
2025-02-03 18:24:09,456 [Worker-147: Building] INFO  o.a.m.s.f.DefaultMavenResourcesFiltering - skip non existing resourceDirectory E:\Qk_practice_Project\FireSolution_Project\Project_Firesolution\src\main\resources
2025-02-03 18:24:09,479 [Worker-147: Building] INFO  o.a.m.s.f.DefaultMavenResourcesFiltering - skip non existing resourceDirectory E:\Qk_practice_Project\FireSolution_Project\Project_Firesolution\src\test\resources
2025-02-03 18:28:45,805 [Worker-151: Building] INFO  o.a.m.s.f.DefaultMavenResourcesFiltering - skip non existing resourceDirectory E:\Qk_practice_Project\FireSolution_Project\Project_Firesolution\src\main\resources
2025-02-03 18:28:45,809 [Worker-151: Building] INFO  o.a.m.s.f.DefaultMavenResourcesFiltering - skip non existing resourceDirectory E:\Qk_practice_Project\FireSolution_Project\Project_Firesolution\src\test\resources
2025-02-03 18:36:39,353 [Worker-161: Building] INFO  o.a.m.s.f.DefaultMavenResourcesFiltering - skip non existing resourceDirectory E:\Qk_practice_Project\FireSolution_Project\Project_Firesolution\src\main\resources
2025-02-03 18:36:39,358 [Worker-161: Building] INFO  o.a.m.s.f.DefaultMavenResourcesFiltering - skip non existing resourceDirectory E:\Qk_practice_Project\FireSolution_Project\Project_Firesolution\src\test\resources
2025-02-03 18:40:18,566 [Worker-162: Building] INFO  o.a.m.s.f.DefaultMavenResourcesFiltering - skip non existing resourceDirectory E:\Qk_practice_Project\FireSolution_Project\Project_Firesolution\src\main\resources
2025-02-03 18:40:18,571 [Worker-162: Building] INFO  o.a.m.s.f.DefaultMavenResourcesFiltering - skip non existing resourceDirectory E:\Qk_practice_Project\FireSolution_Project\Project_Firesolution\src\test\resources
2025-02-03 18:54:59,973 [Worker-162: Building] INFO  o.a.m.s.f.DefaultMavenResourcesFiltering - skip non existing resourceDirectory E:\Qk_practice_Project\FireSolution_Project\Project_Firesolution\src\main\resources
2025-02-03 18:54:59,976 [Worker-162: Building] INFO  o.a.m.s.f.DefaultMavenResourcesFiltering - skip non existing resourceDirectory E:\Qk_practice_Project\FireSolution_Project\Project_Firesolution\src\test\resources
2025-02-03 18:56:47,223 [Worker-4: Loading available Gradle versions] INFO  o.e.b.c.i.u.g.PublishedGradleVersions - Gradle version information cache is up-to-date. Trying to read.
2025-02-04 10:40:31,692 [Worker-1: Loading available Gradle versions] INFO  o.e.b.c.i.u.g.PublishedGradleVersions - Gradle version information cache is up-to-date. Trying to read.
2025-02-04 10:46:43,173 [Worker-23: Building] INFO  o.a.m.s.f.DefaultMavenResourcesFiltering - skip non existing resourceDirectory E:\Qk_practice_Project\FireSolution_Project\Project_Firesolution\src\main\resources
2025-02-04 10:46:43,186 [Worker-23: Building] INFO  o.a.m.s.f.DefaultMavenResourcesFiltering - skip non existing resourceDirectory E:\Qk_practice_Project\FireSolution_Project\Project_Firesolution\src\test\resources
2025-02-04 10:48:37,391 [Worker-14: Building] INFO  o.a.m.s.f.DefaultMavenResourcesFiltering - skip non existing resourceDirectory E:\Qk_practice_Project\FireSolution_Project\Project_Firesolution\src\main\resources
2025-02-04 10:48:37,397 [Worker-14: Building] INFO  o.a.m.s.f.DefaultMavenResourcesFiltering - skip non existing resourceDirectory E:\Qk_practice_Project\FireSolution_Project\Project_Firesolution\src\test\resources
2025-02-04 10:58:17,467 [Worker-30: Building] INFO  o.a.m.s.f.DefaultMavenResourcesFiltering - skip non existing resourceDirectory E:\Qk_practice_Project\FireSolution_Project\Project_Firesolution\src\main\resources
2025-02-04 10:58:17,473 [Worker-30: Building] INFO  o.a.m.s.f.DefaultMavenResourcesFiltering - skip non existing resourceDirectory E:\Qk_practice_Project\FireSolution_Project\Project_Firesolution\src\test\resources
2025-02-04 11:18:56,212 [Worker-39: Building] INFO  o.a.m.s.f.DefaultMavenResourcesFiltering - skip non existing resourceDirectory E:\Qk_practice_Project\FireSolution_Project\Project_Firesolution\src\main\resources
2025-02-04 11:18:56,218 [Worker-39: Building] INFO  o.a.m.s.f.DefaultMavenResourcesFiltering - skip non existing resourceDirectory E:\Qk_practice_Project\FireSolution_Project\Project_Firesolution\src\test\resources
2025-02-04 11:19:39,944 [Worker-39: Building] INFO  o.a.m.s.f.DefaultMavenResourcesFiltering - skip non existing resourceDirectory E:\Qk_practice_Project\FireSolution_Project\Project_Firesolution\src\main\resources
2025-02-04 11:19:39,950 [Worker-39: Building] INFO  o.a.m.s.f.DefaultMavenResourcesFiltering - skip non existing resourceDirectory E:\Qk_practice_Project\FireSolution_Project\Project_Firesolution\src\test\resources
2025-02-04 11:30:24,390 [Worker-46: Building] INFO  o.a.m.s.f.DefaultMavenResourcesFiltering - skip non existing resourceDirectory E:\Qk_practice_Project\FireSolution_Project\Project_Firesolution\src\main\resources
2025-02-04 11:30:24,394 [Worker-46: Building] INFO  o.a.m.s.f.DefaultMavenResourcesFiltering - skip non existing resourceDirectory E:\Qk_practice_Project\FireSolution_Project\Project_Firesolution\src\test\resources
2025-02-04 11:38:49,121 [Worker-48: Building] INFO  o.a.m.s.f.DefaultMavenResourcesFiltering - skip non existing resourceDirectory E:\Qk_practice_Project\FireSolution_Project\Project_Firesolution\src\main\resources
2025-02-04 11:38:49,126 [Worker-48: Building] INFO  o.a.m.s.f.DefaultMavenResourcesFiltering - skip non existing resourceDirectory E:\Qk_practice_Project\FireSolution_Project\Project_Firesolution\src\test\resources
2025-02-04 11:43:28,719 [Worker-55: Building] INFO  o.a.m.s.f.DefaultMavenResourcesFiltering - skip non existing resourceDirectory E:\Qk_practice_Project\FireSolution_Project\Project_Firesolution\src\main\resources
2025-02-04 11:43:28,725 [Worker-55: Building] INFO  o.a.m.s.f.DefaultMavenResourcesFiltering - skip non existing resourceDirectory E:\Qk_practice_Project\FireSolution_Project\Project_Firesolution\src\test\resources
2025-02-04 11:45:38,716 [Worker-57: Building] INFO  o.a.m.s.f.DefaultMavenResourcesFiltering - skip non existing resourceDirectory E:\Qk_practice_Project\FireSolution_Project\Project_Firesolution\src\main\resources
2025-02-04 11:45:38,720 [Worker-57: Building] INFO  o.a.m.s.f.DefaultMavenResourcesFiltering - skip non existing resourceDirectory E:\Qk_practice_Project\FireSolution_Project\Project_Firesolution\src\test\resources
2025-02-04 11:54:47,697 [Worker-59: Building] INFO  o.a.m.s.f.DefaultMavenResourcesFiltering - skip non existing resourceDirectory E:\Qk_practice_Project\FireSolution_Project\Project_Firesolution\src\main\resources
2025-02-04 11:54:47,701 [Worker-59: Building] INFO  o.a.m.s.f.DefaultMavenResourcesFiltering - skip non existing resourceDirectory E:\Qk_practice_Project\FireSolution_Project\Project_Firesolution\src\test\resources
2025-02-04 11:56:03,901 [Worker-61: Building] INFO  o.a.m.s.f.DefaultMavenResourcesFiltering - skip non existing resourceDirectory E:\Qk_practice_Project\FireSolution_Project\Project_Firesolution\src\main\resources
2025-02-04 11:56:03,906 [Worker-61: Building] INFO  o.a.m.s.f.DefaultMavenResourcesFiltering - skip non existing resourceDirectory E:\Qk_practice_Project\FireSolution_Project\Project_Firesolution\src\test\resources
2025-02-04 12:03:40,057 [Worker-63: Building] INFO  o.a.m.s.f.DefaultMavenResourcesFiltering - skip non existing resourceDirectory E:\Qk_practice_Project\FireSolution_Project\Project_Firesolution\src\main\resources
2025-02-04 12:03:40,065 [Worker-63: Building] INFO  o.a.m.s.f.DefaultMavenResourcesFiltering - skip non existing resourceDirectory E:\Qk_practice_Project\FireSolution_Project\Project_Firesolution\src\test\resources
2025-02-04 12:04:40,307 [Worker-59: Building] INFO  o.a.m.s.f.DefaultMavenResourcesFiltering - skip non existing resourceDirectory E:\Qk_practice_Project\FireSolution_Project\Project_Firesolution\src\main\resources
2025-02-04 12:04:40,317 [Worker-59: Building] INFO  o.a.m.s.f.DefaultMavenResourcesFiltering - skip non existing resourceDirectory E:\Qk_practice_Project\FireSolution_Project\Project_Firesolution\src\test\resources
2025-02-04 18:53:30,977 [Worker-118: Building] INFO  o.a.m.s.f.DefaultMavenResourcesFiltering - skip non existing resourceDirectory E:\Qk_practice_Project\FireSolution_Project\Project_Firesolution\src\main\resources
2025-02-04 18:53:31,005 [Worker-118: Building] INFO  o.a.m.s.f.DefaultMavenResourcesFiltering - skip non existing resourceDirectory E:\Qk_practice_Project\FireSolution_Project\Project_Firesolution\src\test\resources
2025-02-07 11:43:15,484 [Worker-1: Loading available Gradle versions] INFO  o.e.b.c.i.u.g.PublishedGradleVersions - Gradle version information cache is out-of-date. Trying to update.
2025-02-10 11:08:04,025 [Worker-0: Loading available Gradle versions] INFO  o.e.b.c.i.u.g.PublishedGradleVersions - Gradle version information cache is out-of-date. Trying to update.
2025-02-10 11:17:22,711 [Worker-5: Building] INFO  o.a.m.s.f.DefaultMavenResourcesFiltering - skip non existing resourceDirectory E:\Qk_practice_Project\FireSolution_Project\Project_Firesolution\src\main\resources
2025-02-10 11:17:22,719 [Worker-5: Building] INFO  o.a.m.s.f.DefaultMavenResourcesFiltering - skip non existing resourceDirectory E:\Qk_practice_Project\FireSolution_Project\Project_Firesolution\src\test\resources
2025-02-10 11:17:26,281 [Worker-22: Building] INFO  o.a.m.s.f.DefaultMavenResourcesFiltering - skip non existing resourceDirectory E:\Qk_practice_Project\FireSolution_Project\Project_Firesolution\src\main\resources
2025-02-10 11:17:26,286 [Worker-22: Building] INFO  o.a.m.s.f.DefaultMavenResourcesFiltering - skip non existing resourceDirectory E:\Qk_practice_Project\FireSolution_Project\Project_Firesolution\src\test\resources
2025-02-10 11:20:42,680 [Worker-22: Building] INFO  o.a.m.s.f.DefaultMavenResourcesFiltering - skip non existing resourceDirectory E:\Qk_practice_Project\FireSolution_Project\Project_Firesolution\src\main\resources
2025-02-10 11:20:42,686 [Worker-22: Building] INFO  o.a.m.s.f.DefaultMavenResourcesFiltering - skip non existing resourceDirectory E:\Qk_practice_Project\FireSolution_Project\Project_Firesolution\src\test\resources
2025-02-10 12:23:30,563 [Worker-29: Building] INFO  o.a.m.s.f.DefaultMavenResourcesFiltering - skip non existing resourceDirectory E:\Qk_practice_Project\FireSolution_Project\Project_Firesolution\src\main\resources
2025-02-10 12:23:30,577 [Worker-29: Building] INFO  o.a.m.s.f.DefaultMavenResourcesFiltering - skip non existing resourceDirectory E:\Qk_practice_Project\FireSolution_Project\Project_Firesolution\src\test\resources
2025-02-10 12:26:29,313 [Worker-35: Building] INFO  o.a.m.s.f.DefaultMavenResourcesFiltering - skip non existing resourceDirectory E:\Qk_practice_Project\FireSolution_Project\Project_Firesolution\src\main\resources
2025-02-10 12:26:29,323 [Worker-35: Building] INFO  o.a.m.s.f.DefaultMavenResourcesFiltering - skip non existing resourceDirectory E:\Qk_practice_Project\FireSolution_Project\Project_Firesolution\src\test\resources
2025-02-10 12:29:47,574 [Worker-38: Building] INFO  o.a.m.s.f.DefaultMavenResourcesFiltering - skip non existing resourceDirectory E:\Qk_practice_Project\FireSolution_Project\Project_Firesolution\src\main\resources
2025-02-10 12:29:47,586 [Worker-38: Building] INFO  o.a.m.s.f.DefaultMavenResourcesFiltering - skip non existing resourceDirectory E:\Qk_practice_Project\FireSolution_Project\Project_Firesolution\src\test\resources
2025-02-10 12:30:54,872 [Worker-40: Building] INFO  o.a.m.s.f.DefaultMavenResourcesFiltering - skip non existing resourceDirectory E:\Qk_practice_Project\FireSolution_Project\Project_Firesolution\src\main\resources
2025-02-10 12:30:54,882 [Worker-40: Building] INFO  o.a.m.s.f.DefaultMavenResourcesFiltering - skip non existing resourceDirectory E:\Qk_practice_Project\FireSolution_Project\Project_Firesolution\src\test\resources
2025-02-10 12:40:43,013 [Worker-42: Building] INFO  o.a.m.s.f.DefaultMavenResourcesFiltering - skip non existing resourceDirectory E:\Qk_practice_Project\FireSolution_Project\Project_Firesolution\src\main\resources
2025-02-10 12:40:43,024 [Worker-42: Building] INFO  o.a.m.s.f.DefaultMavenResourcesFiltering - skip non existing resourceDirectory E:\Qk_practice_Project\FireSolution_Project\Project_Firesolution\src\test\resources
2025-02-10 12:43:28,485 [Worker-43: Building] INFO  o.a.m.s.f.DefaultMavenResourcesFiltering - skip non existing resourceDirectory E:\Qk_practice_Project\FireSolution_Project\Project_Firesolution\src\main\resources
2025-02-10 12:43:28,495 [Worker-43: Building] INFO  o.a.m.s.f.DefaultMavenResourcesFiltering - skip non existing resourceDirectory E:\Qk_practice_Project\FireSolution_Project\Project_Firesolution\src\test\resources
2025-02-10 13:00:13,802 [Worker-46: Building] INFO  o.a.m.s.f.DefaultMavenResourcesFiltering - skip non existing resourceDirectory E:\Qk_practice_Project\FireSolution_Project\Project_Firesolution\src\main\resources
2025-02-10 13:00:13,812 [Worker-46: Building] INFO  o.a.m.s.f.DefaultMavenResourcesFiltering - skip non existing resourceDirectory E:\Qk_practice_Project\FireSolution_Project\Project_Firesolution\src\test\resources
2025-02-10 13:02:48,506 [Worker-52: Launching Project_Firesolution_TestNG.xml] INFO  o.a.m.s.f.DefaultMavenResourcesFiltering - skip non existing resourceDirectory E:\Qk_practice_Project\FireSolution_Project\Project_Firesolution\src\main\resources
2025-02-10 13:02:48,515 [Worker-52: Launching Project_Firesolution_TestNG.xml] INFO  o.a.m.s.f.DefaultMavenResourcesFiltering - skip non existing resourceDirectory E:\Qk_practice_Project\FireSolution_Project\Project_Firesolution\src\test\resources
2025-02-10 13:05:40,054 [Worker-46: Building] INFO  o.a.m.s.f.DefaultMavenResourcesFiltering - skip non existing resourceDirectory E:\Qk_practice_Project\FireSolution_Project\Project_Firesolution\src\main\resources
2025-02-10 13:05:40,065 [Worker-46: Building] INFO  o.a.m.s.f.DefaultMavenResourcesFiltering - skip non existing resourceDirectory E:\Qk_practice_Project\FireSolution_Project\Project_Firesolution\src\test\resources
2025-02-10 13:15:54,135 [Worker-60: Building] INFO  o.a.m.s.f.DefaultMavenResourcesFiltering - skip non existing resourceDirectory E:\Qk_practice_Project\FireSolution_Project\Project_Firesolution\src\main\resources
2025-02-10 13:15:54,142 [Worker-60: Building] INFO  o.a.m.s.f.DefaultMavenResourcesFiltering - skip non existing resourceDirectory E:\Qk_practice_Project\FireSolution_Project\Project_Firesolution\src\test\resources
2025-02-10 13:16:14,758 [Worker-46: Building] INFO  o.a.m.s.f.DefaultMavenResourcesFiltering - skip non existing resourceDirectory E:\Qk_practice_Project\FireSolution_Project\Project_Firesolution\src\main\resources
2025-02-10 13:16:14,772 [Worker-46: Building] INFO  o.a.m.s.f.DefaultMavenResourcesFiltering - skip non existing resourceDirectory E:\Qk_practice_Project\FireSolution_Project\Project_Firesolution\src\test\resources
2025-02-10 13:18:08,054 [Worker-46: Building] INFO  o.a.m.s.f.DefaultMavenResourcesFiltering - skip non existing resourceDirectory E:\Qk_practice_Project\FireSolution_Project\Project_Firesolution\src\main\resources
2025-02-10 13:18:08,063 [Worker-46: Building] INFO  o.a.m.s.f.DefaultMavenResourcesFiltering - skip non existing resourceDirectory E:\Qk_practice_Project\FireSolution_Project\Project_Firesolution\src\test\resources
2025-02-10 16:24:28,977 [Worker-82: Building] INFO  o.a.m.s.f.DefaultMavenResourcesFiltering - skip non existing resourceDirectory E:\Qk_practice_Project\FireSolution_Project\Project_Firesolution\src\main\resources
2025-02-10 16:24:28,992 [Worker-82: Building] INFO  o.a.m.s.f.DefaultMavenResourcesFiltering - skip non existing resourceDirectory E:\Qk_practice_Project\FireSolution_Project\Project_Firesolution\src\test\resources
2025-02-10 16:32:29,335 [Worker-88: Building] INFO  o.a.m.s.f.DefaultMavenResourcesFiltering - skip non existing resourceDirectory E:\Qk_practice_Project\FireSolution_Project\Project_Firesolution\src\main\resources
2025-02-10 16:32:29,341 [Worker-88: Building] INFO  o.a.m.s.f.DefaultMavenResourcesFiltering - skip non existing resourceDirectory E:\Qk_practice_Project\FireSolution_Project\Project_Firesolution\src\test\resources
2025-02-10 16:43:37,093 [Worker-90: Building] INFO  o.a.m.s.f.DefaultMavenResourcesFiltering - skip non existing resourceDirectory E:\Qk_practice_Project\FireSolution_Project\Project_Firesolution\src\main\resources
2025-02-10 16:43:37,098 [Worker-90: Building] INFO  o.a.m.s.f.DefaultMavenResourcesFiltering - skip non existing resourceDirectory E:\Qk_practice_Project\FireSolution_Project\Project_Firesolution\src\test\resources
2025-02-10 17:06:36,192 [Worker-94: Building] INFO  o.a.m.s.f.DefaultMavenResourcesFiltering - skip non existing resourceDirectory E:\Qk_practice_Project\FireSolution_Project\Project_Firesolution\src\main\resources
2025-02-10 17:06:36,198 [Worker-94: Building] INFO  o.a.m.s.f.DefaultMavenResourcesFiltering - skip non existing resourceDirectory E:\Qk_practice_Project\FireSolution_Project\Project_Firesolution\src\test\resources
2025-02-10 18:14:07,690 [Worker-107: Building] INFO  o.a.m.s.f.DefaultMavenResourcesFiltering - skip non existing resourceDirectory E:\Qk_practice_Project\FireSolution_Project\Project_Firesolution\src\main\resources
2025-02-10 18:14:07,710 [Worker-107: Building] INFO  o.a.m.s.f.DefaultMavenResourcesFiltering - skip non existing resourceDirectory E:\Qk_practice_Project\FireSolution_Project\Project_Firesolution\src\test\resources
2025-02-10 18:19:12,798 [Worker-108: Building] INFO  o.a.m.s.f.DefaultMavenResourcesFiltering - skip non existing resourceDirectory E:\Qk_practice_Project\FireSolution_Project\Project_Firesolution\src\main\resources
2025-02-10 18:19:12,808 [Worker-108: Building] INFO  o.a.m.s.f.DefaultMavenResourcesFiltering - skip non existing resourceDirectory E:\Qk_practice_Project\FireSolution_Project\Project_Firesolution\src\test\resources
2025-02-10 18:20:20,941 [Worker-98: Building] INFO  o.a.m.s.f.DefaultMavenResourcesFiltering - skip non existing resourceDirectory E:\Qk_practice_Project\FireSolution_Project\Project_Firesolution\src\main\resources
2025-02-10 18:20:20,949 [Worker-98: Building] INFO  o.a.m.s.f.DefaultMavenResourcesFiltering - skip non existing resourceDirectory E:\Qk_practice_Project\FireSolution_Project\Project_Firesolution\src\test\resources
2025-02-10 18:20:23,992 [Worker-110: Building] INFO  o.a.m.s.f.DefaultMavenResourcesFiltering - skip non existing resourceDirectory E:\Qk_practice_Project\FireSolution_Project\Project_Firesolution\src\main\resources
2025-02-10 18:20:24,001 [Worker-110: Building] INFO  o.a.m.s.f.DefaultMavenResourcesFiltering - skip non existing resourceDirectory E:\Qk_practice_Project\FireSolution_Project\Project_Firesolution\src\test\resources
2025-02-10 18:20:46,686 [Worker-109: Building] INFO  o.a.m.s.f.DefaultMavenResourcesFiltering - skip non existing resourceDirectory E:\Qk_practice_Project\FireSolution_Project\Project_Firesolution\src\main\resources
2025-02-10 18:20:46,691 [Worker-109: Building] INFO  o.a.m.s.f.DefaultMavenResourcesFiltering - skip non existing resourceDirectory E:\Qk_practice_Project\FireSolution_Project\Project_Firesolution\src\test\resources
2025-02-10 18:22:39,884 [Worker-111: Building] INFO  o.a.m.s.f.DefaultMavenResourcesFiltering - skip non existing resourceDirectory E:\Qk_practice_Project\FireSolution_Project\Project_Firesolution\src\main\resources
2025-02-10 18:22:39,892 [Worker-111: Building] INFO  o.a.m.s.f.DefaultMavenResourcesFiltering - skip non existing resourceDirectory E:\Qk_practice_Project\FireSolution_Project\Project_Firesolution\src\test\resources
2025-02-10 18:24:14,858 [Worker-109: Building] INFO  o.a.m.s.f.DefaultMavenResourcesFiltering - skip non existing resourceDirectory E:\Qk_practice_Project\FireSolution_Project\Project_Firesolution\src\main\resources
2025-02-10 18:24:14,865 [Worker-109: Building] INFO  o.a.m.s.f.DefaultMavenResourcesFiltering - skip non existing resourceDirectory E:\Qk_practice_Project\FireSolution_Project\Project_Firesolution\src\test\resources
2025-02-10 18:24:27,929 [Worker-112: Building] INFO  o.a.m.s.f.DefaultMavenResourcesFiltering - skip non existing resourceDirectory E:\Qk_practice_Project\FireSolution_Project\Project_Firesolution\src\main\resources
2025-02-10 18:24:27,937 [Worker-112: Building] INFO  o.a.m.s.f.DefaultMavenResourcesFiltering - skip non existing resourceDirectory E:\Qk_practice_Project\FireSolution_Project\Project_Firesolution\src\test\resources
2025-02-10 18:47:30,544 [Worker-115: Building] INFO  o.a.m.s.f.DefaultMavenResourcesFiltering - skip non existing resourceDirectory E:\Qk_practice_Project\FireSolution_Project\Project_Firesolution\src\main\resources
2025-02-10 18:47:30,550 [Worker-115: Building] INFO  o.a.m.s.f.DefaultMavenResourcesFiltering - skip non existing resourceDirectory E:\Qk_practice_Project\FireSolution_Project\Project_Firesolution\src\test\resources
2025-02-10 18:47:48,285 [Worker-117: Building] INFO  o.a.m.s.f.DefaultMavenResourcesFiltering - skip non existing resourceDirectory E:\Qk_practice_Project\FireSolution_Project\Project_Firesolution\src\main\resources
2025-02-10 18:47:48,289 [Worker-117: Building] INFO  o.a.m.s.f.DefaultMavenResourcesFiltering - skip non existing resourceDirectory E:\Qk_practice_Project\FireSolution_Project\Project_Firesolution\src\test\resources
2025-02-10 18:49:18,169 [Worker-118: Building] INFO  o.a.m.s.f.DefaultMavenResourcesFiltering - skip non existing resourceDirectory E:\Qk_practice_Project\FireSolution_Project\Project_Firesolution\src\main\resources
2025-02-10 18:49:18,173 [Worker-118: Building] INFO  o.a.m.s.f.DefaultMavenResourcesFiltering - skip non existing resourceDirectory E:\Qk_practice_Project\FireSolution_Project\Project_Firesolution\src\test\resources
2025-02-10 18:56:37,984 [Worker-117: Building] INFO  o.a.m.s.f.DefaultMavenResourcesFiltering - skip non existing resourceDirectory E:\Qk_practice_Project\FireSolution_Project\Project_Firesolution\src\main\resources
2025-02-10 18:56:37,988 [Worker-117: Building] INFO  o.a.m.s.f.DefaultMavenResourcesFiltering - skip non existing resourceDirectory E:\Qk_practice_Project\FireSolution_Project\Project_Firesolution\src\test\resources
2025-02-10 19:08:22,055 [Worker-124: Building] INFO  o.a.m.s.f.DefaultMavenResourcesFiltering - skip non existing resourceDirectory E:\Qk_practice_Project\FireSolution_Project\Project_Firesolution\src\main\resources
2025-02-10 19:08:22,059 [Worker-124: Building] INFO  o.a.m.s.f.DefaultMavenResourcesFiltering - skip non existing resourceDirectory E:\Qk_practice_Project\FireSolution_Project\Project_Firesolution\src\test\resources
2025-02-11 11:11:07,063 [Worker-2: Loading available Gradle versions] INFO  o.e.b.c.i.u.g.PublishedGradleVersions - Gradle version information cache is out-of-date. Trying to update.
2025-02-11 11:13:35,377 [Worker-3: Building] INFO  o.a.m.s.f.DefaultMavenResourcesFiltering - skip non existing resourceDirectory E:\Qk_practice_Project\FireSolution_Project\Project_Firesolution\src\main\resources
2025-02-11 11:13:35,384 [Worker-3: Building] INFO  o.a.m.s.f.DefaultMavenResourcesFiltering - skip non existing resourceDirectory E:\Qk_practice_Project\FireSolution_Project\Project_Firesolution\src\test\resources
2025-02-11 11:22:30,559 [Worker-24: Building] INFO  o.a.m.s.f.DefaultMavenResourcesFiltering - skip non existing resourceDirectory E:\Qk_practice_Project\FireSolution_Project\Project_Firesolution\src\main\resources
2025-02-11 11:22:30,566 [Worker-24: Building] INFO  o.a.m.s.f.DefaultMavenResourcesFiltering - skip non existing resourceDirectory E:\Qk_practice_Project\FireSolution_Project\Project_Firesolution\src\test\resources
2025-02-11 11:22:33,670 [Worker-26: Building] INFO  o.a.m.s.f.DefaultMavenResourcesFiltering - skip non existing resourceDirectory E:\Qk_practice_Project\FireSolution_Project\Project_Firesolution\src\main\resources
2025-02-11 11:22:33,675 [Worker-26: Building] INFO  o.a.m.s.f.DefaultMavenResourcesFiltering - skip non existing resourceDirectory E:\Qk_practice_Project\FireSolution_Project\Project_Firesolution\src\test\resources
2025-02-11 11:22:46,692 [Worker-26: Building] INFO  o.a.m.s.f.DefaultMavenResourcesFiltering - skip non existing resourceDirectory E:\Qk_practice_Project\FireSolution_Project\Project_Firesolution\src\main\resources
2025-02-11 11:22:46,698 [Worker-26: Building] INFO  o.a.m.s.f.DefaultMavenResourcesFiltering - skip non existing resourceDirectory E:\Qk_practice_Project\FireSolution_Project\Project_Firesolution\src\test\resources
2025-02-11 11:35:59,498 [Worker-29: Building] INFO  o.a.m.s.f.DefaultMavenResourcesFiltering - skip non existing resourceDirectory E:\Qk_practice_Project\FireSolution_Project\Project_Firesolution\src\main\resources
2025-02-11 11:35:59,502 [Worker-29: Building] INFO  o.a.m.s.f.DefaultMavenResourcesFiltering - skip non existing resourceDirectory E:\Qk_practice_Project\FireSolution_Project\Project_Firesolution\src\test\resources
2025-02-11 11:46:24,515 [Worker-33: Building] INFO  o.a.m.s.f.DefaultMavenResourcesFiltering - skip non existing resourceDirectory E:\Qk_practice_Project\FireSolution_Project\Project_Firesolution\src\main\resources
2025-02-11 11:46:24,521 [Worker-33: Building] INFO  o.a.m.s.f.DefaultMavenResourcesFiltering - skip non existing resourceDirectory E:\Qk_practice_Project\FireSolution_Project\Project_Firesolution\src\test\resources
2025-02-11 11:46:32,505 [Worker-32: Building] INFO  o.a.m.s.f.DefaultMavenResourcesFiltering - skip non existing resourceDirectory E:\Qk_practice_Project\FireSolution_Project\Project_Firesolution\src\main\resources
2025-02-11 11:46:32,510 [Worker-32: Building] INFO  o.a.m.s.f.DefaultMavenResourcesFiltering - skip non existing resourceDirectory E:\Qk_practice_Project\FireSolution_Project\Project_Firesolution\src\test\resources
2025-02-11 11:52:22,475 [Worker-29: Building] INFO  o.a.m.s.f.DefaultMavenResourcesFiltering - skip non existing resourceDirectory E:\Qk_practice_Project\FireSolution_Project\Project_Firesolution\src\main\resources
2025-02-11 11:52:22,485 [Worker-29: Building] INFO  o.a.m.s.f.DefaultMavenResourcesFiltering - skip non existing resourceDirectory E:\Qk_practice_Project\FireSolution_Project\Project_Firesolution\src\test\resources
2025-02-11 11:58:43,955 [Worker-29: Building] INFO  o.a.m.s.f.DefaultMavenResourcesFiltering - skip non existing resourceDirectory E:\Qk_practice_Project\FireSolution_Project\Project_Firesolution\src\main\resources
2025-02-11 11:58:43,967 [Worker-29: Building] INFO  o.a.m.s.f.DefaultMavenResourcesFiltering - skip non existing resourceDirectory E:\Qk_practice_Project\FireSolution_Project\Project_Firesolution\src\test\resources
2025-02-11 12:00:57,762 [Worker-34: Building] INFO  o.a.m.s.f.DefaultMavenResourcesFiltering - skip non existing resourceDirectory E:\Qk_practice_Project\FireSolution_Project\Project_Firesolution\src\main\resources
2025-02-11 12:00:57,775 [Worker-34: Building] INFO  o.a.m.s.f.DefaultMavenResourcesFiltering - skip non existing resourceDirectory E:\Qk_practice_Project\FireSolution_Project\Project_Firesolution\src\test\resources
2025-02-11 12:03:05,411 [Worker-40: Building] INFO  o.a.m.s.f.DefaultMavenResourcesFiltering - skip non existing resourceDirectory E:\Qk_practice_Project\FireSolution_Project\Project_Firesolution\src\main\resources
2025-02-11 12:03:05,421 [Worker-40: Building] INFO  o.a.m.s.f.DefaultMavenResourcesFiltering - skip non existing resourceDirectory E:\Qk_practice_Project\FireSolution_Project\Project_Firesolution\src\test\resources
2025-02-11 12:32:01,642 [Worker-46: Building] INFO  o.a.m.s.f.DefaultMavenResourcesFiltering - skip non existing resourceDirectory E:\Qk_practice_Project\FireSolution_Project\Project_Firesolution\src\main\resources
2025-02-11 12:32:01,677 [Worker-46: Building] INFO  o.a.m.s.f.DefaultMavenResourcesFiltering - skip non existing resourceDirectory E:\Qk_practice_Project\FireSolution_Project\Project_Firesolution\src\test\resources
2025-02-11 12:39:09,692 [Worker-53: Building] INFO  o.a.m.s.f.DefaultMavenResourcesFiltering - skip non existing resourceDirectory E:\Qk_practice_Project\FireSolution_Project\Project_Firesolution\src\main\resources
2025-02-11 12:39:09,703 [Worker-53: Building] INFO  o.a.m.s.f.DefaultMavenResourcesFiltering - skip non existing resourceDirectory E:\Qk_practice_Project\FireSolution_Project\Project_Firesolution\src\test\resources
2025-02-11 12:42:18,023 [Worker-52: Building] INFO  o.a.m.s.f.DefaultMavenResourcesFiltering - skip non existing resourceDirectory E:\Qk_practice_Project\FireSolution_Project\Project_Firesolution\src\main\resources
2025-02-11 12:42:18,031 [Worker-52: Building] INFO  o.a.m.s.f.DefaultMavenResourcesFiltering - skip non existing resourceDirectory E:\Qk_practice_Project\FireSolution_Project\Project_Firesolution\src\test\resources
2025-02-11 12:55:10,511 [Worker-60: Building] INFO  o.a.m.s.f.DefaultMavenResourcesFiltering - skip non existing resourceDirectory E:\Qk_practice_Project\FireSolution_Project\Project_Firesolution\src\main\resources
2025-02-11 12:55:10,519 [Worker-60: Building] INFO  o.a.m.s.f.DefaultMavenResourcesFiltering - skip non existing resourceDirectory E:\Qk_practice_Project\FireSolution_Project\Project_Firesolution\src\test\resources
2025-02-11 12:55:16,258 [Worker-60: Building] INFO  o.a.m.s.f.DefaultMavenResourcesFiltering - skip non existing resourceDirectory E:\Qk_practice_Project\FireSolution_Project\Project_Firesolution\src\main\resources
2025-02-11 12:55:16,267 [Worker-60: Building] INFO  o.a.m.s.f.DefaultMavenResourcesFiltering - skip non existing resourceDirectory E:\Qk_practice_Project\FireSolution_Project\Project_Firesolution\src\test\resources
2025-02-11 12:58:09,971 [Worker-64: Building] INFO  o.a.m.s.f.DefaultMavenResourcesFiltering - skip non existing resourceDirectory E:\Qk_practice_Project\FireSolution_Project\Project_Firesolution\src\main\resources
2025-02-11 12:58:09,978 [Worker-64: Building] INFO  o.a.m.s.f.DefaultMavenResourcesFiltering - skip non existing resourceDirectory E:\Qk_practice_Project\FireSolution_Project\Project_Firesolution\src\test\resources
2025-02-11 12:58:14,326 [Worker-64: Building] INFO  o.a.m.s.f.DefaultMavenResourcesFiltering - skip non existing resourceDirectory E:\Qk_practice_Project\FireSolution_Project\Project_Firesolution\src\main\resources
2025-02-11 12:58:14,336 [Worker-64: Building] INFO  o.a.m.s.f.DefaultMavenResourcesFiltering - skip non existing resourceDirectory E:\Qk_practice_Project\FireSolution_Project\Project_Firesolution\src\test\resources
2025-02-11 13:37:05,541 [Worker-72: Building] INFO  o.a.m.s.f.DefaultMavenResourcesFiltering - skip non existing resourceDirectory E:\Qk_practice_Project\FireSolution_Project\Project_Firesolution\src\main\resources
2025-02-11 13:37:05,546 [Worker-72: Building] INFO  o.a.m.s.f.DefaultMavenResourcesFiltering - skip non existing resourceDirectory E:\Qk_practice_Project\FireSolution_Project\Project_Firesolution\src\test\resources
2025-02-11 13:37:17,522 [Worker-72: Building] INFO  o.a.m.s.f.DefaultMavenResourcesFiltering - skip non existing resourceDirectory E:\Qk_practice_Project\FireSolution_Project\Project_Firesolution\src\main\resources
2025-02-11 13:37:17,526 [Worker-72: Building] INFO  o.a.m.s.f.DefaultMavenResourcesFiltering - skip non existing resourceDirectory E:\Qk_practice_Project\FireSolution_Project\Project_Firesolution\src\test\resources
2025-02-11 13:39:26,576 [Worker-78: Building] INFO  o.a.m.s.f.DefaultMavenResourcesFiltering - skip non existing resourceDirectory E:\Qk_practice_Project\FireSolution_Project\Project_Firesolution\src\main\resources
2025-02-11 13:39:26,582 [Worker-78: Building] INFO  o.a.m.s.f.DefaultMavenResourcesFiltering - skip non existing resourceDirectory E:\Qk_practice_Project\FireSolution_Project\Project_Firesolution\src\test\resources
2025-02-11 13:39:33,032 [Worker-78: Building] INFO  o.a.m.s.f.DefaultMavenResourcesFiltering - skip non existing resourceDirectory E:\Qk_practice_Project\FireSolution_Project\Project_Firesolution\src\main\resources
2025-02-11 13:39:33,036 [Worker-78: Building] INFO  o.a.m.s.f.DefaultMavenResourcesFiltering - skip non existing resourceDirectory E:\Qk_practice_Project\FireSolution_Project\Project_Firesolution\src\test\resources
2025-02-11 13:40:38,234 [Worker-76: Building] INFO  o.a.m.s.f.DefaultMavenResourcesFiltering - skip non existing resourceDirectory E:\Qk_practice_Project\FireSolution_Project\Project_Firesolution\src\main\resources
2025-02-11 13:40:38,239 [Worker-76: Building] INFO  o.a.m.s.f.DefaultMavenResourcesFiltering - skip non existing resourceDirectory E:\Qk_practice_Project\FireSolution_Project\Project_Firesolution\src\test\resources
2025-02-11 13:49:25,936 [Worker-84: Building] INFO  o.a.m.s.f.DefaultMavenResourcesFiltering - skip non existing resourceDirectory E:\Qk_practice_Project\FireSolution_Project\Project_Firesolution\src\main\resources
2025-02-11 13:49:25,940 [Worker-84: Building] INFO  o.a.m.s.f.DefaultMavenResourcesFiltering - skip non existing resourceDirectory E:\Qk_practice_Project\FireSolution_Project\Project_Firesolution\src\test\resources
2025-02-11 13:49:45,849 [Worker-76: Building] INFO  o.a.m.s.f.DefaultMavenResourcesFiltering - skip non existing resourceDirectory E:\Qk_practice_Project\FireSolution_Project\Project_Firesolution\src\main\resources
2025-02-11 13:49:45,852 [Worker-76: Building] INFO  o.a.m.s.f.DefaultMavenResourcesFiltering - skip non existing resourceDirectory E:\Qk_practice_Project\FireSolution_Project\Project_Firesolution\src\test\resources
2025-02-11 13:56:48,444 [Worker-85: Building] INFO  o.a.m.s.f.DefaultMavenResourcesFiltering - skip non existing resourceDirectory E:\Qk_practice_Project\FireSolution_Project\Project_Firesolution\src\main\resources
2025-02-11 13:56:48,448 [Worker-85: Building] INFO  o.a.m.s.f.DefaultMavenResourcesFiltering - skip non existing resourceDirectory E:\Qk_practice_Project\FireSolution_Project\Project_Firesolution\src\test\resources
2025-02-11 13:56:55,631 [Worker-83: Building] INFO  o.a.m.s.f.DefaultMavenResourcesFiltering - skip non existing resourceDirectory E:\Qk_practice_Project\FireSolution_Project\Project_Firesolution\src\main\resources
2025-02-11 13:56:55,635 [Worker-83: Building] INFO  o.a.m.s.f.DefaultMavenResourcesFiltering - skip non existing resourceDirectory E:\Qk_practice_Project\FireSolution_Project\Project_Firesolution\src\test\resources
2025-02-11 13:57:20,660 [Worker-84: Building] INFO  o.a.m.s.f.DefaultMavenResourcesFiltering - skip non existing resourceDirectory E:\Qk_practice_Project\FireSolution_Project\Project_Firesolution\src\main\resources
2025-02-11 13:57:20,663 [Worker-84: Building] INFO  o.a.m.s.f.DefaultMavenResourcesFiltering - skip non existing resourceDirectory E:\Qk_practice_Project\FireSolution_Project\Project_Firesolution\src\test\resources
2025-02-11 13:58:26,616 [Worker-83: Building] INFO  o.a.m.s.f.DefaultMavenResourcesFiltering - skip non existing resourceDirectory E:\Qk_practice_Project\FireSolution_Project\Project_Firesolution\src\main\resources
2025-02-11 13:58:26,619 [Worker-83: Building] INFO  o.a.m.s.f.DefaultMavenResourcesFiltering - skip non existing resourceDirectory E:\Qk_practice_Project\FireSolution_Project\Project_Firesolution\src\test\resources
2025-02-11 13:58:49,491 [Worker-83: Building] INFO  o.a.m.s.f.DefaultMavenResourcesFiltering - skip non existing resourceDirectory E:\Qk_practice_Project\FireSolution_Project\Project_Firesolution\src\main\resources
2025-02-11 13:58:49,494 [Worker-83: Building] INFO  o.a.m.s.f.DefaultMavenResourcesFiltering - skip non existing resourceDirectory E:\Qk_practice_Project\FireSolution_Project\Project_Firesolution\src\test\resources
2025-02-11 15:24:02,245 [Worker-93: Building] INFO  o.a.m.s.f.DefaultMavenResourcesFiltering - skip non existing resourceDirectory E:\Qk_practice_Project\FireSolution_Project\Project_Firesolution\src\main\resources
2025-02-11 15:24:02,274 [Worker-93: Building] INFO  o.a.m.s.f.DefaultMavenResourcesFiltering - skip non existing resourceDirectory E:\Qk_practice_Project\FireSolution_Project\Project_Firesolution\src\test\resources
2025-02-11 15:33:30,449 [Worker-100: Building] INFO  o.a.m.s.f.DefaultMavenResourcesFiltering - skip non existing resourceDirectory E:\Qk_practice_Project\FireSolution_Project\Project_Firesolution\src\main\resources
2025-02-11 15:33:30,456 [Worker-100: Building] INFO  o.a.m.s.f.DefaultMavenResourcesFiltering - skip non existing resourceDirectory E:\Qk_practice_Project\FireSolution_Project\Project_Firesolution\src\test\resources
2025-02-11 15:49:33,992 [Worker-103: Building] INFO  o.a.m.s.f.DefaultMavenResourcesFiltering - skip non existing resourceDirectory E:\Qk_practice_Project\FireSolution_Project\Project_Firesolution\src\main\resources
2025-02-11 15:49:34,027 [Worker-103: Building] INFO  o.a.m.s.f.DefaultMavenResourcesFiltering - skip non existing resourceDirectory E:\Qk_practice_Project\FireSolution_Project\Project_Firesolution\src\test\resources
2025-02-11 15:54:17,850 [Worker-96: Building] INFO  o.a.m.s.f.DefaultMavenResourcesFiltering - skip non existing resourceDirectory E:\Qk_practice_Project\FireSolution_Project\Project_Firesolution\src\main\resources
2025-02-11 15:54:17,857 [Worker-96: Building] INFO  o.a.m.s.f.DefaultMavenResourcesFiltering - skip non existing resourceDirectory E:\Qk_practice_Project\FireSolution_Project\Project_Firesolution\src\test\resources
2025-02-11 16:04:10,494 [Worker-105: Building] INFO  o.a.m.s.f.DefaultMavenResourcesFiltering - skip non existing resourceDirectory E:\Qk_practice_Project\FireSolution_Project\Project_Firesolution\src\main\resources
2025-02-11 16:04:10,500 [Worker-105: Building] INFO  o.a.m.s.f.DefaultMavenResourcesFiltering - skip non existing resourceDirectory E:\Qk_practice_Project\FireSolution_Project\Project_Firesolution\src\test\resources
2025-02-11 16:05:06,817 [Worker-110: Building] INFO  o.a.m.s.f.DefaultMavenResourcesFiltering - skip non existing resourceDirectory E:\Qk_practice_Project\FireSolution_Project\Project_Firesolution\src\main\resources
2025-02-11 16:05:06,823 [Worker-110: Building] INFO  o.a.m.s.f.DefaultMavenResourcesFiltering - skip non existing resourceDirectory E:\Qk_practice_Project\FireSolution_Project\Project_Firesolution\src\test\resources
2025-02-11 16:10:07,970 [Worker-117: Building] INFO  o.a.m.s.f.DefaultMavenResourcesFiltering - skip non existing resourceDirectory E:\Qk_practice_Project\FireSolution_Project\Project_Firesolution\src\main\resources
2025-02-11 16:10:07,978 [Worker-117: Building] INFO  o.a.m.s.f.DefaultMavenResourcesFiltering - skip non existing resourceDirectory E:\Qk_practice_Project\FireSolution_Project\Project_Firesolution\src\test\resources
2025-02-11 16:19:13,600 [Worker-115: Building] INFO  o.a.m.s.f.DefaultMavenResourcesFiltering - skip non existing resourceDirectory E:\Qk_practice_Project\FireSolution_Project\Project_Firesolution\src\main\resources
2025-02-11 16:19:13,606 [Worker-115: Building] INFO  o.a.m.s.f.DefaultMavenResourcesFiltering - skip non existing resourceDirectory E:\Qk_practice_Project\FireSolution_Project\Project_Firesolution\src\test\resources
2025-02-11 16:19:18,238 [Worker-117: Building] INFO  o.a.m.s.f.DefaultMavenResourcesFiltering - skip non existing resourceDirectory E:\Qk_practice_Project\FireSolution_Project\Project_Firesolution\src\main\resources
2025-02-11 16:19:18,245 [Worker-117: Building] INFO  o.a.m.s.f.DefaultMavenResourcesFiltering - skip non existing resourceDirectory E:\Qk_practice_Project\FireSolution_Project\Project_Firesolution\src\test\resources
2025-02-11 16:19:23,943 [Worker-122: Building] INFO  o.a.m.s.f.DefaultMavenResourcesFiltering - skip non existing resourceDirectory E:\Qk_practice_Project\FireSolution_Project\Project_Firesolution\src\main\resources
2025-02-11 16:19:23,950 [Worker-122: Building] INFO  o.a.m.s.f.DefaultMavenResourcesFiltering - skip non existing resourceDirectory E:\Qk_practice_Project\FireSolution_Project\Project_Firesolution\src\test\resources
2025-02-11 16:26:48,370 [Worker-124: Building] INFO  o.a.m.s.f.DefaultMavenResourcesFiltering - skip non existing resourceDirectory E:\Qk_practice_Project\FireSolution_Project\Project_Firesolution\src\main\resources
2025-02-11 16:26:48,378 [Worker-124: Building] INFO  o.a.m.s.f.DefaultMavenResourcesFiltering - skip non existing resourceDirectory E:\Qk_practice_Project\FireSolution_Project\Project_Firesolution\src\test\resources
2025-02-14 11:35:18,471 [Worker-2: Loading available Gradle versions] INFO  o.e.b.c.i.u.g.PublishedGradleVersions - Gradle version information cache is out-of-date. Trying to update.
2025-02-14 12:02:42,169 [Worker-31: Building] INFO  o.a.m.s.f.DefaultMavenResourcesFiltering - skip non existing resourceDirectory E:\Qk_practice_Project\FireSolution_Project\Project_Firesolution\src\main\resources
2025-02-14 12:02:42,181 [Worker-31: Building] INFO  o.a.m.s.f.DefaultMavenResourcesFiltering - skip non existing resourceDirectory E:\Qk_practice_Project\FireSolution_Project\Project_Firesolution\src\test\resources
2025-02-14 12:09:44,654 [Worker-30: Building] INFO  o.a.m.s.f.DefaultMavenResourcesFiltering - skip non existing resourceDirectory E:\Qk_practice_Project\FireSolution_Project\Project_Firesolution\src\main\resources
2025-02-14 12:09:44,659 [Worker-30: Building] INFO  o.a.m.s.f.DefaultMavenResourcesFiltering - skip non existing resourceDirectory E:\Qk_practice_Project\FireSolution_Project\Project_Firesolution\src\test\resources
2025-02-14 12:10:51,265 [Worker-37: Building] INFO  o.a.m.s.f.DefaultMavenResourcesFiltering - skip non existing resourceDirectory E:\Qk_practice_Project\FireSolution_Project\Project_Firesolution\src\main\resources
2025-02-14 12:10:51,272 [Worker-37: Building] INFO  o.a.m.s.f.DefaultMavenResourcesFiltering - skip non existing resourceDirectory E:\Qk_practice_Project\FireSolution_Project\Project_Firesolution\src\test\resources
2025-02-14 12:15:25,135 [Worker-36: Building] INFO  o.a.m.s.f.DefaultMavenResourcesFiltering - skip non existing resourceDirectory E:\Qk_practice_Project\FireSolution_Project\Project_Firesolution\src\main\resources
2025-02-14 12:15:25,143 [Worker-36: Building] INFO  o.a.m.s.f.DefaultMavenResourcesFiltering - skip non existing resourceDirectory E:\Qk_practice_Project\FireSolution_Project\Project_Firesolution\src\test\resources
2025-02-14 12:28:00,415 [Worker-44: Building] INFO  o.a.m.s.f.DefaultMavenResourcesFiltering - skip non existing resourceDirectory E:\Qk_practice_Project\FireSolution_Project\Project_Firesolution\src\main\resources
2025-02-14 12:28:00,423 [Worker-44: Building] INFO  o.a.m.s.f.DefaultMavenResourcesFiltering - skip non existing resourceDirectory E:\Qk_practice_Project\FireSolution_Project\Project_Firesolution\src\test\resources
2025-02-14 12:29:51,526 [Worker-44: Building] INFO  o.a.m.s.f.DefaultMavenResourcesFiltering - skip non existing resourceDirectory E:\Qk_practice_Project\FireSolution_Project\Project_Firesolution\src\main\resources
2025-02-14 12:29:51,533 [Worker-44: Building] INFO  o.a.m.s.f.DefaultMavenResourcesFiltering - skip non existing resourceDirectory E:\Qk_practice_Project\FireSolution_Project\Project_Firesolution\src\test\resources
2025-02-14 12:34:03,803 [Worker-53: Building] INFO  o.a.m.s.f.DefaultMavenResourcesFiltering - skip non existing resourceDirectory E:\Qk_practice_Project\FireSolution_Project\Project_Firesolution\src\main\resources
2025-02-14 12:34:03,808 [Worker-53: Building] INFO  o.a.m.s.f.DefaultMavenResourcesFiltering - skip non existing resourceDirectory E:\Qk_practice_Project\FireSolution_Project\Project_Firesolution\src\test\resources
2025-02-14 12:34:16,951 [Worker-51: Building] INFO  o.a.m.s.f.DefaultMavenResourcesFiltering - skip non existing resourceDirectory E:\Qk_practice_Project\FireSolution_Project\Project_Firesolution\src\main\resources
2025-02-14 12:34:16,957 [Worker-51: Building] INFO  o.a.m.s.f.DefaultMavenResourcesFiltering - skip non existing resourceDirectory E:\Qk_practice_Project\FireSolution_Project\Project_Firesolution\src\test\resources
2025-02-14 12:44:50,415 [Worker-53: Building] INFO  o.a.m.s.f.DefaultMavenResourcesFiltering - skip non existing resourceDirectory E:\Qk_practice_Project\FireSolution_Project\Project_Firesolution\src\main\resources
2025-02-14 12:44:50,420 [Worker-53: Building] INFO  o.a.m.s.f.DefaultMavenResourcesFiltering - skip non existing resourceDirectory E:\Qk_practice_Project\FireSolution_Project\Project_Firesolution\src\test\resources
2025-02-14 12:47:00,816 [Worker-58: Building] INFO  o.a.m.s.f.DefaultMavenResourcesFiltering - skip non existing resourceDirectory E:\Qk_practice_Project\FireSolution_Project\Project_Firesolution\src\main\resources
2025-02-14 12:47:00,822 [Worker-58: Building] INFO  o.a.m.s.f.DefaultMavenResourcesFiltering - skip non existing resourceDirectory E:\Qk_practice_Project\FireSolution_Project\Project_Firesolution\src\test\resources
2025-02-14 12:49:23,451 [Worker-58: Building] INFO  o.a.m.s.f.DefaultMavenResourcesFiltering - skip non existing resourceDirectory E:\Qk_practice_Project\FireSolution_Project\Project_Firesolution\src\main\resources
2025-02-14 12:49:23,456 [Worker-58: Building] INFO  o.a.m.s.f.DefaultMavenResourcesFiltering - skip non existing resourceDirectory E:\Qk_practice_Project\FireSolution_Project\Project_Firesolution\src\test\resources
2025-02-14 12:55:44,858 [Worker-57: Building] INFO  o.a.m.s.f.DefaultMavenResourcesFiltering - skip non existing resourceDirectory E:\Qk_practice_Project\FireSolution_Project\Project_Firesolution\src\main\resources
2025-02-14 12:55:44,862 [Worker-57: Building] INFO  o.a.m.s.f.DefaultMavenResourcesFiltering - skip non existing resourceDirectory E:\Qk_practice_Project\FireSolution_Project\Project_Firesolution\src\test\resources
2025-02-14 15:13:27,525 [Worker-76: Building] INFO  o.a.m.s.f.DefaultMavenResourcesFiltering - skip non existing resourceDirectory E:\Qk_practice_Project\FireSolution_Project\Project_Firesolution\src\main\resources
2025-02-14 15:13:27,548 [Worker-76: Building] INFO  o.a.m.s.f.DefaultMavenResourcesFiltering - skip non existing resourceDirectory E:\Qk_practice_Project\FireSolution_Project\Project_Firesolution\src\test\resources
2025-02-14 16:04:30,893 [Worker-87: Building] INFO  o.a.m.s.f.DefaultMavenResourcesFiltering - skip non existing resourceDirectory E:\Qk_practice_Project\FireSolution_Project\Project_Firesolution\src\main\resources
2025-02-14 16:04:30,903 [Worker-87: Building] INFO  o.a.m.s.f.DefaultMavenResourcesFiltering - skip non existing resourceDirectory E:\Qk_practice_Project\FireSolution_Project\Project_Firesolution\src\test\resources
2025-02-14 16:08:59,480 [Worker-89: Building] INFO  o.a.m.s.f.DefaultMavenResourcesFiltering - skip non existing resourceDirectory E:\Qk_practice_Project\FireSolution_Project\Project_Firesolution\src\main\resources
2025-02-14 16:08:59,490 [Worker-89: Building] INFO  o.a.m.s.f.DefaultMavenResourcesFiltering - skip non existing resourceDirectory E:\Qk_practice_Project\FireSolution_Project\Project_Firesolution\src\test\resources
2025-02-14 17:30:52,410 [Worker-106: Building] INFO  o.a.m.s.f.DefaultMavenResourcesFiltering - skip non existing resourceDirectory E:\Qk_practice_Project\FireSolution_Project\Project_Firesolution\src\main\resources
2025-02-14 17:30:52,427 [Worker-106: Building] INFO  o.a.m.s.f.DefaultMavenResourcesFiltering - skip non existing resourceDirectory E:\Qk_practice_Project\FireSolution_Project\Project_Firesolution\src\test\resources
2025-02-14 17:33:49,787 [Worker-108: Building] INFO  o.a.m.s.f.DefaultMavenResourcesFiltering - skip non existing resourceDirectory E:\Qk_practice_Project\FireSolution_Project\Project_Firesolution\src\main\resources
2025-02-14 17:33:49,796 [Worker-108: Building] INFO  o.a.m.s.f.DefaultMavenResourcesFiltering - skip non existing resourceDirectory E:\Qk_practice_Project\FireSolution_Project\Project_Firesolution\src\test\resources
2025-02-14 17:34:01,078 [Worker-109: Building] INFO  o.a.m.s.f.DefaultMavenResourcesFiltering - skip non existing resourceDirectory E:\Qk_practice_Project\FireSolution_Project\Project_Firesolution\src\main\resources
2025-02-14 17:34:01,086 [Worker-109: Building] INFO  o.a.m.s.f.DefaultMavenResourcesFiltering - skip non existing resourceDirectory E:\Qk_practice_Project\FireSolution_Project\Project_Firesolution\src\test\resources
2025-02-14 18:52:30,160 [Worker-119: Building] INFO  o.a.m.s.f.DefaultMavenResourcesFiltering - skip non existing resourceDirectory E:\Qk_practice_Project\FireSolution_Project\Project_Firesolution\src\main\resources
2025-02-14 18:52:30,170 [Worker-119: Building] INFO  o.a.m.s.f.DefaultMavenResourcesFiltering - skip non existing resourceDirectory E:\Qk_practice_Project\FireSolution_Project\Project_Firesolution\src\test\resources
2025-02-14 18:52:54,330 [Worker-118: Building] INFO  o.a.m.s.f.DefaultMavenResourcesFiltering - skip non existing resourceDirectory E:\Qk_practice_Project\FireSolution_Project\Project_Firesolution\src\main\resources
2025-02-14 18:52:54,336 [Worker-118: Building] INFO  o.a.m.s.f.DefaultMavenResourcesFiltering - skip non existing resourceDirectory E:\Qk_practice_Project\FireSolution_Project\Project_Firesolution\src\test\resources
2025-02-14 18:53:11,076 [Worker-116: Building] INFO  o.a.m.s.f.DefaultMavenResourcesFiltering - skip non existing resourceDirectory E:\Qk_practice_Project\FireSolution_Project\Project_Firesolution\src\main\resources
2025-02-14 18:53:11,080 [Worker-116: Building] INFO  o.a.m.s.f.DefaultMavenResourcesFiltering - skip non existing resourceDirectory E:\Qk_practice_Project\FireSolution_Project\Project_Firesolution\src\test\resources
2025-02-14 18:57:39,251 [Worker-118: Building] INFO  o.a.m.s.f.DefaultMavenResourcesFiltering - skip non existing resourceDirectory E:\Qk_practice_Project\FireSolution_Project\Project_Firesolution\src\main\resources
2025-02-14 18:57:39,255 [Worker-118: Building] INFO  o.a.m.s.f.DefaultMavenResourcesFiltering - skip non existing resourceDirectory E:\Qk_practice_Project\FireSolution_Project\Project_Firesolution\src\test\resources
2025-02-14 19:01:06,071 [Worker-122: Building] INFO  o.a.m.s.f.DefaultMavenResourcesFiltering - skip non existing resourceDirectory E:\Qk_practice_Project\FireSolution_Project\Project_Firesolution\src\main\resources
2025-02-14 19:01:06,074 [Worker-122: Building] INFO  o.a.m.s.f.DefaultMavenResourcesFiltering - skip non existing resourceDirectory E:\Qk_practice_Project\FireSolution_Project\Project_Firesolution\src\test\resources
2025-02-14 19:22:50,903 [Worker-125: Building] INFO  o.a.m.s.f.DefaultMavenResourcesFiltering - skip non existing resourceDirectory E:\Qk_practice_Project\FireSolution_Project\Project_Firesolution\src\main\resources
2025-02-14 19:22:50,908 [Worker-125: Building] INFO  o.a.m.s.f.DefaultMavenResourcesFiltering - skip non existing resourceDirectory E:\Qk_practice_Project\FireSolution_Project\Project_Firesolution\src\test\resources
2025-02-15 11:28:15,386 [Worker-0: Loading available Gradle versions] INFO  o.e.b.c.i.u.g.PublishedGradleVersions - Gradle version information cache is up-to-date. Trying to read.
2025-02-15 11:43:11,012 [Worker-4: Building] INFO  o.a.m.s.f.DefaultMavenResourcesFiltering - skip non existing resourceDirectory E:\Qk_practice_Project\FireSolution_Project\Project_Firesolution\src\main\resources
2025-02-15 11:43:11,026 [Worker-4: Building] INFO  o.a.m.s.f.DefaultMavenResourcesFiltering - skip non existing resourceDirectory E:\Qk_practice_Project\FireSolution_Project\Project_Firesolution\src\test\resources
2025-02-15 11:47:11,673 [Worker-26: Building] INFO  o.a.m.s.f.DefaultMavenResourcesFiltering - skip non existing resourceDirectory E:\Qk_practice_Project\FireSolution_Project\Project_Firesolution\src\main\resources
2025-02-15 11:47:11,680 [Worker-26: Building] INFO  o.a.m.s.f.DefaultMavenResourcesFiltering - skip non existing resourceDirectory E:\Qk_practice_Project\FireSolution_Project\Project_Firesolution\src\test\resources
2025-02-15 12:11:27,308 [Worker-24: Building] INFO  o.a.m.s.f.DefaultMavenResourcesFiltering - skip non existing resourceDirectory E:\Qk_practice_Project\FireSolution_Project\Project_Firesolution\src\main\resources
2025-02-15 12:11:27,319 [Worker-24: Building] INFO  o.a.m.s.f.DefaultMavenResourcesFiltering - skip non existing resourceDirectory E:\Qk_practice_Project\FireSolution_Project\Project_Firesolution\src\test\resources
2025-02-15 12:15:06,479 [Worker-28: Building] INFO  o.a.m.s.f.DefaultMavenResourcesFiltering - skip non existing resourceDirectory E:\Qk_practice_Project\FireSolution_Project\Project_Firesolution\src\main\resources
2025-02-15 12:15:06,488 [Worker-28: Building] INFO  o.a.m.s.f.DefaultMavenResourcesFiltering - skip non existing resourceDirectory E:\Qk_practice_Project\FireSolution_Project\Project_Firesolution\src\test\resources
2025-02-15 12:16:47,748 [Worker-28: Building] INFO  o.a.m.s.f.DefaultMavenResourcesFiltering - skip non existing resourceDirectory E:\Qk_practice_Project\FireSolution_Project\Project_Firesolution\src\main\resources
2025-02-15 12:16:47,755 [Worker-28: Building] INFO  o.a.m.s.f.DefaultMavenResourcesFiltering - skip non existing resourceDirectory E:\Qk_practice_Project\FireSolution_Project\Project_Firesolution\src\test\resources
2025-02-15 12:25:36,864 [Worker-32: Building] INFO  o.a.m.s.f.DefaultMavenResourcesFiltering - skip non existing resourceDirectory E:\Qk_practice_Project\FireSolution_Project\Project_Firesolution\src\main\resources
2025-02-15 12:25:36,870 [Worker-32: Building] INFO  o.a.m.s.f.DefaultMavenResourcesFiltering - skip non existing resourceDirectory E:\Qk_practice_Project\FireSolution_Project\Project_Firesolution\src\test\resources
2025-02-15 12:28:51,065 [Worker-35: Building] INFO  o.a.m.s.f.DefaultMavenResourcesFiltering - skip non existing resourceDirectory E:\Qk_practice_Project\FireSolution_Project\Project_Firesolution\src\main\resources
2025-02-15 12:28:51,072 [Worker-35: Building] INFO  o.a.m.s.f.DefaultMavenResourcesFiltering - skip non existing resourceDirectory E:\Qk_practice_Project\FireSolution_Project\Project_Firesolution\src\test\resources
2025-02-15 13:43:23,704 [Worker-46: Building] INFO  o.a.m.s.f.DefaultMavenResourcesFiltering - skip non existing resourceDirectory E:\Qk_practice_Project\FireSolution_Project\Project_Firesolution\src\main\resources
2025-02-15 13:43:23,729 [Worker-46: Building] INFO  o.a.m.s.f.DefaultMavenResourcesFiltering - skip non existing resourceDirectory E:\Qk_practice_Project\FireSolution_Project\Project_Firesolution\src\test\resources
2025-02-15 15:43:54,765 [Worker-54: Building] INFO  o.a.m.s.f.DefaultMavenResourcesFiltering - skip non existing resourceDirectory E:\Qk_practice_Project\FireSolution_Project\Project_Firesolution\src\main\resources
2025-02-15 15:43:54,775 [Worker-54: Building] INFO  o.a.m.s.f.DefaultMavenResourcesFiltering - skip non existing resourceDirectory E:\Qk_practice_Project\FireSolution_Project\Project_Firesolution\src\test\resources
2025-02-15 15:55:16,286 [Worker-57: Building] INFO  o.a.m.s.f.DefaultMavenResourcesFiltering - skip non existing resourceDirectory E:\Qk_practice_Project\FireSolution_Project\Project_Firesolution\src\main\resources
2025-02-15 15:55:16,300 [Worker-57: Building] INFO  o.a.m.s.f.DefaultMavenResourcesFiltering - skip non existing resourceDirectory E:\Qk_practice_Project\FireSolution_Project\Project_Firesolution\src\test\resources
2025-02-15 15:57:44,596 [Worker-58: Building] INFO  o.a.m.s.f.DefaultMavenResourcesFiltering - skip non existing resourceDirectory E:\Qk_practice_Project\FireSolution_Project\Project_Firesolution\src\main\resources
2025-02-15 15:57:44,608 [Worker-58: Building] INFO  o.a.m.s.f.DefaultMavenResourcesFiltering - skip non existing resourceDirectory E:\Qk_practice_Project\FireSolution_Project\Project_Firesolution\src\test\resources
2025-02-15 15:58:08,810 [Worker-58: Building] INFO  o.a.m.s.f.DefaultMavenResourcesFiltering - skip non existing resourceDirectory E:\Qk_practice_Project\FireSolution_Project\Project_Firesolution\src\main\resources
2025-02-15 15:58:08,820 [Worker-58: Building] INFO  o.a.m.s.f.DefaultMavenResourcesFiltering - skip non existing resourceDirectory E:\Qk_practice_Project\FireSolution_Project\Project_Firesolution\src\test\resources
2025-02-15 15:59:30,587 [Worker-59: Building] INFO  o.a.m.s.f.DefaultMavenResourcesFiltering - skip non existing resourceDirectory E:\Qk_practice_Project\FireSolution_Project\Project_Firesolution\src\main\resources
2025-02-15 15:59:30,595 [Worker-59: Building] INFO  o.a.m.s.f.DefaultMavenResourcesFiltering - skip non existing resourceDirectory E:\Qk_practice_Project\FireSolution_Project\Project_Firesolution\src\test\resources
2025-02-15 16:02:35,110 [Worker-62: Building] INFO  o.a.m.s.f.DefaultMavenResourcesFiltering - skip non existing resourceDirectory E:\Qk_practice_Project\FireSolution_Project\Project_Firesolution\src\main\resources
2025-02-15 16:02:35,123 [Worker-62: Building] INFO  o.a.m.s.f.DefaultMavenResourcesFiltering - skip non existing resourceDirectory E:\Qk_practice_Project\FireSolution_Project\Project_Firesolution\src\test\resources
2025-02-15 16:15:09,295 [Worker-72: Building] INFO  o.a.m.s.f.DefaultMavenResourcesFiltering - skip non existing resourceDirectory E:\Qk_practice_Project\FireSolution_Project\Project_Firesolution\src\main\resources
2025-02-15 16:15:09,302 [Worker-72: Building] INFO  o.a.m.s.f.DefaultMavenResourcesFiltering - skip non existing resourceDirectory E:\Qk_practice_Project\FireSolution_Project\Project_Firesolution\src\test\resources
2025-02-15 16:22:03,513 [Worker-73: Building] INFO  o.a.m.s.f.DefaultMavenResourcesFiltering - skip non existing resourceDirectory E:\Qk_practice_Project\FireSolution_Project\Project_Firesolution\src\main\resources
2025-02-15 16:22:03,522 [Worker-73: Building] INFO  o.a.m.s.f.DefaultMavenResourcesFiltering - skip non existing resourceDirectory E:\Qk_practice_Project\FireSolution_Project\Project_Firesolution\src\test\resources
2025-02-15 16:28:03,642 [Worker-76: Building] INFO  o.a.m.s.f.DefaultMavenResourcesFiltering - skip non existing resourceDirectory E:\Qk_practice_Project\FireSolution_Project\Project_Firesolution\src\main\resources
2025-02-15 16:28:03,651 [Worker-76: Building] INFO  o.a.m.s.f.DefaultMavenResourcesFiltering - skip non existing resourceDirectory E:\Qk_practice_Project\FireSolution_Project\Project_Firesolution\src\test\resources
2025-02-15 16:29:26,215 [Worker-70: Building] INFO  o.a.m.s.f.DefaultMavenResourcesFiltering - skip non existing resourceDirectory E:\Qk_practice_Project\FireSolution_Project\Project_Firesolution\src\main\resources
2025-02-15 16:29:26,223 [Worker-70: Building] INFO  o.a.m.s.f.DefaultMavenResourcesFiltering - skip non existing resourceDirectory E:\Qk_practice_Project\FireSolution_Project\Project_Firesolution\src\test\resources
2025-02-15 16:47:22,286 [Worker-78: Building] INFO  o.a.m.s.f.DefaultMavenResourcesFiltering - skip non existing resourceDirectory E:\Qk_practice_Project\FireSolution_Project\Project_Firesolution\src\main\resources
2025-02-15 16:47:22,290 [Worker-78: Building] INFO  o.a.m.s.f.DefaultMavenResourcesFiltering - skip non existing resourceDirectory E:\Qk_practice_Project\FireSolution_Project\Project_Firesolution\src\test\resources
2025-02-15 16:50:09,811 [Worker-79: Building] INFO  o.a.m.s.f.DefaultMavenResourcesFiltering - skip non existing resourceDirectory E:\Qk_practice_Project\FireSolution_Project\Project_Firesolution\src\main\resources
2025-02-15 16:50:09,815 [Worker-79: Building] INFO  o.a.m.s.f.DefaultMavenResourcesFiltering - skip non existing resourceDirectory E:\Qk_practice_Project\FireSolution_Project\Project_Firesolution\src\test\resources
2025-02-15 16:50:51,709 [Worker-80: Building] INFO  o.a.m.s.f.DefaultMavenResourcesFiltering - skip non existing resourceDirectory E:\Qk_practice_Project\FireSolution_Project\Project_Firesolution\src\main\resources
2025-02-15 16:50:51,713 [Worker-80: Building] INFO  o.a.m.s.f.DefaultMavenResourcesFiltering - skip non existing resourceDirectory E:\Qk_practice_Project\FireSolution_Project\Project_Firesolution\src\test\resources
2025-02-15 16:51:06,769 [Worker-80: Building] INFO  o.a.m.s.f.DefaultMavenResourcesFiltering - skip non existing resourceDirectory E:\Qk_practice_Project\FireSolution_Project\Project_Firesolution\src\main\resources
2025-02-15 16:51:06,772 [Worker-80: Building] INFO  o.a.m.s.f.DefaultMavenResourcesFiltering - skip non existing resourceDirectory E:\Qk_practice_Project\FireSolution_Project\Project_Firesolution\src\test\resources
2025-02-15 16:51:41,345 [Worker-81: Building] INFO  o.a.m.s.f.DefaultMavenResourcesFiltering - skip non existing resourceDirectory E:\Qk_practice_Project\FireSolution_Project\Project_Firesolution\src\main\resources
2025-02-15 16:51:41,349 [Worker-81: Building] INFO  o.a.m.s.f.DefaultMavenResourcesFiltering - skip non existing resourceDirectory E:\Qk_practice_Project\FireSolution_Project\Project_Firesolution\src\test\resources
2025-02-15 16:54:39,705 [Worker-81: Building] INFO  o.a.m.s.f.DefaultMavenResourcesFiltering - skip non existing resourceDirectory E:\Qk_practice_Project\FireSolution_Project\Project_Firesolution\src\main\resources
2025-02-15 16:54:39,710 [Worker-81: Building] INFO  o.a.m.s.f.DefaultMavenResourcesFiltering - skip non existing resourceDirectory E:\Qk_practice_Project\FireSolution_Project\Project_Firesolution\src\test\resources
2025-02-15 17:02:47,426 [Worker-80: Building] INFO  o.a.m.s.f.DefaultMavenResourcesFiltering - skip non existing resourceDirectory E:\Qk_practice_Project\FireSolution_Project\Project_Firesolution\src\main\resources
2025-02-15 17:02:47,430 [Worker-80: Building] INFO  o.a.m.s.f.DefaultMavenResourcesFiltering - skip non existing resourceDirectory E:\Qk_practice_Project\FireSolution_Project\Project_Firesolution\src\test\resources
2025-02-15 17:59:36,273 [Worker-96: Building] INFO  o.a.m.s.f.DefaultMavenResourcesFiltering - skip non existing resourceDirectory E:\Qk_practice_Project\FireSolution_Project\Project_Firesolution\src\main\resources
2025-02-15 17:59:36,281 [Worker-96: Building] INFO  o.a.m.s.f.DefaultMavenResourcesFiltering - skip non existing resourceDirectory E:\Qk_practice_Project\FireSolution_Project\Project_Firesolution\src\test\resources
2025-02-15 18:01:08,258 [Worker-96: Building] INFO  o.a.m.s.f.DefaultMavenResourcesFiltering - skip non existing resourceDirectory E:\Qk_practice_Project\FireSolution_Project\Project_Firesolution\src\main\resources
2025-02-15 18:01:08,265 [Worker-96: Building] INFO  o.a.m.s.f.DefaultMavenResourcesFiltering - skip non existing resourceDirectory E:\Qk_practice_Project\FireSolution_Project\Project_Firesolution\src\test\resources
2025-02-15 18:02:18,778 [Worker-95: Building] INFO  o.a.m.s.f.DefaultMavenResourcesFiltering - skip non existing resourceDirectory E:\Qk_practice_Project\FireSolution_Project\Project_Firesolution\src\main\resources
2025-02-15 18:02:18,787 [Worker-95: Building] INFO  o.a.m.s.f.DefaultMavenResourcesFiltering - skip non existing resourceDirectory E:\Qk_practice_Project\FireSolution_Project\Project_Firesolution\src\test\resources
2025-02-15 18:03:21,617 [Worker-96: Building] INFO  o.a.m.s.f.DefaultMavenResourcesFiltering - skip non existing resourceDirectory E:\Qk_practice_Project\FireSolution_Project\Project_Firesolution\src\main\resources
2025-02-15 18:03:21,625 [Worker-96: Building] INFO  o.a.m.s.f.DefaultMavenResourcesFiltering - skip non existing resourceDirectory E:\Qk_practice_Project\FireSolution_Project\Project_Firesolution\src\test\resources
2025-02-15 18:06:48,388 [Worker-95: Building] INFO  o.a.m.s.f.DefaultMavenResourcesFiltering - skip non existing resourceDirectory E:\Qk_practice_Project\FireSolution_Project\Project_Firesolution\src\main\resources
2025-02-15 18:06:48,393 [Worker-95: Building] INFO  o.a.m.s.f.DefaultMavenResourcesFiltering - skip non existing resourceDirectory E:\Qk_practice_Project\FireSolution_Project\Project_Firesolution\src\test\resources
2025-02-15 18:31:53,008 [Worker-107: Building] INFO  o.a.m.s.f.DefaultMavenResourcesFiltering - skip non existing resourceDirectory E:\Qk_practice_Project\FireSolution_Project\Project_Firesolution\src\main\resources
2025-02-15 18:31:53,015 [Worker-107: Building] INFO  o.a.m.s.f.DefaultMavenResourcesFiltering - skip non existing resourceDirectory E:\Qk_practice_Project\FireSolution_Project\Project_Firesolution\src\test\resources
2025-02-15 18:34:39,681 [Worker-97: Building] INFO  o.a.m.s.f.DefaultMavenResourcesFiltering - skip non existing resourceDirectory E:\Qk_practice_Project\FireSolution_Project\Project_Firesolution\src\main\resources
2025-02-15 18:34:39,689 [Worker-97: Building] INFO  o.a.m.s.f.DefaultMavenResourcesFiltering - skip non existing resourceDirectory E:\Qk_practice_Project\FireSolution_Project\Project_Firesolution\src\test\resources
2025-02-15 18:36:42,881 [Worker-110: Building] INFO  o.a.m.s.f.DefaultMavenResourcesFiltering - skip non existing resourceDirectory E:\Qk_practice_Project\FireSolution_Project\Project_Firesolution\src\main\resources
2025-02-15 18:36:42,890 [Worker-110: Building] INFO  o.a.m.s.f.DefaultMavenResourcesFiltering - skip non existing resourceDirectory E:\Qk_practice_Project\FireSolution_Project\Project_Firesolution\src\test\resources
2025-02-15 18:37:56,429 [Worker-109: Building] INFO  o.a.m.s.f.DefaultMavenResourcesFiltering - skip non existing resourceDirectory E:\Qk_practice_Project\FireSolution_Project\Project_Firesolution\src\main\resources
2025-02-15 18:37:56,436 [Worker-109: Building] INFO  o.a.m.s.f.DefaultMavenResourcesFiltering - skip non existing resourceDirectory E:\Qk_practice_Project\FireSolution_Project\Project_Firesolution\src\test\resources
2025-02-15 18:40:22,712 [Worker-112: Building] INFO  o.a.m.s.f.DefaultMavenResourcesFiltering - skip non existing resourceDirectory E:\Qk_practice_Project\FireSolution_Project\Project_Firesolution\src\main\resources
2025-02-15 18:40:22,719 [Worker-112: Building] INFO  o.a.m.s.f.DefaultMavenResourcesFiltering - skip non existing resourceDirectory E:\Qk_practice_Project\FireSolution_Project\Project_Firesolution\src\test\resources
2025-02-15 18:51:58,972 [Worker-118: Building] INFO  o.a.m.s.f.DefaultMavenResourcesFiltering - skip non existing resourceDirectory E:\Qk_practice_Project\FireSolution_Project\Project_Firesolution\src\main\resources
2025-02-15 18:51:58,979 [Worker-118: Building] INFO  o.a.m.s.f.DefaultMavenResourcesFiltering - skip non existing resourceDirectory E:\Qk_practice_Project\FireSolution_Project\Project_Firesolution\src\test\resources
2025-02-15 19:09:16,246 [Worker-118: Building] INFO  o.a.m.s.f.DefaultMavenResourcesFiltering - skip non existing resourceDirectory E:\Qk_practice_Project\FireSolution_Project\Project_Firesolution\src\main\resources
2025-02-15 19:09:16,253 [Worker-118: Building] INFO  o.a.m.s.f.DefaultMavenResourcesFiltering - skip non existing resourceDirectory E:\Qk_practice_Project\FireSolution_Project\Project_Firesolution\src\test\resources
2025-02-17 16:02:27,871 [Worker-1: Loading available Gradle versions] INFO  o.e.b.c.i.u.g.PublishedGradleVersions - Gradle version information cache is out-of-date. Trying to update.
2025-02-17 16:11:26,385 [Worker-23: Building] INFO  o.a.m.s.f.DefaultMavenResourcesFiltering - skip non existing resourceDirectory E:\Qk_practice_Project\FireSolution_Project\Project_Firesolution\src\main\resources
2025-02-17 16:11:26,395 [Worker-23: Building] INFO  o.a.m.s.f.DefaultMavenResourcesFiltering - skip non existing resourceDirectory E:\Qk_practice_Project\FireSolution_Project\Project_Firesolution\src\test\resources
2025-02-17 18:02:55,252 [Worker-38: Building] INFO  o.a.m.s.f.DefaultMavenResourcesFiltering - skip non existing resourceDirectory E:\Qk_practice_Project\FireSolution_Project\Project_Firesolution\src\main\resources
2025-02-17 18:02:55,271 [Worker-38: Building] INFO  o.a.m.s.f.DefaultMavenResourcesFiltering - skip non existing resourceDirectory E:\Qk_practice_Project\FireSolution_Project\Project_Firesolution\src\test\resources
2025-02-17 18:03:59,892 [Worker-42: Building] INFO  o.a.m.s.f.DefaultMavenResourcesFiltering - skip non existing resourceDirectory E:\Qk_practice_Project\FireSolution_Project\Project_Firesolution\src\main\resources
2025-02-17 18:03:59,900 [Worker-42: Building] INFO  o.a.m.s.f.DefaultMavenResourcesFiltering - skip non existing resourceDirectory E:\Qk_practice_Project\FireSolution_Project\Project_Firesolution\src\test\resources
2025-02-17 18:08:31,871 [Worker-46: Building] INFO  o.a.m.s.f.DefaultMavenResourcesFiltering - skip non existing resourceDirectory E:\Qk_practice_Project\FireSolution_Project\Project_Firesolution\src\main\resources
2025-02-17 18:08:31,877 [Worker-46: Building] INFO  o.a.m.s.f.DefaultMavenResourcesFiltering - skip non existing resourceDirectory E:\Qk_practice_Project\FireSolution_Project\Project_Firesolution\src\test\resources
2025-02-17 18:12:20,112 [Worker-37: Building] INFO  o.a.m.s.f.DefaultMavenResourcesFiltering - skip non existing resourceDirectory E:\Qk_practice_Project\FireSolution_Project\Project_Firesolution\src\main\resources
2025-02-17 18:12:20,119 [Worker-37: Building] INFO  o.a.m.s.f.DefaultMavenResourcesFiltering - skip non existing resourceDirectory E:\Qk_practice_Project\FireSolution_Project\Project_Firesolution\src\test\resources
2025-03-21 11:58:54,244 [Worker-2: Loading available Gradle versions] INFO  o.e.b.c.i.u.g.PublishedGradleVersions - Gradle version information cache is out-of-date. Trying to update.
2025-03-31 18:34:14,854 [Worker-1: Loading available Gradle versions] INFO  o.e.b.c.i.u.g.PublishedGradleVersions - Gradle version information cache is out-of-date. Trying to update.
2025-04-03 11:18:53,925 [Worker-0: Loading available Gradle versions] INFO  o.e.b.c.i.u.g.PublishedGradleVersions - Gradle version information cache is out-of-date. Trying to update.
2025-04-03 11:24:56,731 [Worker-1: Loading available Gradle versions] INFO  o.e.b.c.i.u.g.PublishedGradleVersions - Gradle version information cache is up-to-date. Trying to read.
2025-04-03 11:37:34,583 [Worker-3: Loading available Gradle versions] INFO  o.e.b.c.i.u.g.PublishedGradleVersions - Gradle version information cache is up-to-date. Trying to read.
2025-04-03 11:47:57,290 [Worker-25: Building] INFO  o.a.m.s.f.DefaultMavenResourcesFiltering - skip non existing resourceDirectory E:\Qk_practice_Project\FireSolution_Project\Project_Firesolution\src\main\resources
2025-04-03 11:47:57,300 [Worker-25: Building] INFO  o.a.m.s.f.DefaultMavenResourcesFiltering - skip non existing resourceDirectory E:\Qk_practice_Project\FireSolution_Project\Project_Firesolution\src\test\resources
2025-04-03 11:52:07,633 [Worker-25: Building] INFO  o.a.m.s.f.DefaultMavenResourcesFiltering - skip non existing resourceDirectory E:\Qk_practice_Project\FireSolution_Project\Project_Firesolution\src\main\resources
2025-04-03 11:52:07,640 [Worker-25: Building] INFO  o.a.m.s.f.DefaultMavenResourcesFiltering - skip non existing resourceDirectory E:\Qk_practice_Project\FireSolution_Project\Project_Firesolution\src\test\resources
2025-04-03 11:53:01,147 [Worker-27: Building] INFO  o.a.m.s.f.DefaultMavenResourcesFiltering - skip non existing resourceDirectory E:\Qk_practice_Project\FireSolution_Project\Project_Firesolution\src\main\resources
2025-04-03 11:53:01,155 [Worker-27: Building] INFO  o.a.m.s.f.DefaultMavenResourcesFiltering - skip non existing resourceDirectory E:\Qk_practice_Project\FireSolution_Project\Project_Firesolution\src\test\resources
2025-04-03 12:02:52,926 [Worker-30: Building] INFO  o.a.m.s.f.DefaultMavenResourcesFiltering - skip non existing resourceDirectory E:\Qk_practice_Project\FireSolution_Project\Project_Firesolution\src\main\resources
2025-04-03 12:02:52,933 [Worker-30: Building] INFO  o.a.m.s.f.DefaultMavenResourcesFiltering - skip non existing resourceDirectory E:\Qk_practice_Project\FireSolution_Project\Project_Firesolution\src\test\resources
2025-04-03 12:11:41,140 [Worker-29: Building] INFO  o.a.m.s.f.DefaultMavenResourcesFiltering - skip non existing resourceDirectory E:\Qk_practice_Project\FireSolution_Project\Project_Firesolution\src\main\resources
2025-04-03 12:11:41,158 [Worker-29: Building] INFO  o.a.m.s.f.DefaultMavenResourcesFiltering - skip non existing resourceDirectory E:\Qk_practice_Project\FireSolution_Project\Project_Firesolution\src\test\resources
2025-04-03 13:07:30,335 [Worker-42: Building] INFO  o.a.m.s.f.DefaultMavenResourcesFiltering - skip non existing resourceDirectory E:\Qk_practice_Project\FireSolution_Project\Project_Firesolution\src\main\resources
2025-04-03 13:07:30,361 [Worker-42: Building] INFO  o.a.m.s.f.DefaultMavenResourcesFiltering - skip non existing resourceDirectory E:\Qk_practice_Project\FireSolution_Project\Project_Firesolution\src\test\resources
2025-04-03 13:07:43,695 [Worker-50: Building] INFO  o.a.m.s.f.DefaultMavenResourcesFiltering - skip non existing resourceDirectory E:\Qk_practice_Project\FireSolution_Project\Project_Firesolution\src\main\resources
2025-04-03 13:07:43,699 [Worker-50: Building] INFO  o.a.m.s.f.DefaultMavenResourcesFiltering - skip non existing resourceDirectory E:\Qk_practice_Project\FireSolution_Project\Project_Firesolution\src\test\resources
2025-04-04 15:51:23,241 [Worker-4: Loading available Gradle versions] INFO  o.e.b.c.i.u.g.PublishedGradleVersions - Gradle version information cache is out-of-date. Trying to update.
2025-04-04 23:02:23,312 [Worker-53: Building] INFO  o.a.m.s.f.DefaultMavenResourcesFiltering - skip non existing resourceDirectory E:\Qk_practice_Project\FireSolution_Project\Project_Firesolution\src\main\resources
2025-04-04 23:02:23,390 [Worker-53: Building] INFO  o.a.m.s.f.DefaultMavenResourcesFiltering - skip non existing resourceDirectory E:\Qk_practice_Project\FireSolution_Project\Project_Firesolution\src\test\resources
2025-04-05 12:14:24,546 [Worker-4: Loading available Gradle versions] INFO  o.e.b.c.i.u.g.PublishedGradleVersions - Gradle version information cache is up-to-date. Trying to read.
2025-04-05 12:28:22,686 [Worker-4: Launching Practiceclass] INFO  o.a.m.s.f.DefaultMavenResourcesFiltering - skip non existing resourceDirectory E:\Qk_practice_Project\FireSolution_Project\Project_Firesolution\src\main\resources
2025-04-05 12:28:22,701 [Worker-4: Launching Practiceclass] INFO  o.a.m.s.f.DefaultMavenResourcesFiltering - skip non existing resourceDirectory E:\Qk_practice_Project\FireSolution_Project\Project_Firesolution\src\test\resources
2025-04-05 19:03:40,929 [Worker-68: Building] INFO  o.a.m.s.f.DefaultMavenResourcesFiltering - skip non existing resourceDirectory E:\Qk_practice_Project\FireSolution_Project\Project_Firesolution\src\main\resources
2025-04-05 19:03:40,977 [Worker-68: Building] INFO  o.a.m.s.f.DefaultMavenResourcesFiltering - skip non existing resourceDirectory E:\Qk_practice_Project\FireSolution_Project\Project_Firesolution\src\test\resources
2025-04-07 18:19:10,006 [Worker-2: Loading available Gradle versions] INFO  o.e.b.c.i.u.g.PublishedGradleVersions - Gradle version information cache is out-of-date. Trying to update.
2025-04-07 18:19:35,617 [Worker-8: Building] INFO  o.a.m.s.f.DefaultMavenResourcesFiltering - skip non existing resourceDirectory E:\Qk_practice_Project\FireSolution_Project\Project_Firesolution\src\main\resources
2025-04-07 18:19:35,627 [Worker-8: Building] INFO  o.a.m.s.f.DefaultMavenResourcesFiltering - skip non existing resourceDirectory E:\Qk_practice_Project\FireSolution_Project\Project_Firesolution\src\test\resources
2025-04-07 18:22:00,864 [Worker-9: Building] INFO  o.a.m.s.f.DefaultMavenResourcesFiltering - skip non existing resourceDirectory E:\Qk_practice_Project\FireSolution_Project\Project_Firesolution\src\main\resources
2025-04-07 18:22:00,869 [Worker-9: Building] INFO  o.a.m.s.f.DefaultMavenResourcesFiltering - skip non existing resourceDirectory E:\Qk_practice_Project\FireSolution_Project\Project_Firesolution\src\test\resources
2025-04-10 11:19:17,824 [Worker-1: Loading available Gradle versions] INFO  o.e.b.c.i.u.g.PublishedGradleVersions - Gradle version information cache is out-of-date. Trying to update.
2025-04-10 11:19:19,471 [Worker-1: Loading available Gradle versions] INFO  o.e.b.c.i.u.g.PublishedGradleVersions - Updating Gradle version information cache failed. Using outdated cache.
2025-04-11 11:35:31,546 [Worker-113: Building] INFO  o.a.m.s.f.DefaultMavenResourcesFiltering - skip non existing resourceDirectory E:\Qk_practice_Project\FireSolution_Project\Project_Firesolution\src\main\resources
2025-04-11 11:35:31,594 [Worker-113: Building] INFO  o.a.m.s.f.DefaultMavenResourcesFiltering - skip non existing resourceDirectory E:\Qk_practice_Project\FireSolution_Project\Project_Firesolution\src\test\resources
2025-04-11 19:01:40,953 [Worker-177: Building] INFO  o.a.m.s.f.DefaultMavenResourcesFiltering - skip non existing resourceDirectory E:\Qk_practice_Project\FireSolution_Project\Project_Firesolution\src\main\resources
2025-04-11 19:01:40,999 [Worker-177: Building] INFO  o.a.m.s.f.DefaultMavenResourcesFiltering - skip non existing resourceDirectory E:\Qk_practice_Project\FireSolution_Project\Project_Firesolution\src\test\resources
2025-04-15 16:23:36,716 [Worker-0: Loading available Gradle versions] INFO  o.e.b.c.i.u.g.PublishedGradleVersions - Gradle version information cache is out-of-date. Trying to update.
2025-04-15 16:27:05,886 [Worker-21: Building] INFO  o.a.m.s.f.DefaultMavenResourcesFiltering - skip non existing resourceDirectory E:\Qk_practice_Project\FireSolution_Project\Project_Firesolution\src\main\resources
2025-04-15 16:27:05,922 [Worker-21: Building] INFO  o.a.m.s.f.DefaultMavenResourcesFiltering - skip non existing resourceDirectory E:\Qk_practice_Project\FireSolution_Project\Project_Firesolution\src\test\resources
2025-04-15 16:49:55,111 [Worker-16: Building] INFO  o.a.m.s.f.DefaultMavenResourcesFiltering - skip non existing resourceDirectory E:\Qk_practice_Project\FireSolution_Project\Project_Firesolution\src\main\resources
2025-04-15 16:49:55,130 [Worker-16: Building] INFO  o.a.m.s.f.DefaultMavenResourcesFiltering - skip non existing resourceDirectory E:\Qk_practice_Project\FireSolution_Project\Project_Firesolution\src\test\resources
2025-04-15 16:57:40,131 [Worker-11: Building] INFO  o.a.m.s.f.DefaultMavenResourcesFiltering - skip non existing resourceDirectory E:\Qk_practice_Project\FireSolution_Project\Project_Firesolution\src\main\resources
2025-04-15 16:57:40,151 [Worker-11: Building] INFO  o.a.m.s.f.DefaultMavenResourcesFiltering - skip non existing resourceDirectory E:\Qk_practice_Project\FireSolution_Project\Project_Firesolution\src\test\resources
2025-04-16 23:16:16,671 [Worker-193: Building] INFO  o.a.m.s.f.DefaultMavenResourcesFiltering - skip non existing resourceDirectory E:\Qk_practice_Project\FireSolution_Project\Project_Firesolution\src\main\resources
2025-04-16 23:16:16,797 [Worker-193: Building] INFO  o.a.m.s.f.DefaultMavenResourcesFiltering - skip non existing resourceDirectory E:\Qk_practice_Project\FireSolution_Project\Project_Firesolution\src\test\resources
2025-04-18 10:46:51,095 [Worker-3: Loading available Gradle versions] INFO  o.e.b.c.i.u.g.PublishedGradleVersions - Gradle version information cache is out-of-date. Trying to update.
2025-04-18 11:25:11,530 [Worker-3: Building] INFO  o.a.m.s.f.DefaultMavenResourcesFiltering - skip non existing resourceDirectory E:\Qk_practice_Project\FireSolution_Project\Project_Firesolution\src\main\resources
2025-04-18 11:25:11,548 [Worker-3: Building] INFO  o.a.m.s.f.DefaultMavenResourcesFiltering - skip non existing resourceDirectory E:\Qk_practice_Project\FireSolution_Project\Project_Firesolution\src\test\resources
2025-04-18 11:25:24,053 [Worker-21: Building] INFO  o.a.m.s.f.DefaultMavenResourcesFiltering - skip non existing resourceDirectory E:\Qk_practice_Project\FireSolution_Project\Project_Firesolution\src\main\resources
2025-04-18 11:25:24,059 [Worker-21: Building] INFO  o.a.m.s.f.DefaultMavenResourcesFiltering - skip non existing resourceDirectory E:\Qk_practice_Project\FireSolution_Project\Project_Firesolution\src\test\resources
2025-04-18 11:37:36,015 [Worker-24: Building] INFO  o.a.m.s.f.DefaultMavenResourcesFiltering - skip non existing resourceDirectory E:\Qk_practice_Project\FireSolution_Project\Project_Firesolution\src\main\resources
2025-04-18 11:37:36,021 [Worker-24: Building] INFO  o.a.m.s.f.DefaultMavenResourcesFiltering - skip non existing resourceDirectory E:\Qk_practice_Project\FireSolution_Project\Project_Firesolution\src\test\resources
2025-04-18 22:34:40,103 [Worker-101: Building] INFO  o.a.m.s.f.DefaultMavenResourcesFiltering - skip non existing resourceDirectory E:\Qk_practice_Project\FireSolution_Project\Project_Firesolution\src\main\resources
2025-04-18 22:34:40,148 [Worker-101: Building] INFO  o.a.m.s.f.DefaultMavenResourcesFiltering - skip non existing resourceDirectory E:\Qk_practice_Project\FireSolution_Project\Project_Firesolution\src\test\resources
2025-04-20 09:14:46,309 [Worker-240: Building] INFO  o.a.m.s.f.DefaultMavenResourcesFiltering - skip non existing resourceDirectory E:\Qk_practice_Project\FireSolution_Project\Project_Firesolution\src\main\resources
2025-04-20 09:14:46,931 [Worker-240: Building] INFO  o.a.m.s.f.DefaultMavenResourcesFiltering - skip non existing resourceDirectory E:\Qk_practice_Project\FireSolution_Project\Project_Firesolution\src\test\resources
2025-04-20 22:48:00,755 [Worker-306: Building] INFO  o.a.m.s.f.DefaultMavenResourcesFiltering - skip non existing resourceDirectory E:\Qk_practice_Project\FireSolution_Project\Project_Firesolution\src\main\resources
2025-04-20 22:48:00,806 [Worker-306: Building] INFO  o.a.m.s.f.DefaultMavenResourcesFiltering - skip non existing resourceDirectory E:\Qk_practice_Project\FireSolution_Project\Project_Firesolution\src\test\resources
2025-04-21 11:55:17,404 [Worker-12: Building] INFO  o.a.m.s.f.DefaultMavenResourcesFiltering - skip non existing resourceDirectory E:\Qk_practice_Project\FireSolution_Project\Project_Firesolution\src\main\resources
2025-04-21 11:55:17,435 [Worker-12: Building] INFO  o.a.m.s.f.DefaultMavenResourcesFiltering - skip non existing resourceDirectory E:\Qk_practice_Project\FireSolution_Project\Project_Firesolution\src\test\resources
2025-04-21 11:56:16,414 [Worker-5: Loading available Gradle versions] INFO  o.e.b.c.i.u.g.PublishedGradleVersions - Gradle version information cache is out-of-date. Trying to update.
2025-04-21 11:56:56,058 [Worker-7: Building] INFO  o.a.m.s.f.DefaultMavenResourcesFiltering - skip non existing resourceDirectory E:\Qk_practice_Project\FireSolution_Project\Project_Firesolution\src\main\resources
2025-04-21 11:56:56,062 [Worker-7: Building] INFO  o.a.m.s.f.DefaultMavenResourcesFiltering - skip non existing resourceDirectory E:\Qk_practice_Project\FireSolution_Project\Project_Firesolution\src\test\resources
2025-04-21 18:26:37,397 [Worker-70: Building] INFO  o.a.m.s.f.DefaultMavenResourcesFiltering - skip non existing resourceDirectory E:\Qk_practice_Project\FireSolution_Project\Project_Firesolution\src\main\resources
2025-04-21 18:26:37,436 [Worker-70: Building] INFO  o.a.m.s.f.DefaultMavenResourcesFiltering - skip non existing resourceDirectory E:\Qk_practice_Project\FireSolution_Project\Project_Firesolution\src\test\resources
2025-04-21 18:27:08,123 [Worker-65: Building] INFO  o.a.m.s.f.DefaultMavenResourcesFiltering - skip non existing resourceDirectory E:\Qk_practice_Project\FireSolution_Project\Project_Firesolution\src\main\resources
2025-04-21 18:27:08,136 [Worker-65: Building] INFO  o.a.m.s.f.DefaultMavenResourcesFiltering - skip non existing resourceDirectory E:\Qk_practice_Project\FireSolution_Project\Project_Firesolution\src\test\resources
2025-04-21 18:30:25,001 [Worker-73: Building] INFO  o.a.m.s.f.DefaultMavenResourcesFiltering - skip non existing resourceDirectory E:\Qk_practice_Project\FireSolution_Project\Project_Firesolution\src\main\resources
2025-04-21 18:30:25,016 [Worker-73: Building] INFO  o.a.m.s.f.DefaultMavenResourcesFiltering - skip non existing resourceDirectory E:\Qk_practice_Project\FireSolution_Project\Project_Firesolution\src\test\resources
2025-04-21 18:43:19,332 [Worker-68: Building] INFO  o.a.m.s.f.DefaultMavenResourcesFiltering - skip non existing resourceDirectory E:\Qk_practice_Project\FireSolution_Project\Project_Firesolution\src\main\resources
2025-04-21 18:43:19,355 [Worker-68: Building] INFO  o.a.m.s.f.DefaultMavenResourcesFiltering - skip non existing resourceDirectory E:\Qk_practice_Project\FireSolution_Project\Project_Firesolution\src\test\resources
2025-04-21 19:33:34,330 [Worker-79: Building] INFO  o.a.m.s.f.DefaultMavenResourcesFiltering - skip non existing resourceDirectory E:\Qk_practice_Project\FireSolution_Project\Project_Firesolution\src\main\resources
2025-04-21 19:33:34,353 [Worker-79: Building] INFO  o.a.m.s.f.DefaultMavenResourcesFiltering - skip non existing resourceDirectory E:\Qk_practice_Project\FireSolution_Project\Project_Firesolution\src\test\resources
2025-04-21 19:33:40,861 [Worker-83: Building] INFO  o.a.m.s.f.DefaultMavenResourcesFiltering - skip non existing resourceDirectory E:\Qk_practice_Project\FireSolution_Project\Project_Firesolution\src\main\resources
2025-04-21 19:33:40,868 [Worker-83: Building] INFO  o.a.m.s.f.DefaultMavenResourcesFiltering - skip non existing resourceDirectory E:\Qk_practice_Project\FireSolution_Project\Project_Firesolution\src\test\resources
2025-04-23 10:54:22,957 [Worker-1: Loading available Gradle versions] INFO  o.e.b.c.i.u.g.PublishedGradleVersions - Gradle version information cache is out-of-date. Trying to update.
2025-04-23 11:02:48,877 [Worker-24: Building] INFO  o.a.m.s.f.DefaultMavenResourcesFiltering - skip non existing resourceDirectory E:\Qk_practice_Project\FireSolution_Project\Project_Firesolution\src\main\resources
2025-04-23 11:02:48,891 [Worker-24: Building] INFO  o.a.m.s.f.DefaultMavenResourcesFiltering - skip non existing resourceDirectory E:\Qk_practice_Project\FireSolution_Project\Project_Firesolution\src\test\resources
2025-04-23 11:02:50,952 [Worker-25: Building] INFO  o.a.m.s.f.DefaultMavenResourcesFiltering - skip non existing resourceDirectory E:\Qk_practice_Project\FireSolution_Project\Project_Firesolution\src\main\resources
2025-04-23 11:02:50,957 [Worker-25: Building] INFO  o.a.m.s.f.DefaultMavenResourcesFiltering - skip non existing resourceDirectory E:\Qk_practice_Project\FireSolution_Project\Project_Firesolution\src\test\resources
2025-04-23 11:08:55,951 [Worker-27: Building] INFO  o.a.m.s.f.DefaultMavenResourcesFiltering - skip non existing resourceDirectory E:\Qk_practice_Project\FireSolution_Project\Project_Firesolution\src\main\resources
2025-04-23 11:08:55,957 [Worker-27: Building] INFO  o.a.m.s.f.DefaultMavenResourcesFiltering - skip non existing resourceDirectory E:\Qk_practice_Project\FireSolution_Project\Project_Firesolution\src\test\resources
2025-04-23 11:10:53,996 [Worker-29: Building] INFO  o.a.m.s.f.DefaultMavenResourcesFiltering - skip non existing resourceDirectory E:\Qk_practice_Project\FireSolution_Project\Project_Firesolution\src\main\resources
2025-04-23 11:10:54,002 [Worker-29: Building] INFO  o.a.m.s.f.DefaultMavenResourcesFiltering - skip non existing resourceDirectory E:\Qk_practice_Project\FireSolution_Project\Project_Firesolution\src\test\resources
2025-04-29 11:53:53,287 [Worker-1: Loading available Gradle versions] INFO  o.e.b.c.i.u.g.PublishedGradleVersions - Gradle version information cache is out-of-date. Trying to update.
2025-04-29 11:53:54,181 [Worker-1: Loading available Gradle versions] INFO  o.e.b.c.i.u.g.PublishedGradleVersions - Updating Gradle version information cache failed. Using outdated cache.
2025-04-29 11:53:57,566 [Worker-12: Building] INFO  o.a.m.s.f.DefaultMavenResourcesFiltering - skip non existing resourceDirectory E:\Qk_practice_Project\FireSolution_Project\Project_Firesolution\src\main\resources
2025-04-29 11:53:57,574 [Worker-12: Building] INFO  o.a.m.s.f.DefaultMavenResourcesFiltering - skip non existing resourceDirectory E:\Qk_practice_Project\FireSolution_Project\Project_Firesolution\src\test\resources
2025-04-29 13:05:05,918 [Worker-21: Building] INFO  o.a.m.s.f.DefaultMavenResourcesFiltering - skip non existing resourceDirectory E:\Qk_practice_Project\FireSolution_Project\Project_Firesolution\src\main\resources
2025-04-29 13:05:05,940 [Worker-21: Building] INFO  o.a.m.s.f.DefaultMavenResourcesFiltering - skip non existing resourceDirectory E:\Qk_practice_Project\FireSolution_Project\Project_Firesolution\src\test\resources
2025-04-29 13:29:38,931 [Worker-24: Building] INFO  o.a.m.s.f.DefaultMavenResourcesFiltering - skip non existing resourceDirectory E:\Qk_practice_Project\FireSolution_Project\Project_Firesolution\src\main\resources
2025-04-29 13:29:38,944 [Worker-24: Building] INFO  o.a.m.s.f.DefaultMavenResourcesFiltering - skip non existing resourceDirectory E:\Qk_practice_Project\FireSolution_Project\Project_Firesolution\src\test\resources
2025-04-29 13:49:02,468 [Worker-34: Building] INFO  o.a.m.s.f.DefaultMavenResourcesFiltering - skip non existing resourceDirectory E:\Qk_practice_Project\FireSolution_Project\Project_Firesolution\src\main\resources
2025-04-29 13:49:02,482 [Worker-34: Building] INFO  o.a.m.s.f.DefaultMavenResourcesFiltering - skip non existing resourceDirectory E:\Qk_practice_Project\FireSolution_Project\Project_Firesolution\src\test\resources
2025-04-29 16:46:46,796 [Worker-41: Building] INFO  o.a.m.s.f.DefaultMavenResourcesFiltering - skip non existing resourceDirectory E:\Qk_practice_Project\FireSolution_Project\Project_Firesolution\src\main\resources
2025-04-29 16:46:46,803 [Worker-41: Building] INFO  o.a.m.s.f.DefaultMavenResourcesFiltering - skip non existing resourceDirectory E:\Qk_practice_Project\FireSolution_Project\Project_Firesolution\src\test\resources
2025-05-03 14:46:22,239 [Worker-0: Loading available Gradle versions] INFO  o.e.b.c.i.u.g.PublishedGradleVersions - Gradle version information cache is out-of-date. Trying to update.
2025-05-15 10:44:44,435 [Worker-0: Loading available Gradle versions] INFO  o.e.b.c.i.u.g.PublishedGradleVersions - Gradle version information cache is out-of-date. Trying to update.
2025-05-15 11:03:58,261 [Worker-11: Building] INFO  o.a.m.s.f.DefaultMavenResourcesFiltering - skip non existing resourceDirectory E:\Qk_practice_Project\FireSolution_Project\Project_Firesolution\src\main\resources
2025-05-15 11:03:58,275 [Worker-11: Building] INFO  o.a.m.s.f.DefaultMavenResourcesFiltering - skip non existing resourceDirectory E:\Qk_practice_Project\FireSolution_Project\Project_Firesolution\src\test\resources
2025-05-15 11:05:13,930 [Worker-11: Launching hello] INFO  o.a.m.s.f.DefaultMavenResourcesFiltering - skip non existing resourceDirectory E:\Qk_practice_Project\FireSolution_Project\Project_Firesolution\src\main\resources
2025-05-15 11:05:13,937 [Worker-11: Launching hello] INFO  o.a.m.s.f.DefaultMavenResourcesFiltering - skip non existing resourceDirectory E:\Qk_practice_Project\FireSolution_Project\Project_Firesolution\src\test\resources
2025-05-15 11:05:50,028 [Worker-11: Building] INFO  o.a.m.s.f.DefaultMavenResourcesFiltering - skip non existing resourceDirectory E:\Qk_practice_Project\FireSolution_Project\Project_Firesolution\src\main\resources
2025-05-15 11:05:50,033 [Worker-11: Building] INFO  o.a.m.s.f.DefaultMavenResourcesFiltering - skip non existing resourceDirectory E:\Qk_practice_Project\FireSolution_Project\Project_Firesolution\src\test\resources
2025-05-22 07:35:31,653 [Worker-3: Loading available Gradle versions] INFO  o.e.b.c.i.u.g.PublishedGradleVersions - Gradle version information cache is out-of-date. Trying to update.
2025-05-26 13:10:18,196 [Worker-2: Loading available Gradle versions] INFO  o.e.b.c.i.u.g.PublishedGradleVersions - Gradle version information cache is out-of-date. Trying to update.
2025-05-28 23:12:22,735 [Worker-203: Building] INFO  o.a.m.s.f.DefaultMavenResourcesFiltering - skip non existing resourceDirectory E:\Qk_practice_Project\FireSolution_Project\Project_Firesolution\src\main\resources
2025-05-28 23:12:22,805 [Worker-203: Building] INFO  o.a.m.s.f.DefaultMavenResourcesFiltering - skip non existing resourceDirectory E:\Qk_practice_Project\FireSolution_Project\Project_Firesolution\src\test\resources
2025-06-09 12:28:44,056 [Worker-2: Loading available Gradle versions] INFO  o.e.b.c.i.u.g.PublishedGradleVersions - Gradle version information cache is out-of-date. Trying to update.
2025-06-09 16:22:28,043 [Worker-4: Loading available Gradle versions] INFO  o.e.b.c.i.u.g.PublishedGradleVersions - Gradle version information cache is up-to-date. Trying to read.
2025-06-11 17:39:47,829 [Worker-1: Loading available Gradle versions] INFO  o.e.b.c.i.u.g.PublishedGradleVersions - Gradle version information cache is out-of-date. Trying to update.
2025-06-11 17:45:10,168 [ModalContext] INFO  o.e.m.c.i.e.AbstractTransferListenerAdapter - Downloaded https://repo.maven.apache.org/maven2/TECHTIC_TASK/TECHTIC_TASK/TECHTIC_TASK/TECHTIC_TASK-TECHTIC_TASK.pom
2025-06-11 17:45:10,178 [ModalContext] ERROR o.e.m.c.u.i.w.MavenProjectWizardArchetypePage - Can't resolve Archetype TECHTIC_TASK:TECHTIC_TASK:TECHTIC_TASK
org.eclipse.core.runtime.CoreException: Could not resolve artifact TECHTIC_TASK:TECHTIC_TASK:pom:TECHTIC_TASK
	at org.eclipse.m2e.core.internal.embedder.MavenImpl.lambda$7(MavenImpl.java:540)
	at org.eclipse.m2e.core.internal.embedder.MavenExecutionContext.executeBare(MavenExecutionContext.java:458)
	at org.eclipse.m2e.core.internal.embedder.MavenExecutionContext.execute(MavenExecutionContext.java:339)
	at org.eclipse.m2e.core.internal.embedder.MavenExecutionContext.execute(MavenExecutionContext.java:278)
	at org.eclipse.m2e.core.internal.embedder.MavenImpl.resolve(MavenImpl.java:509)
	at org.eclipse.m2e.core.internal.embedder.MavenImpl.resolve(MavenImpl.java:494)
	at org.eclipse.m2e.core.ui.internal.wizards.MavenProjectWizardArchetypePage.lambda$18(MavenProjectWizardArchetypePage.java:726)
	at org.eclipse.jface.operation.ModalContext$ModalContextThread.run(ModalContext.java:124)
2025-06-11 17:54:37,728 [Worker-24: Launching Practiceclass] INFO  o.a.m.s.f.DefaultMavenResourcesFiltering - skip non existing resourceDirectory E:\Qk_practice_Project\FireSolution_Project\Project_Firesolution\src\main\resources
2025-06-11 17:54:37,733 [Worker-24: Launching Practiceclass] INFO  o.a.m.s.f.DefaultMavenResourcesFiltering - skip non existing resourceDirectory E:\Qk_practice_Project\FireSolution_Project\Project_Firesolution\src\test\resources
2025-06-11 17:54:50,645 [Worker-41: Building] INFO  o.a.m.s.f.DefaultMavenResourcesFiltering - skip non existing resourceDirectory E:\Qk_practice_Project\FireSolution_Project\Project_Firesolution\src\main\resources
2025-06-11 17:54:50,650 [Worker-41: Building] INFO  o.a.m.s.f.DefaultMavenResourcesFiltering - skip non existing resourceDirectory E:\Qk_practice_Project\FireSolution_Project\Project_Firesolution\src\test\resources
2025-06-11 17:55:40,071 [Worker-27: Building] INFO  o.a.m.s.f.DefaultMavenResourcesFiltering - skip non existing resourceDirectory E:\Qk_practice_Project\FireSolution_Project\Project_Firesolution\src\main\resources
2025-06-11 17:55:40,074 [Worker-27: Building] INFO  o.a.m.s.f.DefaultMavenResourcesFiltering - skip non existing resourceDirectory E:\Qk_practice_Project\FireSolution_Project\Project_Firesolution\src\test\resources
2025-06-11 17:56:25,930 [Worker-24: Building] INFO  o.a.m.s.f.DefaultMavenResourcesFiltering - skip non existing resourceDirectory E:\Qk_practice_Project\FireSolution_Project\Project_Firesolution\src\main\resources
2025-06-11 17:56:25,937 [Worker-24: Building] INFO  o.a.m.s.f.DefaultMavenResourcesFiltering - skip non existing resourceDirectory E:\Qk_practice_Project\FireSolution_Project\Project_Firesolution\src\test\resources
2025-06-11 18:13:28,991 [Worker-27: Launching Practiceclass] INFO  o.a.m.s.f.DefaultMavenResourcesFiltering - skip non existing resourceDirectory E:\Qk_practice_Project\FireSolution_Project\Project_Firesolution\src\main\resources
2025-06-11 18:13:28,998 [Worker-27: Launching Practiceclass] INFO  o.a.m.s.f.DefaultMavenResourcesFiltering - skip non existing resourceDirectory E:\Qk_practice_Project\FireSolution_Project\Project_Firesolution\src\test\resources
2025-06-11 18:30:53,561 [Worker-48: Building] INFO  o.a.m.s.f.DefaultMavenResourcesFiltering - skip non existing resourceDirectory E:\Qk_practice_Project\FireSolution_Project\Project_Firesolution\src\main\resources
2025-06-11 18:30:53,567 [Worker-48: Building] INFO  o.a.m.s.f.DefaultMavenResourcesFiltering - skip non existing resourceDirectory E:\Qk_practice_Project\FireSolution_Project\Project_Firesolution\src\test\resources
2025-06-11 18:40:01,840 [Worker-2: Loading available Gradle versions] INFO  o.e.b.c.i.u.g.PublishedGradleVersions - Gradle version information cache is up-to-date. Trying to read.
2025-06-11 18:40:22,865 [Worker-3: Building] INFO  o.a.m.s.f.DefaultMavenResourcesFiltering - skip non existing resourceDirectory E:\Qk_practice_Project\FireSolution_Project\Project_Firesolution\src\main\resources
2025-06-11 18:40:22,873 [Worker-3: Building] INFO  o.a.m.s.f.DefaultMavenResourcesFiltering - skip non existing resourceDirectory E:\Qk_practice_Project\FireSolution_Project\Project_Firesolution\src\test\resources
2025-06-11 22:08:19,288 [Worker-2: Loading available Gradle versions] INFO  o.e.b.c.i.u.g.PublishedGradleVersions - Gradle version information cache is up-to-date. Trying to read.
2025-06-11 22:08:26,662 [Worker-7: Building] INFO  o.a.m.s.f.DefaultMavenResourcesFiltering - skip non existing resourceDirectory E:\Qk_practice_Project\FireSolution_Project\Project_Firesolution\src\main\resources
2025-06-11 22:08:26,690 [Worker-7: Building] INFO  o.a.m.s.f.DefaultMavenResourcesFiltering - skip non existing resourceDirectory E:\Qk_practice_Project\FireSolution_Project\Project_Firesolution\src\test\resources
2025-06-12 18:30:26,451 [Worker-4: Loading available Gradle versions] INFO  o.e.b.c.i.u.g.PublishedGradleVersions - Gradle version information cache is out-of-date. Trying to update.
2025-06-12 18:30:44,434 [Worker-1: Building] INFO  o.e.m.c.i.e.AbstractTransferListenerAdapter - Downloading https://repo.maven.apache.org/maven2/org/junit/junit-bom/5.11.0/junit-bom-5.11.0.pom
2025-06-12 18:30:44,606 [Worker-1: Building] INFO  o.e.m.c.i.e.AbstractTransferListenerAdapter - Downloaded https://repo.maven.apache.org/maven2/org/junit/junit-bom/5.11.0/junit-bom-5.11.0.pom
2025-06-12 18:30:44,699 [Worker-1: Building] INFO  o.e.m.c.i.e.AbstractTransferListenerAdapter - Downloading https://repo.maven.apache.org/maven2/org/seleniumhq/selenium/selenium-java/4.25.0/selenium-java-4.25.0.pom
2025-06-12 18:30:44,903 [Worker-1: Building] INFO  o.e.m.c.i.e.AbstractTransferListenerAdapter - Downloaded https://repo.maven.apache.org/maven2/org/seleniumhq/selenium/selenium-java/4.25.0/selenium-java-4.25.0.pom
2025-06-12 18:30:45,012 [Worker-1: Building] INFO  o.e.m.c.i.e.AbstractTransferListenerAdapter - Downloading https://repo.maven.apache.org/maven2/org/seleniumhq/selenium/selenium-api/4.25.0/selenium-api-4.25.0.pom
2025-06-12 18:30:45,075 [Worker-1: Building] INFO  o.e.m.c.i.e.AbstractTransferListenerAdapter - Downloaded https://repo.maven.apache.org/maven2/org/seleniumhq/selenium/selenium-api/4.25.0/selenium-api-4.25.0.pom
2025-06-12 18:30:45,309 [Worker-1: Building] INFO  o.e.m.c.i.e.AbstractTransferListenerAdapter - Downloading https://repo.maven.apache.org/maven2/org/jspecify/jspecify/1.0.0/jspecify-1.0.0.pom
2025-06-12 18:30:45,418 [Worker-1: Building] INFO  o.e.m.c.i.e.AbstractTransferListenerAdapter - Downloaded https://repo.maven.apache.org/maven2/org/jspecify/jspecify/1.0.0/jspecify-1.0.0.pom
2025-06-12 18:30:45,450 [Worker-1: Building] INFO  o.e.m.c.i.e.AbstractTransferListenerAdapter - Downloading https://repo.maven.apache.org/maven2/org/seleniumhq/selenium/selenium-chrome-driver/4.25.0/selenium-chrome-driver-4.25.0.pom
2025-06-12 18:30:45,528 [Worker-1: Building] INFO  o.e.m.c.i.e.AbstractTransferListenerAdapter - Downloaded https://repo.maven.apache.org/maven2/org/seleniumhq/selenium/selenium-chrome-driver/4.25.0/selenium-chrome-driver-4.25.0.pom
2025-06-12 18:30:45,559 [Worker-1: Building] INFO  o.e.m.c.i.e.AbstractTransferListenerAdapter - Downloading https://repo.maven.apache.org/maven2/com/google/auto/service/auto-service-annotations/1.1.1/auto-service-annotations-1.1.1.pom
2025-06-12 18:30:45,856 [Worker-1: Building] INFO  o.e.m.c.i.e.AbstractTransferListenerAdapter - Downloaded https://repo.maven.apache.org/maven2/com/google/auto/service/auto-service-annotations/1.1.1/auto-service-annotations-1.1.1.pom
2025-06-12 18:30:45,887 [Worker-1: Building] INFO  o.e.m.c.i.e.AbstractTransferListenerAdapter - Downloading https://repo.maven.apache.org/maven2/com/google/auto/service/auto-service-aggregator/1.1.1/auto-service-aggregator-1.1.1.pom
2025-06-12 18:30:46,309 [Worker-1: Building] INFO  o.e.m.c.i.e.AbstractTransferListenerAdapter - Downloaded https://repo.maven.apache.org/maven2/com/google/auto/service/auto-service-aggregator/1.1.1/auto-service-aggregator-1.1.1.pom
2025-06-12 18:30:46,512 [Worker-1: Building] INFO  o.e.m.c.i.e.AbstractTransferListenerAdapter - Downloading https://repo.maven.apache.org/maven2/org/seleniumhq/selenium/selenium-chromium-driver/4.25.0/selenium-chromium-driver-4.25.0.pom
2025-06-12 18:30:46,591 [Worker-1: Building] INFO  o.e.m.c.i.e.AbstractTransferListenerAdapter - Downloaded https://repo.maven.apache.org/maven2/org/seleniumhq/selenium/selenium-chromium-driver/4.25.0/selenium-chromium-driver-4.25.0.pom
2025-06-12 18:30:46,653 [Worker-1: Building] INFO  o.e.m.c.i.e.AbstractTransferListenerAdapter - Downloading https://repo.maven.apache.org/maven2/org/seleniumhq/selenium/selenium-json/4.25.0/selenium-json-4.25.0.pom
2025-06-12 18:30:46,731 [Worker-1: Building] INFO  o.e.m.c.i.e.AbstractTransferListenerAdapter - Downloaded https://repo.maven.apache.org/maven2/org/seleniumhq/selenium/selenium-json/4.25.0/selenium-json-4.25.0.pom
2025-06-12 18:30:46,809 [Worker-1: Building] INFO  o.e.m.c.i.e.AbstractTransferListenerAdapter - Downloading https://repo.maven.apache.org/maven2/org/seleniumhq/selenium/selenium-remote-driver/4.25.0/selenium-remote-driver-4.25.0.pom
2025-06-12 18:30:46,872 [Worker-1: Building] INFO  o.e.m.c.i.e.AbstractTransferListenerAdapter - Downloaded https://repo.maven.apache.org/maven2/org/seleniumhq/selenium/selenium-remote-driver/4.25.0/selenium-remote-driver-4.25.0.pom
2025-06-12 18:30:46,919 [Worker-1: Building] INFO  o.e.m.c.i.e.AbstractTransferListenerAdapter - Downloading https://repo.maven.apache.org/maven2/com/google/guava/guava/33.3.0-jre/guava-33.3.0-jre.pom
2025-06-12 18:30:47,091 [Worker-1: Building] INFO  o.e.m.c.i.e.AbstractTransferListenerAdapter - Downloaded https://repo.maven.apache.org/maven2/com/google/guava/guava/33.3.0-jre/guava-33.3.0-jre.pom
2025-06-12 18:30:47,138 [Worker-1: Building] INFO  o.e.m.c.i.e.AbstractTransferListenerAdapter - Downloading https://repo.maven.apache.org/maven2/com/google/guava/guava-parent/33.3.0-jre/guava-parent-33.3.0-jre.pom
2025-06-12 18:30:47,278 [Worker-1: Building] INFO  o.e.m.c.i.e.AbstractTransferListenerAdapter - Downloaded https://repo.maven.apache.org/maven2/com/google/guava/guava-parent/33.3.0-jre/guava-parent-33.3.0-jre.pom
2025-06-12 18:30:47,325 [Worker-1: Building] INFO  o.e.m.c.i.e.AbstractTransferListenerAdapter - Downloading https://repo.maven.apache.org/maven2/com/google/guava/failureaccess/1.0.2/failureaccess-1.0.2.pom
2025-06-12 18:30:47,513 [Worker-1: Building] INFO  o.e.m.c.i.e.AbstractTransferListenerAdapter - Downloaded https://repo.maven.apache.org/maven2/com/google/guava/failureaccess/1.0.2/failureaccess-1.0.2.pom
2025-06-12 18:30:47,685 [Worker-1: Building] INFO  o.e.m.c.i.e.AbstractTransferListenerAdapter - Downloading https://repo.maven.apache.org/maven2/org/checkerframework/checker-qual/3.43.0/checker-qual-3.43.0.pom
2025-06-12 18:30:47,747 [Worker-1: Building] INFO  o.e.m.c.i.e.AbstractTransferListenerAdapter - Downloaded https://repo.maven.apache.org/maven2/org/checkerframework/checker-qual/3.43.0/checker-qual-3.43.0.pom
2025-06-12 18:30:47,841 [Worker-1: Building] INFO  o.e.m.c.i.e.AbstractTransferListenerAdapter - Downloading https://repo.maven.apache.org/maven2/com/google/errorprone/error_prone_annotations/2.28.0/error_prone_annotations-2.28.0.pom
2025-06-12 18:30:48,107 [Worker-1: Building] INFO  o.e.m.c.i.e.AbstractTransferListenerAdapter - Downloaded https://repo.maven.apache.org/maven2/com/google/errorprone/error_prone_annotations/2.28.0/error_prone_annotations-2.28.0.pom
2025-06-12 18:30:48,154 [Worker-1: Building] INFO  o.e.m.c.i.e.AbstractTransferListenerAdapter - Downloading https://repo.maven.apache.org/maven2/com/google/errorprone/error_prone_parent/2.28.0/error_prone_parent-2.28.0.pom
2025-06-12 18:30:48,247 [Worker-1: Building] INFO  o.e.m.c.i.e.AbstractTransferListenerAdapter - Downloaded https://repo.maven.apache.org/maven2/com/google/errorprone/error_prone_parent/2.28.0/error_prone_parent-2.28.0.pom
2025-06-12 18:30:48,294 [Worker-1: Building] INFO  o.e.m.c.i.e.AbstractTransferListenerAdapter - Downloading https://repo.maven.apache.org/maven2/com/google/j2objc/j2objc-annotations/3.0.0/j2objc-annotations-3.0.0.pom
2025-06-12 18:30:48,647 [Worker-1: Building] INFO  o.e.m.c.i.e.AbstractTransferListenerAdapter - Downloaded https://repo.maven.apache.org/maven2/com/google/j2objc/j2objc-annotations/3.0.0/j2objc-annotations-3.0.0.pom
2025-06-12 18:30:48,790 [Worker-1: Building] INFO  o.e.m.c.i.e.AbstractTransferListenerAdapter - Downloading https://repo.maven.apache.org/maven2/io/opentelemetry/semconv/opentelemetry-semconv/1.25.0-alpha/opentelemetry-semconv-1.25.0-alpha.pom
2025-06-12 18:30:48,866 [Worker-1: Building] INFO  o.e.m.c.i.e.AbstractTransferListenerAdapter - Downloaded https://repo.maven.apache.org/maven2/io/opentelemetry/semconv/opentelemetry-semconv/1.25.0-alpha/opentelemetry-semconv-1.25.0-alpha.pom
2025-06-12 18:30:48,911 [Worker-1: Building] INFO  o.e.m.c.i.e.AbstractTransferListenerAdapter - Downloading https://repo.maven.apache.org/maven2/io/opentelemetry/opentelemetry-api/1.42.1/opentelemetry-api-1.42.1.pom
2025-06-12 18:30:49,092 [Worker-1: Building] INFO  o.e.m.c.i.e.AbstractTransferListenerAdapter - Downloaded https://repo.maven.apache.org/maven2/io/opentelemetry/opentelemetry-api/1.42.1/opentelemetry-api-1.42.1.pom
2025-06-12 18:30:49,164 [Worker-1: Building] INFO  o.e.m.c.i.e.AbstractTransferListenerAdapter - Downloading https://repo.maven.apache.org/maven2/io/opentelemetry/opentelemetry-context/1.42.1/opentelemetry-context-1.42.1.pom
2025-06-12 18:30:49,234 [Worker-1: Building] INFO  o.e.m.c.i.e.AbstractTransferListenerAdapter - Downloaded https://repo.maven.apache.org/maven2/io/opentelemetry/opentelemetry-context/1.42.1/opentelemetry-context-1.42.1.pom
2025-06-12 18:30:49,296 [Worker-1: Building] INFO  o.e.m.c.i.e.AbstractTransferListenerAdapter - Downloading https://repo.maven.apache.org/maven2/io/opentelemetry/opentelemetry-exporter-logging/1.42.1/opentelemetry-exporter-logging-1.42.1.pom
2025-06-12 18:30:49,361 [Worker-1: Building] INFO  o.e.m.c.i.e.AbstractTransferListenerAdapter - Downloaded https://repo.maven.apache.org/maven2/io/opentelemetry/opentelemetry-exporter-logging/1.42.1/opentelemetry-exporter-logging-1.42.1.pom
2025-06-12 18:30:49,496 [Worker-1: Building] INFO  o.e.m.c.i.e.AbstractTransferListenerAdapter - Downloading https://repo.maven.apache.org/maven2/io/opentelemetry/opentelemetry-sdk/1.42.1/opentelemetry-sdk-1.42.1.pom
2025-06-12 18:30:49,693 [Worker-1: Building] INFO  o.e.m.c.i.e.AbstractTransferListenerAdapter - Downloaded https://repo.maven.apache.org/maven2/io/opentelemetry/opentelemetry-sdk/1.42.1/opentelemetry-sdk-1.42.1.pom
2025-06-12 18:30:49,963 [Worker-1: Building] INFO  o.e.m.c.i.e.AbstractTransferListenerAdapter - Downloading https://repo.maven.apache.org/maven2/io/opentelemetry/opentelemetry-sdk-common/1.42.1/opentelemetry-sdk-common-1.42.1.pom
2025-06-12 18:30:50,056 [Worker-1: Building] INFO  o.e.m.c.i.e.AbstractTransferListenerAdapter - Downloaded https://repo.maven.apache.org/maven2/io/opentelemetry/opentelemetry-sdk-common/1.42.1/opentelemetry-sdk-common-1.42.1.pom
2025-06-12 18:30:50,149 [Worker-1: Building] INFO  o.e.m.c.i.e.AbstractTransferListenerAdapter - Downloading https://repo.maven.apache.org/maven2/io/opentelemetry/opentelemetry-sdk-trace/1.42.1/opentelemetry-sdk-trace-1.42.1.pom
2025-06-12 18:30:50,215 [Worker-1: Building] INFO  o.e.m.c.i.e.AbstractTransferListenerAdapter - Downloaded https://repo.maven.apache.org/maven2/io/opentelemetry/opentelemetry-sdk-trace/1.42.1/opentelemetry-sdk-trace-1.42.1.pom
2025-06-12 18:30:50,257 [Worker-1: Building] INFO  o.e.m.c.i.e.AbstractTransferListenerAdapter - Downloading https://repo.maven.apache.org/maven2/io/opentelemetry/opentelemetry-api-incubator/1.42.1-alpha/opentelemetry-api-incubator-1.42.1-alpha.pom
2025-06-12 18:30:50,321 [Worker-1: Building] INFO  o.e.m.c.i.e.AbstractTransferListenerAdapter - Downloaded https://repo.maven.apache.org/maven2/io/opentelemetry/opentelemetry-api-incubator/1.42.1-alpha/opentelemetry-api-incubator-1.42.1-alpha.pom
2025-06-12 18:30:50,448 [Worker-1: Building] INFO  o.e.m.c.i.e.AbstractTransferListenerAdapter - Downloading https://repo.maven.apache.org/maven2/io/opentelemetry/opentelemetry-sdk-metrics/1.42.1/opentelemetry-sdk-metrics-1.42.1.pom
2025-06-12 18:30:50,512 [Worker-1: Building] INFO  o.e.m.c.i.e.AbstractTransferListenerAdapter - Downloaded https://repo.maven.apache.org/maven2/io/opentelemetry/opentelemetry-sdk-metrics/1.42.1/opentelemetry-sdk-metrics-1.42.1.pom
2025-06-12 18:30:50,570 [Worker-1: Building] INFO  o.e.m.c.i.e.AbstractTransferListenerAdapter - Downloading https://repo.maven.apache.org/maven2/io/opentelemetry/opentelemetry-sdk-logs/1.42.1/opentelemetry-sdk-logs-1.42.1.pom
2025-06-12 18:30:50,695 [Worker-1: Building] INFO  o.e.m.c.i.e.AbstractTransferListenerAdapter - Downloaded https://repo.maven.apache.org/maven2/io/opentelemetry/opentelemetry-sdk-logs/1.42.1/opentelemetry-sdk-logs-1.42.1.pom
2025-06-12 18:30:50,835 [Worker-1: Building] INFO  o.e.m.c.i.e.AbstractTransferListenerAdapter - Downloading https://repo.maven.apache.org/maven2/io/opentelemetry/opentelemetry-sdk-extension-autoconfigure-spi/1.42.1/opentelemetry-sdk-extension-autoconfigure-spi-1.42.1.pom
2025-06-12 18:30:50,930 [Worker-1: Building] INFO  o.e.m.c.i.e.AbstractTransferListenerAdapter - Downloaded https://repo.maven.apache.org/maven2/io/opentelemetry/opentelemetry-sdk-extension-autoconfigure-spi/1.42.1/opentelemetry-sdk-extension-autoconfigure-spi-1.42.1.pom
2025-06-12 18:30:50,989 [Worker-1: Building] INFO  o.e.m.c.i.e.AbstractTransferListenerAdapter - Downloading https://repo.maven.apache.org/maven2/io/opentelemetry/opentelemetry-sdk-extension-autoconfigure/1.42.1/opentelemetry-sdk-extension-autoconfigure-1.42.1.pom
2025-06-12 18:30:51,069 [Worker-1: Building] INFO  o.e.m.c.i.e.AbstractTransferListenerAdapter - Downloaded https://repo.maven.apache.org/maven2/io/opentelemetry/opentelemetry-sdk-extension-autoconfigure/1.42.1/opentelemetry-sdk-extension-autoconfigure-1.42.1.pom
2025-06-12 18:30:51,220 [Worker-1: Building] INFO  o.e.m.c.i.e.AbstractTransferListenerAdapter - Downloading https://repo.maven.apache.org/maven2/net/bytebuddy/byte-buddy/1.15.1/byte-buddy-1.15.1.pom
2025-06-12 18:30:51,398 [Worker-1: Building] INFO  o.e.m.c.i.e.AbstractTransferListenerAdapter - Downloaded https://repo.maven.apache.org/maven2/net/bytebuddy/byte-buddy/1.15.1/byte-buddy-1.15.1.pom
2025-06-12 18:30:51,513 [Worker-1: Building] INFO  o.e.m.c.i.e.AbstractTransferListenerAdapter - Downloading https://repo.maven.apache.org/maven2/net/bytebuddy/byte-buddy-parent/1.15.1/byte-buddy-parent-1.15.1.pom
2025-06-12 18:30:51,632 [Worker-1: Building] INFO  o.e.m.c.i.e.AbstractTransferListenerAdapter - Downloaded https://repo.maven.apache.org/maven2/net/bytebuddy/byte-buddy-parent/1.15.1/byte-buddy-parent-1.15.1.pom
2025-06-12 18:30:51,732 [Worker-1: Building] INFO  o.e.m.c.i.e.AbstractTransferListenerAdapter - Downloading https://repo.maven.apache.org/maven2/org/seleniumhq/selenium/selenium-http/4.25.0/selenium-http-4.25.0.pom
2025-06-12 18:30:52,871 [Worker-1: Building] INFO  o.e.m.c.i.e.AbstractTransferListenerAdapter - Downloaded https://repo.maven.apache.org/maven2/org/seleniumhq/selenium/selenium-http/4.25.0/selenium-http-4.25.0.pom
2025-06-12 18:30:53,634 [Worker-1: Building] INFO  o.e.m.c.i.e.AbstractTransferListenerAdapter - Downloading https://repo.maven.apache.org/maven2/dev/failsafe/failsafe/3.3.2/failsafe-3.3.2.pom
2025-06-12 18:30:54,046 [Worker-1: Building] INFO  o.e.m.c.i.e.AbstractTransferListenerAdapter - Downloaded https://repo.maven.apache.org/maven2/dev/failsafe/failsafe/3.3.2/failsafe-3.3.2.pom
2025-06-12 18:30:54,476 [Worker-1: Building] INFO  o.e.m.c.i.e.AbstractTransferListenerAdapter - Downloading https://repo.maven.apache.org/maven2/dev/failsafe/failsafe-parent/3.3.2/failsafe-parent-3.3.2.pom
2025-06-12 18:30:54,861 [Worker-1: Building] INFO  o.e.m.c.i.e.AbstractTransferListenerAdapter - Downloaded https://repo.maven.apache.org/maven2/dev/failsafe/failsafe-parent/3.3.2/failsafe-parent-3.3.2.pom
2025-06-12 18:30:55,183 [Worker-1: Building] INFO  o.e.m.c.i.e.AbstractTransferListenerAdapter - Downloading https://repo.maven.apache.org/maven2/org/seleniumhq/selenium/selenium-manager/4.25.0/selenium-manager-4.25.0.pom
2025-06-12 18:30:55,320 [Worker-1: Building] INFO  o.e.m.c.i.e.AbstractTransferListenerAdapter - Downloaded https://repo.maven.apache.org/maven2/org/seleniumhq/selenium/selenium-manager/4.25.0/selenium-manager-4.25.0.pom
2025-06-12 18:30:55,363 [Worker-1: Building] INFO  o.e.m.c.i.e.AbstractTransferListenerAdapter - Downloading https://repo.maven.apache.org/maven2/org/seleniumhq/selenium/selenium-os/4.25.0/selenium-os-4.25.0.pom
2025-06-12 18:30:55,479 [Worker-1: Building] INFO  o.e.m.c.i.e.AbstractTransferListenerAdapter - Downloaded https://repo.maven.apache.org/maven2/org/seleniumhq/selenium/selenium-os/4.25.0/selenium-os-4.25.0.pom
2025-06-12 18:30:55,572 [Worker-1: Building] INFO  o.e.m.c.i.e.AbstractTransferListenerAdapter - Downloading https://repo.maven.apache.org/maven2/org/apache/commons/commons-exec/1.4.0/commons-exec-1.4.0.pom
2025-06-12 18:30:55,819 [Worker-1: Building] INFO  o.e.m.c.i.e.AbstractTransferListenerAdapter - Downloaded https://repo.maven.apache.org/maven2/org/apache/commons/commons-exec/1.4.0/commons-exec-1.4.0.pom
2025-06-12 18:30:55,893 [Worker-1: Building] INFO  o.e.m.c.i.e.AbstractTransferListenerAdapter - Downloading https://repo.maven.apache.org/maven2/org/apache/commons/commons-parent/65/commons-parent-65.pom
2025-06-12 18:30:56,168 [Worker-1: Building] INFO  o.e.m.c.i.e.AbstractTransferListenerAdapter - Downloaded https://repo.maven.apache.org/maven2/org/apache/commons/commons-parent/65/commons-parent-65.pom
2025-06-12 18:30:56,244 [Worker-1: Building] INFO  o.e.m.c.i.e.AbstractTransferListenerAdapter - Downloading https://repo.maven.apache.org/maven2/org/apache/apache/31/apache-31.pom
2025-06-12 18:30:56,494 [Worker-1: Building] INFO  o.e.m.c.i.e.AbstractTransferListenerAdapter - Downloaded https://repo.maven.apache.org/maven2/org/apache/apache/31/apache-31.pom
2025-06-12 18:30:56,559 [Worker-1: Building] INFO  o.e.m.c.i.e.AbstractTransferListenerAdapter - Downloading https://repo.maven.apache.org/maven2/org/junit/junit-bom/5.10.1/junit-bom-5.10.1.pom
2025-06-12 18:30:56,650 [Worker-1: Building] INFO  o.e.m.c.i.e.AbstractTransferListenerAdapter - Downloaded https://repo.maven.apache.org/maven2/org/junit/junit-bom/5.10.1/junit-bom-5.10.1.pom
2025-06-12 18:30:56,700 [Worker-1: Building] INFO  o.e.m.c.i.e.AbstractTransferListenerAdapter - Downloading https://repo.maven.apache.org/maven2/org/seleniumhq/selenium/selenium-devtools-v127/4.25.0/selenium-devtools-v127-4.25.0.pom
2025-06-12 18:30:56,787 [Worker-1: Building] INFO  o.e.m.c.i.e.AbstractTransferListenerAdapter - Downloaded https://repo.maven.apache.org/maven2/org/seleniumhq/selenium/selenium-devtools-v127/4.25.0/selenium-devtools-v127-4.25.0.pom
2025-06-12 18:30:56,839 [Worker-1: Building] INFO  o.e.m.c.i.e.AbstractTransferListenerAdapter - Downloading https://repo.maven.apache.org/maven2/org/seleniumhq/selenium/selenium-devtools-v128/4.25.0/selenium-devtools-v128-4.25.0.pom
2025-06-12 18:30:57,239 [Worker-1: Building] INFO  o.e.m.c.i.e.AbstractTransferListenerAdapter - Downloaded https://repo.maven.apache.org/maven2/org/seleniumhq/selenium/selenium-devtools-v128/4.25.0/selenium-devtools-v128-4.25.0.pom
2025-06-12 18:30:57,292 [Worker-1: Building] INFO  o.e.m.c.i.e.AbstractTransferListenerAdapter - Downloading https://repo.maven.apache.org/maven2/org/seleniumhq/selenium/selenium-devtools-v129/4.25.0/selenium-devtools-v129-4.25.0.pom
2025-06-12 18:30:57,374 [Worker-1: Building] INFO  o.e.m.c.i.e.AbstractTransferListenerAdapter - Downloaded https://repo.maven.apache.org/maven2/org/seleniumhq/selenium/selenium-devtools-v129/4.25.0/selenium-devtools-v129-4.25.0.pom
2025-06-12 18:30:57,455 [Worker-1: Building] INFO  o.e.m.c.i.e.AbstractTransferListenerAdapter - Downloading https://repo.maven.apache.org/maven2/org/seleniumhq/selenium/selenium-devtools-v85/4.25.0/selenium-devtools-v85-4.25.0.pom
2025-06-12 18:30:59,411 [Worker-1: Building] INFO  o.e.m.c.i.e.AbstractTransferListenerAdapter - Downloaded https://repo.maven.apache.org/maven2/org/seleniumhq/selenium/selenium-devtools-v85/4.25.0/selenium-devtools-v85-4.25.0.pom
2025-06-12 18:30:59,469 [Worker-1: Building] INFO  o.e.m.c.i.e.AbstractTransferListenerAdapter - Downloading https://repo.maven.apache.org/maven2/org/seleniumhq/selenium/selenium-edge-driver/4.25.0/selenium-edge-driver-4.25.0.pom
2025-06-12 18:30:59,541 [Worker-1: Building] INFO  o.e.m.c.i.e.AbstractTransferListenerAdapter - Downloaded https://repo.maven.apache.org/maven2/org/seleniumhq/selenium/selenium-edge-driver/4.25.0/selenium-edge-driver-4.25.0.pom
2025-06-12 18:30:59,603 [Worker-1: Building] INFO  o.e.m.c.i.e.AbstractTransferListenerAdapter - Downloading https://repo.maven.apache.org/maven2/org/seleniumhq/selenium/selenium-firefox-driver/4.25.0/selenium-firefox-driver-4.25.0.pom
2025-06-12 18:30:59,685 [Worker-1: Building] INFO  o.e.m.c.i.e.AbstractTransferListenerAdapter - Downloaded https://repo.maven.apache.org/maven2/org/seleniumhq/selenium/selenium-firefox-driver/4.25.0/selenium-firefox-driver-4.25.0.pom
2025-06-12 18:30:59,760 [Worker-1: Building] INFO  o.e.m.c.i.e.AbstractTransferListenerAdapter - Downloading https://repo.maven.apache.org/maven2/org/seleniumhq/selenium/selenium-ie-driver/4.25.0/selenium-ie-driver-4.25.0.pom
2025-06-12 18:30:59,849 [Worker-1: Building] INFO  o.e.m.c.i.e.AbstractTransferListenerAdapter - Downloaded https://repo.maven.apache.org/maven2/org/seleniumhq/selenium/selenium-ie-driver/4.25.0/selenium-ie-driver-4.25.0.pom
2025-06-12 18:30:59,903 [Worker-1: Building] INFO  o.e.m.c.i.e.AbstractTransferListenerAdapter - Downloading https://repo.maven.apache.org/maven2/org/seleniumhq/selenium/selenium-safari-driver/4.25.0/selenium-safari-driver-4.25.0.pom
2025-06-12 18:30:59,992 [Worker-1: Building] INFO  o.e.m.c.i.e.AbstractTransferListenerAdapter - Downloaded https://repo.maven.apache.org/maven2/org/seleniumhq/selenium/selenium-safari-driver/4.25.0/selenium-safari-driver-4.25.0.pom
2025-06-12 18:31:00,139 [Worker-1: Building] INFO  o.e.m.c.i.e.AbstractTransferListenerAdapter - Downloading https://repo.maven.apache.org/maven2/org/seleniumhq/selenium/selenium-support/4.25.0/selenium-support-4.25.0.pom
2025-06-12 18:31:00,234 [Worker-1: Building] INFO  o.e.m.c.i.e.AbstractTransferListenerAdapter - Downloaded https://repo.maven.apache.org/maven2/org/seleniumhq/selenium/selenium-support/4.25.0/selenium-support-4.25.0.pom
2025-06-12 18:31:00,434 [Worker-1: Building] INFO  o.e.m.c.i.e.AbstractTransferListenerAdapter - Downloading https://repo.maven.apache.org/maven2/org/testng/testng/7.9.0/testng-7.9.0.pom
2025-06-12 18:31:00,520 [Worker-1: Building] INFO  o.e.m.c.i.e.AbstractTransferListenerAdapter - Downloaded https://repo.maven.apache.org/maven2/org/testng/testng/7.9.0/testng-7.9.0.pom
2025-06-12 18:31:01,889 [Worker-1: Building] INFO  o.e.m.c.i.e.AbstractTransferListenerAdapter - Downloading https://repo.maven.apache.org/maven2/org/webjars/jquery/3.7.1/jquery-3.7.1.pom
2025-06-12 18:31:01,992 [Worker-1: Building] INFO  o.e.m.c.i.e.AbstractTransferListenerAdapter - Downloaded https://repo.maven.apache.org/maven2/org/webjars/jquery/3.7.1/jquery-3.7.1.pom
2025-06-12 18:31:02,535 [Worker-1: Building] INFO  o.e.m.c.i.e.AbstractTransferListenerAdapter - Downloading https://repo.maven.apache.org/maven2/org/slf4j/slf4j-simple/1.7.21/slf4j-simple-1.7.21.pom
2025-06-12 18:31:02,631 [Worker-1: Building] INFO  o.e.m.c.i.e.AbstractTransferListenerAdapter - Downloaded https://repo.maven.apache.org/maven2/org/slf4j/slf4j-simple/1.7.21/slf4j-simple-1.7.21.pom
2025-06-12 18:31:02,675 [Worker-1: Building] INFO  o.e.m.c.i.e.AbstractTransferListenerAdapter - Downloading https://repo.maven.apache.org/maven2/org/slf4j/slf4j-parent/1.7.21/slf4j-parent-1.7.21.pom
2025-06-12 18:31:02,746 [Worker-1: Building] INFO  o.e.m.c.i.e.AbstractTransferListenerAdapter - Downloaded https://repo.maven.apache.org/maven2/org/slf4j/slf4j-parent/1.7.21/slf4j-parent-1.7.21.pom
2025-06-12 18:31:02,791 [Worker-1: Building] INFO  o.e.m.c.i.e.AbstractTransferListenerAdapter - Downloading https://repo.maven.apache.org/maven2/org/slf4j/slf4j-api/1.7.21/slf4j-api-1.7.21.pom
2025-06-12 18:31:02,934 [Worker-1: Building] INFO  o.e.m.c.i.e.AbstractTransferListenerAdapter - Downloaded https://repo.maven.apache.org/maven2/org/slf4j/slf4j-api/1.7.21/slf4j-api-1.7.21.pom
2025-06-12 18:31:13,916 [AetherRepositoryConnector-repo.maven.apache.org-0-2] INFO  o.e.m.c.i.e.AbstractTransferListenerAdapter - Downloading https://repo.maven.apache.org/maven2/org/jspecify/jspecify/1.0.0/jspecify-1.0.0.jar
2025-06-12 18:31:13,946 [AetherRepositoryConnector-repo.maven.apache.org-0-4] INFO  o.e.m.c.i.e.AbstractTransferListenerAdapter - Downloading https://repo.maven.apache.org/maven2/com/google/auto/service/auto-service-annotations/1.1.1/auto-service-annotations-1.1.1.jar
2025-06-12 18:31:13,946 [AetherRepositoryConnector-repo.maven.apache.org-0-0] INFO  o.e.m.c.i.e.AbstractTransferListenerAdapter - Downloading https://repo.maven.apache.org/maven2/org/seleniumhq/selenium/selenium-java/4.25.0/selenium-java-4.25.0.jar
2025-06-12 18:31:13,948 [AetherRepositoryConnector-repo.maven.apache.org-0-3] INFO  o.e.m.c.i.e.AbstractTransferListenerAdapter - Downloading https://repo.maven.apache.org/maven2/org/seleniumhq/selenium/selenium-chrome-driver/4.25.0/selenium-chrome-driver-4.25.0.jar
2025-06-12 18:31:13,963 [AetherRepositoryConnector-repo.maven.apache.org-0-1] INFO  o.e.m.c.i.e.AbstractTransferListenerAdapter - Downloading https://repo.maven.apache.org/maven2/org/seleniumhq/selenium/selenium-api/4.25.0/selenium-api-4.25.0.jar
2025-06-12 18:31:14,433 [AetherRepositoryConnector-repo.maven.apache.org-0-0] INFO  o.e.m.c.i.e.AbstractTransferListenerAdapter - Downloaded https://repo.maven.apache.org/maven2/org/seleniumhq/selenium/selenium-java/4.25.0/selenium-java-4.25.0.jar
2025-06-12 18:31:14,472 [AetherRepositoryConnector-repo.maven.apache.org-0-1] INFO  o.e.m.c.i.e.AbstractTransferListenerAdapter - Downloaded https://repo.maven.apache.org/maven2/org/seleniumhq/selenium/selenium-api/4.25.0/selenium-api-4.25.0.jar
2025-06-12 18:31:14,479 [AetherRepositoryConnector-repo.maven.apache.org-0-0] INFO  o.e.m.c.i.e.AbstractTransferListenerAdapter - Downloading https://repo.maven.apache.org/maven2/org/seleniumhq/selenium/selenium-chromium-driver/4.25.0/selenium-chromium-driver-4.25.0.jar
2025-06-12 18:31:14,509 [AetherRepositoryConnector-repo.maven.apache.org-0-1] INFO  o.e.m.c.i.e.AbstractTransferListenerAdapter - Downloading https://repo.maven.apache.org/maven2/org/seleniumhq/selenium/selenium-json/4.25.0/selenium-json-4.25.0.jar
2025-06-12 18:31:14,683 [AetherRepositoryConnector-repo.maven.apache.org-0-4] INFO  o.e.m.c.i.e.AbstractTransferListenerAdapter - Downloaded https://repo.maven.apache.org/maven2/com/google/auto/service/auto-service-annotations/1.1.1/auto-service-annotations-1.1.1.jar
2025-06-12 18:31:14,698 [AetherRepositoryConnector-repo.maven.apache.org-0-1] INFO  o.e.m.c.i.e.AbstractTransferListenerAdapter - Downloaded https://repo.maven.apache.org/maven2/org/seleniumhq/selenium/selenium-json/4.25.0/selenium-json-4.25.0.jar
2025-06-12 18:31:14,716 [AetherRepositoryConnector-repo.maven.apache.org-0-4] INFO  o.e.m.c.i.e.AbstractTransferListenerAdapter - Downloading https://repo.maven.apache.org/maven2/org/seleniumhq/selenium/selenium-manager/4.25.0/selenium-manager-4.25.0.jar
2025-06-12 18:31:15,298 [AetherRepositoryConnector-repo.maven.apache.org-0-2] INFO  o.e.m.c.i.e.AbstractTransferListenerAdapter - Downloaded https://repo.maven.apache.org/maven2/org/jspecify/jspecify/1.0.0/jspecify-1.0.0.jar
2025-06-12 18:31:15,307 [AetherRepositoryConnector-repo.maven.apache.org-0-1] INFO  o.e.m.c.i.e.AbstractTransferListenerAdapter - Downloading https://repo.maven.apache.org/maven2/org/seleniumhq/selenium/selenium-devtools-v127/4.25.0/selenium-devtools-v127-4.25.0.jar
2025-06-12 18:31:15,924 [AetherRepositoryConnector-repo.maven.apache.org-0-2] INFO  o.e.m.c.i.e.AbstractTransferListenerAdapter - Downloading https://repo.maven.apache.org/maven2/org/seleniumhq/selenium/selenium-devtools-v128/4.25.0/selenium-devtools-v128-4.25.0.jar
2025-06-12 18:31:16,950 [AetherRepositoryConnector-repo.maven.apache.org-0-3] INFO  o.e.m.c.i.e.AbstractTransferListenerAdapter - Downloaded https://repo.maven.apache.org/maven2/org/seleniumhq/selenium/selenium-chrome-driver/4.25.0/selenium-chrome-driver-4.25.0.jar
2025-06-12 18:31:17,786 [AetherRepositoryConnector-repo.maven.apache.org-0-3] INFO  o.e.m.c.i.e.AbstractTransferListenerAdapter - Downloading https://repo.maven.apache.org/maven2/org/seleniumhq/selenium/selenium-devtools-v129/4.25.0/selenium-devtools-v129-4.25.0.jar
2025-06-12 18:31:18,624 [AetherRepositoryConnector-repo.maven.apache.org-0-2] INFO  o.e.m.c.i.e.AbstractTransferListenerAdapter - Downloaded https://repo.maven.apache.org/maven2/org/seleniumhq/selenium/selenium-devtools-v128/4.25.0/selenium-devtools-v128-4.25.0.jar
2025-06-12 18:31:18,670 [AetherRepositoryConnector-repo.maven.apache.org-0-1] INFO  o.e.m.c.i.e.AbstractTransferListenerAdapter - Downloaded https://repo.maven.apache.org/maven2/org/seleniumhq/selenium/selenium-devtools-v127/4.25.0/selenium-devtools-v127-4.25.0.jar
2025-06-12 18:31:18,855 [AetherRepositoryConnector-repo.maven.apache.org-0-0] INFO  o.e.m.c.i.e.AbstractTransferListenerAdapter - Downloaded https://repo.maven.apache.org/maven2/org/seleniumhq/selenium/selenium-chromium-driver/4.25.0/selenium-chromium-driver-4.25.0.jar
2025-06-12 18:31:19,167 [AetherRepositoryConnector-repo.maven.apache.org-0-2] INFO  o.e.m.c.i.e.AbstractTransferListenerAdapter - Downloading https://repo.maven.apache.org/maven2/org/seleniumhq/selenium/selenium-devtools-v85/4.25.0/selenium-devtools-v85-4.25.0.jar
2025-06-12 18:31:19,229 [AetherRepositoryConnector-repo.maven.apache.org-0-1] INFO  o.e.m.c.i.e.AbstractTransferListenerAdapter - Downloading https://repo.maven.apache.org/maven2/org/seleniumhq/selenium/selenium-edge-driver/4.25.0/selenium-edge-driver-4.25.0.jar
2025-06-12 18:31:19,435 [AetherRepositoryConnector-repo.maven.apache.org-0-0] INFO  o.e.m.c.i.e.AbstractTransferListenerAdapter - Downloading https://repo.maven.apache.org/maven2/org/seleniumhq/selenium/selenium-firefox-driver/4.25.0/selenium-firefox-driver-4.25.0.jar
2025-06-12 18:31:20,106 [AetherRepositoryConnector-repo.maven.apache.org-0-3] INFO  o.e.m.c.i.e.AbstractTransferListenerAdapter - Downloaded https://repo.maven.apache.org/maven2/org/seleniumhq/selenium/selenium-devtools-v129/4.25.0/selenium-devtools-v129-4.25.0.jar
2025-06-12 18:31:20,320 [AetherRepositoryConnector-repo.maven.apache.org-0-0] INFO  o.e.m.c.i.e.AbstractTransferListenerAdapter - Downloaded https://repo.maven.apache.org/maven2/org/seleniumhq/selenium/selenium-firefox-driver/4.25.0/selenium-firefox-driver-4.25.0.jar
2025-06-12 18:31:20,441 [AetherRepositoryConnector-repo.maven.apache.org-0-1] INFO  o.e.m.c.i.e.AbstractTransferListenerAdapter - Downloaded https://repo.maven.apache.org/maven2/org/seleniumhq/selenium/selenium-edge-driver/4.25.0/selenium-edge-driver-4.25.0.jar
2025-06-12 18:31:20,721 [AetherRepositoryConnector-repo.maven.apache.org-0-3] INFO  o.e.m.c.i.e.AbstractTransferListenerAdapter - Downloading https://repo.maven.apache.org/maven2/org/seleniumhq/selenium/selenium-http/4.25.0/selenium-http-4.25.0.jar
2025-06-12 18:31:20,784 [AetherRepositoryConnector-repo.maven.apache.org-0-0] INFO  o.e.m.c.i.e.AbstractTransferListenerAdapter - Downloading https://repo.maven.apache.org/maven2/dev/failsafe/failsafe/3.3.2/failsafe-3.3.2.jar
2025-06-12 18:31:20,847 [AetherRepositoryConnector-repo.maven.apache.org-0-1] INFO  o.e.m.c.i.e.AbstractTransferListenerAdapter - Downloading https://repo.maven.apache.org/maven2/org/seleniumhq/selenium/selenium-ie-driver/4.25.0/selenium-ie-driver-4.25.0.jar
2025-06-12 18:31:20,852 [AetherRepositoryConnector-repo.maven.apache.org-0-2] INFO  o.e.m.c.i.e.AbstractTransferListenerAdapter - Downloaded https://repo.maven.apache.org/maven2/org/seleniumhq/selenium/selenium-devtools-v85/4.25.0/selenium-devtools-v85-4.25.0.jar
2025-06-12 18:31:20,887 [AetherRepositoryConnector-repo.maven.apache.org-0-2] INFO  o.e.m.c.i.e.AbstractTransferListenerAdapter - Downloading https://repo.maven.apache.org/maven2/org/seleniumhq/selenium/selenium-remote-driver/4.25.0/selenium-remote-driver-4.25.0.jar
2025-06-12 18:31:21,161 [AetherRepositoryConnector-repo.maven.apache.org-0-3] INFO  o.e.m.c.i.e.AbstractTransferListenerAdapter - Downloaded https://repo.maven.apache.org/maven2/org/seleniumhq/selenium/selenium-http/4.25.0/selenium-http-4.25.0.jar
2025-06-12 18:31:21,202 [AetherRepositoryConnector-repo.maven.apache.org-0-3] INFO  o.e.m.c.i.e.AbstractTransferListenerAdapter - Downloading https://repo.maven.apache.org/maven2/com/google/guava/guava/33.3.0-jre/guava-33.3.0-jre.jar
2025-06-12 18:31:21,802 [AetherRepositoryConnector-repo.maven.apache.org-0-0] INFO  o.e.m.c.i.e.AbstractTransferListenerAdapter - Downloaded https://repo.maven.apache.org/maven2/dev/failsafe/failsafe/3.3.2/failsafe-3.3.2.jar
2025-06-12 18:31:21,860 [AetherRepositoryConnector-repo.maven.apache.org-0-2] INFO  o.e.m.c.i.e.AbstractTransferListenerAdapter - Downloaded https://repo.maven.apache.org/maven2/org/seleniumhq/selenium/selenium-remote-driver/4.25.0/selenium-remote-driver-4.25.0.jar
2025-06-12 18:31:22,283 [AetherRepositoryConnector-repo.maven.apache.org-0-1] INFO  o.e.m.c.i.e.AbstractTransferListenerAdapter - Downloaded https://repo.maven.apache.org/maven2/org/seleniumhq/selenium/selenium-ie-driver/4.25.0/selenium-ie-driver-4.25.0.jar
2025-06-12 18:31:22,323 [AetherRepositoryConnector-repo.maven.apache.org-0-0] INFO  o.e.m.c.i.e.AbstractTransferListenerAdapter - Downloading https://repo.maven.apache.org/maven2/com/google/guava/failureaccess/1.0.2/failureaccess-1.0.2.jar
2025-06-12 18:31:22,356 [AetherRepositoryConnector-repo.maven.apache.org-0-2] INFO  o.e.m.c.i.e.AbstractTransferListenerAdapter - Downloading https://repo.maven.apache.org/maven2/org/checkerframework/checker-qual/3.43.0/checker-qual-3.43.0.jar
2025-06-12 18:31:22,489 [AetherRepositoryConnector-repo.maven.apache.org-0-1] INFO  o.e.m.c.i.e.AbstractTransferListenerAdapter - Downloading https://repo.maven.apache.org/maven2/com/google/errorprone/error_prone_annotations/2.28.0/error_prone_annotations-2.28.0.jar
2025-06-12 18:31:22,740 [AetherRepositoryConnector-repo.maven.apache.org-0-0] INFO  o.e.m.c.i.e.AbstractTransferListenerAdapter - Downloaded https://repo.maven.apache.org/maven2/com/google/guava/failureaccess/1.0.2/failureaccess-1.0.2.jar
2025-06-12 18:31:22,780 [AetherRepositoryConnector-repo.maven.apache.org-0-0] INFO  o.e.m.c.i.e.AbstractTransferListenerAdapter - Downloading https://repo.maven.apache.org/maven2/com/google/j2objc/j2objc-annotations/3.0.0/j2objc-annotations-3.0.0.jar
2025-06-12 18:31:23,223 [AetherRepositoryConnector-repo.maven.apache.org-0-2] INFO  o.e.m.c.i.e.AbstractTransferListenerAdapter - Downloaded https://repo.maven.apache.org/maven2/org/checkerframework/checker-qual/3.43.0/checker-qual-3.43.0.jar
2025-06-12 18:31:23,288 [AetherRepositoryConnector-repo.maven.apache.org-0-2] INFO  o.e.m.c.i.e.AbstractTransferListenerAdapter - Downloading https://repo.maven.apache.org/maven2/io/opentelemetry/semconv/opentelemetry-semconv/1.25.0-alpha/opentelemetry-semconv-1.25.0-alpha.jar
2025-06-12 18:31:23,398 [AetherRepositoryConnector-repo.maven.apache.org-0-3] INFO  o.e.m.c.i.e.AbstractTransferListenerAdapter - Downloaded https://repo.maven.apache.org/maven2/com/google/guava/guava/33.3.0-jre/guava-33.3.0-jre.jar
2025-06-12 18:31:23,432 [AetherRepositoryConnector-repo.maven.apache.org-0-3] INFO  o.e.m.c.i.e.AbstractTransferListenerAdapter - Downloading https://repo.maven.apache.org/maven2/io/opentelemetry/opentelemetry-api/1.42.1/opentelemetry-api-1.42.1.jar
2025-06-12 18:31:23,874 [AetherRepositoryConnector-repo.maven.apache.org-0-0] INFO  o.e.m.c.i.e.AbstractTransferListenerAdapter - Downloaded https://repo.maven.apache.org/maven2/com/google/j2objc/j2objc-annotations/3.0.0/j2objc-annotations-3.0.0.jar
2025-06-12 18:31:23,934 [AetherRepositoryConnector-repo.maven.apache.org-0-0] INFO  o.e.m.c.i.e.AbstractTransferListenerAdapter - Downloading https://repo.maven.apache.org/maven2/io/opentelemetry/opentelemetry-context/1.42.1/opentelemetry-context-1.42.1.jar
2025-06-12 18:31:24,047 [AetherRepositoryConnector-repo.maven.apache.org-0-3] INFO  o.e.m.c.i.e.AbstractTransferListenerAdapter - Downloaded https://repo.maven.apache.org/maven2/io/opentelemetry/opentelemetry-api/1.42.1/opentelemetry-api-1.42.1.jar
2025-06-12 18:31:24,050 [AetherRepositoryConnector-repo.maven.apache.org-0-4] INFO  o.e.m.c.i.e.AbstractTransferListenerAdapter - Downloaded https://repo.maven.apache.org/maven2/org/seleniumhq/selenium/selenium-manager/4.25.0/selenium-manager-4.25.0.jar
2025-06-12 18:31:24,082 [AetherRepositoryConnector-repo.maven.apache.org-0-3] INFO  o.e.m.c.i.e.AbstractTransferListenerAdapter - Downloading https://repo.maven.apache.org/maven2/io/opentelemetry/opentelemetry-exporter-logging/1.42.1/opentelemetry-exporter-logging-1.42.1.jar
2025-06-12 18:31:24,115 [AetherRepositoryConnector-repo.maven.apache.org-0-4] INFO  o.e.m.c.i.e.AbstractTransferListenerAdapter - Downloading https://repo.maven.apache.org/maven2/io/opentelemetry/opentelemetry-sdk-common/1.42.1/opentelemetry-sdk-common-1.42.1.jar
2025-06-12 18:31:24,945 [AetherRepositoryConnector-repo.maven.apache.org-0-4] INFO  o.e.m.c.i.e.AbstractTransferListenerAdapter - Downloaded https://repo.maven.apache.org/maven2/io/opentelemetry/opentelemetry-sdk-common/1.42.1/opentelemetry-sdk-common-1.42.1.jar
2025-06-12 18:31:24,978 [AetherRepositoryConnector-repo.maven.apache.org-0-4] INFO  o.e.m.c.i.e.AbstractTransferListenerAdapter - Downloading https://repo.maven.apache.org/maven2/io/opentelemetry/opentelemetry-sdk-extension-autoconfigure-spi/1.42.1/opentelemetry-sdk-extension-autoconfigure-spi-1.42.1.jar
2025-06-12 18:31:24,989 [AetherRepositoryConnector-repo.maven.apache.org-0-2] INFO  o.e.m.c.i.e.AbstractTransferListenerAdapter - Downloaded https://repo.maven.apache.org/maven2/io/opentelemetry/semconv/opentelemetry-semconv/1.25.0-alpha/opentelemetry-semconv-1.25.0-alpha.jar
2025-06-12 18:31:25,023 [AetherRepositoryConnector-repo.maven.apache.org-0-2] INFO  o.e.m.c.i.e.AbstractTransferListenerAdapter - Downloading https://repo.maven.apache.org/maven2/io/opentelemetry/opentelemetry-sdk-extension-autoconfigure/1.42.1/opentelemetry-sdk-extension-autoconfigure-1.42.1.jar
2025-06-12 18:31:26,158 [AetherRepositoryConnector-repo.maven.apache.org-0-3] INFO  o.e.m.c.i.e.AbstractTransferListenerAdapter - Downloaded https://repo.maven.apache.org/maven2/io/opentelemetry/opentelemetry-exporter-logging/1.42.1/opentelemetry-exporter-logging-1.42.1.jar
2025-06-12 18:31:26,197 [AetherRepositoryConnector-repo.maven.apache.org-0-3] INFO  o.e.m.c.i.e.AbstractTransferListenerAdapter - Downloading https://repo.maven.apache.org/maven2/io/opentelemetry/opentelemetry-api-incubator/1.42.1-alpha/opentelemetry-api-incubator-1.42.1-alpha.jar
2025-06-12 18:31:26,247 [AetherRepositoryConnector-repo.maven.apache.org-0-1] INFO  o.e.m.c.i.e.AbstractTransferListenerAdapter - Downloaded https://repo.maven.apache.org/maven2/com/google/errorprone/error_prone_annotations/2.28.0/error_prone_annotations-2.28.0.jar
2025-06-12 18:31:26,286 [AetherRepositoryConnector-repo.maven.apache.org-0-1] INFO  o.e.m.c.i.e.AbstractTransferListenerAdapter - Downloading https://repo.maven.apache.org/maven2/io/opentelemetry/opentelemetry-sdk-trace/1.42.1/opentelemetry-sdk-trace-1.42.1.jar
2025-06-12 18:31:26,556 [AetherRepositoryConnector-repo.maven.apache.org-0-1] INFO  o.e.m.c.i.e.AbstractTransferListenerAdapter - Downloaded https://repo.maven.apache.org/maven2/io/opentelemetry/opentelemetry-sdk-trace/1.42.1/opentelemetry-sdk-trace-1.42.1.jar
2025-06-12 18:31:26,596 [AetherRepositoryConnector-repo.maven.apache.org-0-1] INFO  o.e.m.c.i.e.AbstractTransferListenerAdapter - Downloading https://repo.maven.apache.org/maven2/io/opentelemetry/opentelemetry-sdk/1.42.1/opentelemetry-sdk-1.42.1.jar
2025-06-12 18:31:26,729 [AetherRepositoryConnector-repo.maven.apache.org-0-3] INFO  o.e.m.c.i.e.AbstractTransferListenerAdapter - Downloaded https://repo.maven.apache.org/maven2/io/opentelemetry/opentelemetry-api-incubator/1.42.1-alpha/opentelemetry-api-incubator-1.42.1-alpha.jar
2025-06-12 18:31:26,775 [AetherRepositoryConnector-repo.maven.apache.org-0-3] INFO  o.e.m.c.i.e.AbstractTransferListenerAdapter - Downloading https://repo.maven.apache.org/maven2/io/opentelemetry/opentelemetry-sdk-metrics/1.42.1/opentelemetry-sdk-metrics-1.42.1.jar
2025-06-12 18:31:26,926 [AetherRepositoryConnector-repo.maven.apache.org-0-1] INFO  o.e.m.c.i.e.AbstractTransferListenerAdapter - Downloaded https://repo.maven.apache.org/maven2/io/opentelemetry/opentelemetry-sdk/1.42.1/opentelemetry-sdk-1.42.1.jar
2025-06-12 18:31:26,960 [AetherRepositoryConnector-repo.maven.apache.org-0-1] INFO  o.e.m.c.i.e.AbstractTransferListenerAdapter - Downloading https://repo.maven.apache.org/maven2/io/opentelemetry/opentelemetry-sdk-logs/1.42.1/opentelemetry-sdk-logs-1.42.1.jar
2025-06-12 18:31:27,171 [AetherRepositoryConnector-repo.maven.apache.org-0-3] INFO  o.e.m.c.i.e.AbstractTransferListenerAdapter - Downloaded https://repo.maven.apache.org/maven2/io/opentelemetry/opentelemetry-sdk-metrics/1.42.1/opentelemetry-sdk-metrics-1.42.1.jar
2025-06-12 18:31:27,227 [AetherRepositoryConnector-repo.maven.apache.org-0-1] INFO  o.e.m.c.i.e.AbstractTransferListenerAdapter - Downloaded https://repo.maven.apache.org/maven2/io/opentelemetry/opentelemetry-sdk-logs/1.42.1/opentelemetry-sdk-logs-1.42.1.jar
2025-06-12 18:31:27,231 [AetherRepositoryConnector-repo.maven.apache.org-0-3] INFO  o.e.m.c.i.e.AbstractTransferListenerAdapter - Downloading https://repo.maven.apache.org/maven2/net/bytebuddy/byte-buddy/1.15.1/byte-buddy-1.15.1.jar
2025-06-12 18:31:27,864 [AetherRepositoryConnector-repo.maven.apache.org-0-4] INFO  o.e.m.c.i.e.AbstractTransferListenerAdapter - Downloaded https://repo.maven.apache.org/maven2/io/opentelemetry/opentelemetry-sdk-extension-autoconfigure-spi/1.42.1/opentelemetry-sdk-extension-autoconfigure-spi-1.42.1.jar
2025-06-12 18:31:27,939 [AetherRepositoryConnector-repo.maven.apache.org-0-1] INFO  o.e.m.c.i.e.AbstractTransferListenerAdapter - Downloading https://repo.maven.apache.org/maven2/org/seleniumhq/selenium/selenium-os/4.25.0/selenium-os-4.25.0.jar
2025-06-12 18:31:28,029 [AetherRepositoryConnector-repo.maven.apache.org-0-2] INFO  o.e.m.c.i.e.AbstractTransferListenerAdapter - Downloaded https://repo.maven.apache.org/maven2/io/opentelemetry/opentelemetry-sdk-extension-autoconfigure/1.42.1/opentelemetry-sdk-extension-autoconfigure-1.42.1.jar
2025-06-12 18:31:28,286 [AetherRepositoryConnector-repo.maven.apache.org-0-0] INFO  o.e.m.c.i.e.AbstractTransferListenerAdapter - Downloaded https://repo.maven.apache.org/maven2/io/opentelemetry/opentelemetry-context/1.42.1/opentelemetry-context-1.42.1.jar
2025-06-12 18:31:28,451 [AetherRepositoryConnector-repo.maven.apache.org-0-4] INFO  o.e.m.c.i.e.AbstractTransferListenerAdapter - Downloading https://repo.maven.apache.org/maven2/org/apache/commons/commons-exec/1.4.0/commons-exec-1.4.0.jar
2025-06-12 18:31:28,652 [AetherRepositoryConnector-repo.maven.apache.org-0-2] INFO  o.e.m.c.i.e.AbstractTransferListenerAdapter - Downloading https://repo.maven.apache.org/maven2/org/seleniumhq/selenium/selenium-safari-driver/4.25.0/selenium-safari-driver-4.25.0.jar
2025-06-12 18:31:28,907 [AetherRepositoryConnector-repo.maven.apache.org-0-0] INFO  o.e.m.c.i.e.AbstractTransferListenerAdapter - Downloading https://repo.maven.apache.org/maven2/org/seleniumhq/selenium/selenium-support/4.25.0/selenium-support-4.25.0.jar
2025-06-12 18:31:29,130 [AetherRepositoryConnector-repo.maven.apache.org-0-4] INFO  o.e.m.c.i.e.AbstractTransferListenerAdapter - Downloaded https://repo.maven.apache.org/maven2/org/apache/commons/commons-exec/1.4.0/commons-exec-1.4.0.jar
2025-06-12 18:31:29,172 [AetherRepositoryConnector-repo.maven.apache.org-0-0] INFO  o.e.m.c.i.e.AbstractTransferListenerAdapter - Downloaded https://repo.maven.apache.org/maven2/org/seleniumhq/selenium/selenium-support/4.25.0/selenium-support-4.25.0.jar
2025-06-12 18:31:29,187 [AetherRepositoryConnector-repo.maven.apache.org-0-3] INFO  o.e.m.c.i.e.AbstractTransferListenerAdapter - Downloaded https://repo.maven.apache.org/maven2/net/bytebuddy/byte-buddy/1.15.1/byte-buddy-1.15.1.jar
2025-06-12 18:31:29,197 [AetherRepositoryConnector-repo.maven.apache.org-0-4] INFO  o.e.m.c.i.e.AbstractTransferListenerAdapter - Downloading https://repo.maven.apache.org/maven2/org/testng/testng/7.9.0/testng-7.9.0.jar
2025-06-12 18:31:29,569 [AetherRepositoryConnector-repo.maven.apache.org-0-0] INFO  o.e.m.c.i.e.AbstractTransferListenerAdapter - Downloading https://repo.maven.apache.org/maven2/org/webjars/jquery/3.7.1/jquery-3.7.1.jar
2025-06-12 18:31:29,686 [AetherRepositoryConnector-repo.maven.apache.org-0-3] INFO  o.e.m.c.i.e.AbstractTransferListenerAdapter - Downloading https://repo.maven.apache.org/maven2/org/slf4j/slf4j-simple/1.7.21/slf4j-simple-1.7.21.jar
2025-06-12 18:31:29,807 [AetherRepositoryConnector-repo.maven.apache.org-0-0] INFO  o.e.m.c.i.e.AbstractTransferListenerAdapter - Downloaded https://repo.maven.apache.org/maven2/org/webjars/jquery/3.7.1/jquery-3.7.1.jar
2025-06-12 18:31:29,920 [AetherRepositoryConnector-repo.maven.apache.org-0-2] INFO  o.e.m.c.i.e.AbstractTransferListenerAdapter - Downloaded https://repo.maven.apache.org/maven2/org/seleniumhq/selenium/selenium-safari-driver/4.25.0/selenium-safari-driver-4.25.0.jar
2025-06-12 18:31:29,940 [AetherRepositoryConnector-repo.maven.apache.org-0-4] INFO  o.e.m.c.i.e.AbstractTransferListenerAdapter - Downloaded https://repo.maven.apache.org/maven2/org/testng/testng/7.9.0/testng-7.9.0.jar
2025-06-12 18:31:29,978 [AetherRepositoryConnector-repo.maven.apache.org-0-3] INFO  o.e.m.c.i.e.AbstractTransferListenerAdapter - Downloaded https://repo.maven.apache.org/maven2/org/slf4j/slf4j-simple/1.7.21/slf4j-simple-1.7.21.jar
2025-06-12 18:31:35,204 [AetherRepositoryConnector-repo.maven.apache.org-0-1] INFO  o.e.m.c.i.e.AbstractTransferListenerAdapter - Downloaded https://repo.maven.apache.org/maven2/org/seleniumhq/selenium/selenium-os/4.25.0/selenium-os-4.25.0.jar
2025-06-13 13:19:58,303 [Worker-5: Loading available Gradle versions] INFO  o.e.b.c.i.u.g.PublishedGradleVersions - Gradle version information cache is up-to-date. Trying to read.
2025-06-14 14:07:26,629 [Worker-1: Loading available Gradle versions] INFO  o.e.b.c.i.u.g.PublishedGradleVersions - Gradle version information cache is out-of-date. Trying to update.
2025-06-14 14:07:39,621 [Worker-1: Loading available Gradle versions] INFO  o.e.b.c.i.u.g.PublishedGradleVersions - Updating Gradle version information cache failed. Using outdated cache.
2025-06-14 14:10:34,715 [Worker-13: Building] INFO  o.a.m.s.f.DefaultMavenResourcesFiltering - Copying 0 resource from src\main\resources to target\classes
2025-06-14 14:10:34,725 [Worker-13: Building] INFO  o.a.m.s.f.DefaultMavenResourcesFiltering - Copying 0 resource from src\test\resources to target\test-classes
2025-06-14 14:11:03,154 [Worker-23: Building] INFO  o.a.m.s.f.DefaultMavenResourcesFiltering - Copying 0 resource from src\main\resources to target\classes
2025-06-14 14:11:03,161 [Worker-23: Building] INFO  o.a.m.s.f.DefaultMavenResourcesFiltering - skip non existing resourceDirectory E:\Qk_practice_Project\FireSolution_Project\Project_Firesolution\src\test\resources
2025-06-14 14:12:09,485 [Worker-9: Building] INFO  o.a.m.s.f.DefaultMavenResourcesFiltering - Copying 0 resource from src\main\resources to target\classes
2025-06-14 14:12:09,494 [Worker-9: Building] INFO  o.a.m.s.f.DefaultMavenResourcesFiltering - skip non existing resourceDirectory E:\Qk_practice_Project\FireSolution_Project\Project_Firesolution\src\test\resources
2025-06-14 14:14:48,198 [Worker-10: Building] INFO  o.a.m.s.f.DefaultMavenResourcesFiltering - Copying 0 resource from src\main\resources to target\classes
2025-06-14 14:14:48,207 [Worker-10: Building] INFO  o.a.m.s.f.DefaultMavenResourcesFiltering - skip non existing resourceDirectory E:\Qk_practice_Project\FireSolution_Project\Project_Firesolution\src\test\resources
2025-06-14 14:15:35,226 [Worker-13: Building] INFO  o.a.m.s.f.DefaultMavenResourcesFiltering - Copying 0 resource from src\main\resources to target\classes
2025-06-14 14:15:35,233 [Worker-13: Building] INFO  o.a.m.s.f.DefaultMavenResourcesFiltering - skip non existing resourceDirectory E:\Qk_practice_Project\FireSolution_Project\Project_Firesolution\src\test\resources
2025-06-14 14:16:22,152 [Worker-9: Building] INFO  o.a.m.s.f.DefaultMavenResourcesFiltering - Copying 0 resource from src\main\resources to target\classes
2025-06-14 14:16:22,162 [Worker-9: Building] INFO  o.a.m.s.f.DefaultMavenResourcesFiltering - skip non existing resourceDirectory E:\Qk_practice_Project\FireSolution_Project\Project_Firesolution\src\test\resources
2025-06-14 14:17:39,667 [Worker-1: Loading available Gradle versions] INFO  o.e.b.c.i.u.g.PublishedGradleVersions - Gradle version information cache is out-of-date. Trying to update.
2025-06-14 14:18:59,557 [Worker-15: Updating Maven Project] INFO  o.e.m.c.i.p.ProjectConfigurationManager - Update started
2025-06-14 14:19:07,507 [Worker-15: Updating Maven Project] INFO  o.e.m.c.i.l.LifecycleMappingFactory - Using org.eclipse.m2e.jdt.JarLifecycleMapping lifecycle mapping for MavenProject: Project_Firesolution:Project_Firesolution:0.0.1-SNAPSHOT @ E:\Qk_practice_Project\FireSolution_Project\Project_Firesolution\pom.xml.
2025-06-14 14:19:09,253 [Worker-15: Updating Maven Project] INFO  o.e.m.j.i.AbstractJavaProjectConfigurator - Adding source folder /Project_Firesolution/src/main/java
2025-06-14 14:19:09,258 [Worker-15: Updating Maven Project] INFO  o.e.m.j.i.AbstractJavaProjectConfigurator - Adding resource folder /Project_Firesolution/src/main/resources
2025-06-14 14:19:09,287 [Worker-15: Updating Maven Project] INFO  o.e.m.j.i.AbstractJavaProjectConfigurator - Adding source folder /Project_Firesolution/src/test/java
2025-06-14 14:19:09,290 [Worker-15: Updating Maven Project] INFO  o.e.m.j.i.AbstractJavaProjectConfigurator - Adding resource folder /Project_Firesolution/src/test/resources
2025-06-14 14:19:10,772 [Worker-15: Updating Maven Project] INFO  o.e.m.c.i.p.ProjectConfigurationManager - Update completed for 1 poms: local refresh takes 0.00 sec, refresh facades takes 9.00 sec, update config takes 0.00 sec 
2025-06-14 14:19:12,834 [Worker-11: Building] INFO  o.a.m.s.f.DefaultMavenResourcesFiltering - Copying 0 resource from src\main\resources to target\classes
2025-06-14 14:19:12,846 [Worker-11: Building] INFO  o.a.m.s.f.DefaultMavenResourcesFiltering - skip non existing resourceDirectory E:\Qk_practice_Project\FireSolution_Project\Project_Firesolution\src\test\resources
2025-06-14 14:20:43,302 [Worker-15: Building] INFO  o.a.m.s.f.DefaultMavenResourcesFiltering - Copying 0 resource from src\main\resources to target\classes
2025-06-14 14:20:43,311 [Worker-15: Building] INFO  o.a.m.s.f.DefaultMavenResourcesFiltering - skip non existing resourceDirectory E:\Qk_practice_Project\FireSolution_Project\Project_Firesolution\src\test\resources
2025-06-14 14:53:07,626 [Worker-4: Loading available Gradle versions] INFO  o.e.b.c.i.u.g.PublishedGradleVersions - Gradle version information cache is up-to-date. Trying to read.
2025-06-15 18:46:50,583 [Worker-2: Loading available Gradle versions] INFO  o.e.b.c.i.u.g.PublishedGradleVersions - Gradle version information cache is out-of-date. Trying to update.
2025-06-15 18:47:44,418 [Worker-18: Launching Practiceclass] INFO  o.a.m.s.f.DefaultMavenResourcesFiltering - Copying 0 resource from src\main\resources to target\classes
2025-06-15 18:47:44,436 [Worker-18: Launching Practiceclass] INFO  o.a.m.s.f.DefaultMavenResourcesFiltering - skip non existing resourceDirectory E:\Qk_practice_Project\FireSolution_Project\Project_Firesolution\src\test\resources
2025-06-15 19:19:08,521 [Worker-33: Building] INFO  o.a.m.s.f.DefaultMavenResourcesFiltering - Copying 0 resource from src\main\resources to target\classes
2025-06-15 19:19:08,614 [Worker-33: Building] INFO  o.a.m.s.f.DefaultMavenResourcesFiltering - skip non existing resourceDirectory E:\Qk_practice_Project\FireSolution_Project\Project_Firesolution\src\test\resources
2025-06-15 19:24:32,522 [Worker-37: Building] INFO  o.a.m.s.f.DefaultMavenResourcesFiltering - Copying 0 resource from src\main\resources to target\classes
2025-06-15 19:24:32,525 [Worker-37: Building] INFO  o.a.m.s.f.DefaultMavenResourcesFiltering - skip non existing resourceDirectory E:\Qk_practice_Project\FireSolution_Project\Project_Firesolution\src\test\resources
2025-06-15 19:26:44,729 [Worker-35: Building] INFO  o.a.m.s.f.DefaultMavenResourcesFiltering - Copying 0 resource from src\main\resources to target\classes
2025-06-15 19:26:44,734 [Worker-35: Building] INFO  o.a.m.s.f.DefaultMavenResourcesFiltering - skip non existing resourceDirectory E:\Qk_practice_Project\FireSolution_Project\Project_Firesolution\src\test\resources
2025-06-15 19:46:10,645 [Worker-42: Building] INFO  o.a.m.s.f.DefaultMavenResourcesFiltering - Copying 0 resource from src\main\resources to target\classes
2025-06-15 19:46:10,648 [Worker-42: Building] INFO  o.a.m.s.f.DefaultMavenResourcesFiltering - skip non existing resourceDirectory E:\Qk_practice_Project\FireSolution_Project\Project_Firesolution\src\test\resources
2025-06-15 19:46:31,322 [Worker-42: Building] INFO  o.a.m.s.f.DefaultMavenResourcesFiltering - Copying 0 resource from src\main\resources to target\classes
2025-06-15 19:46:31,326 [Worker-42: Building] INFO  o.a.m.s.f.DefaultMavenResourcesFiltering - skip non existing resourceDirectory E:\Qk_practice_Project\FireSolution_Project\Project_Firesolution\src\test\resources
2025-06-15 19:55:21,737 [Worker-43: Building] INFO  o.e.m.c.i.l.LifecycleMappingFactory - Using org.eclipse.m2e.jdt.JarLifecycleMapping lifecycle mapping for MavenProject: Project_Firesolution:Project_Firesolution:0.0.1-SNAPSHOT @ E:\Qk_practice_Project\FireSolution_Project\Project_Firesolution\pom.xml.
2025-06-15 19:55:23,328 [Worker-43: Building] INFO  o.e.m.c.i.e.AbstractTransferListenerAdapter - Downloading https://repo.maven.apache.org/maven2/org/seleniumhq/selenium/selenium-devtools-v128/4.24.0/selenium-devtools-v128-4.24.0.pom
2025-06-15 19:55:23,372 [Worker-43: Building] INFO  o.e.m.c.i.e.AbstractTransferListenerAdapter - Downloaded https://repo.maven.apache.org/maven2/org/seleniumhq/selenium/selenium-devtools-v128/4.24.0/selenium-devtools-v128-4.24.0.pom
2025-06-15 19:55:23,412 [Worker-43: Building] INFO  o.e.m.c.i.e.AbstractTransferListenerAdapter - Downloading https://repo.maven.apache.org/maven2/org/seleniumhq/selenium/selenium-api/4.24.0/selenium-api-4.24.0.pom
2025-06-15 19:55:23,437 [Worker-43: Building] INFO  o.e.m.c.i.e.AbstractTransferListenerAdapter - Downloaded https://repo.maven.apache.org/maven2/org/seleniumhq/selenium/selenium-api/4.24.0/selenium-api-4.24.0.pom
2025-06-15 19:55:23,478 [Worker-43: Building] INFO  o.e.m.c.i.e.AbstractTransferListenerAdapter - Downloading https://repo.maven.apache.org/maven2/org/seleniumhq/selenium/selenium-json/4.24.0/selenium-json-4.24.0.pom
2025-06-15 19:55:23,513 [Worker-43: Building] INFO  o.e.m.c.i.e.AbstractTransferListenerAdapter - Downloaded https://repo.maven.apache.org/maven2/org/seleniumhq/selenium/selenium-json/4.24.0/selenium-json-4.24.0.pom
2025-06-15 19:55:23,548 [Worker-43: Building] INFO  o.e.m.c.i.e.AbstractTransferListenerAdapter - Downloading https://repo.maven.apache.org/maven2/org/seleniumhq/selenium/selenium-remote-driver/4.24.0/selenium-remote-driver-4.24.0.pom
2025-06-15 19:55:23,582 [Worker-43: Building] INFO  o.e.m.c.i.e.AbstractTransferListenerAdapter - Downloaded https://repo.maven.apache.org/maven2/org/seleniumhq/selenium/selenium-remote-driver/4.24.0/selenium-remote-driver-4.24.0.pom
2025-06-15 19:55:23,623 [Worker-43: Building] INFO  o.e.m.c.i.e.AbstractTransferListenerAdapter - Downloading https://repo.maven.apache.org/maven2/io/opentelemetry/opentelemetry-api/1.41.0/opentelemetry-api-1.41.0.pom
2025-06-15 19:55:23,668 [Worker-43: Building] INFO  o.e.m.c.i.e.AbstractTransferListenerAdapter - Downloaded https://repo.maven.apache.org/maven2/io/opentelemetry/opentelemetry-api/1.41.0/opentelemetry-api-1.41.0.pom
2025-06-15 19:55:23,709 [Worker-43: Building] INFO  o.e.m.c.i.e.AbstractTransferListenerAdapter - Downloading https://repo.maven.apache.org/maven2/io/opentelemetry/opentelemetry-context/1.41.0/opentelemetry-context-1.41.0.pom
2025-06-15 19:55:23,745 [Worker-43: Building] INFO  o.e.m.c.i.e.AbstractTransferListenerAdapter - Downloaded https://repo.maven.apache.org/maven2/io/opentelemetry/opentelemetry-context/1.41.0/opentelemetry-context-1.41.0.pom
2025-06-15 19:55:23,785 [Worker-43: Building] INFO  o.e.m.c.i.e.AbstractTransferListenerAdapter - Downloading https://repo.maven.apache.org/maven2/io/opentelemetry/opentelemetry-exporter-logging/1.41.0/opentelemetry-exporter-logging-1.41.0.pom
2025-06-15 19:55:23,848 [Worker-43: Building] INFO  o.e.m.c.i.e.AbstractTransferListenerAdapter - Downloaded https://repo.maven.apache.org/maven2/io/opentelemetry/opentelemetry-exporter-logging/1.41.0/opentelemetry-exporter-logging-1.41.0.pom
2025-06-15 19:55:23,886 [Worker-43: Building] INFO  o.e.m.c.i.e.AbstractTransferListenerAdapter - Downloading https://repo.maven.apache.org/maven2/io/opentelemetry/opentelemetry-sdk/1.41.0/opentelemetry-sdk-1.41.0.pom
2025-06-15 19:55:23,926 [Worker-43: Building] INFO  o.e.m.c.i.e.AbstractTransferListenerAdapter - Downloaded https://repo.maven.apache.org/maven2/io/opentelemetry/opentelemetry-sdk/1.41.0/opentelemetry-sdk-1.41.0.pom
2025-06-15 19:55:23,964 [Worker-43: Building] INFO  o.e.m.c.i.e.AbstractTransferListenerAdapter - Downloading https://repo.maven.apache.org/maven2/io/opentelemetry/opentelemetry-sdk-common/1.41.0/opentelemetry-sdk-common-1.41.0.pom
2025-06-15 19:55:24,004 [Worker-43: Building] INFO  o.e.m.c.i.e.AbstractTransferListenerAdapter - Downloaded https://repo.maven.apache.org/maven2/io/opentelemetry/opentelemetry-sdk-common/1.41.0/opentelemetry-sdk-common-1.41.0.pom
2025-06-15 19:55:24,040 [Worker-43: Building] INFO  o.e.m.c.i.e.AbstractTransferListenerAdapter - Downloading https://repo.maven.apache.org/maven2/io/opentelemetry/opentelemetry-sdk-trace/1.41.0/opentelemetry-sdk-trace-1.41.0.pom
2025-06-15 19:55:24,075 [Worker-43: Building] INFO  o.e.m.c.i.e.AbstractTransferListenerAdapter - Downloaded https://repo.maven.apache.org/maven2/io/opentelemetry/opentelemetry-sdk-trace/1.41.0/opentelemetry-sdk-trace-1.41.0.pom
2025-06-15 19:55:24,116 [Worker-43: Building] INFO  o.e.m.c.i.e.AbstractTransferListenerAdapter - Downloading https://repo.maven.apache.org/maven2/io/opentelemetry/opentelemetry-api-incubator/1.41.0-alpha/opentelemetry-api-incubator-1.41.0-alpha.pom
2025-06-15 19:55:24,147 [Worker-43: Building] INFO  o.e.m.c.i.e.AbstractTransferListenerAdapter - Downloaded https://repo.maven.apache.org/maven2/io/opentelemetry/opentelemetry-api-incubator/1.41.0-alpha/opentelemetry-api-incubator-1.41.0-alpha.pom
2025-06-15 19:55:24,185 [Worker-43: Building] INFO  o.e.m.c.i.e.AbstractTransferListenerAdapter - Downloading https://repo.maven.apache.org/maven2/io/opentelemetry/opentelemetry-sdk-metrics/1.41.0/opentelemetry-sdk-metrics-1.41.0.pom
2025-06-15 19:55:24,307 [Worker-43: Building] INFO  o.e.m.c.i.e.AbstractTransferListenerAdapter - Downloaded https://repo.maven.apache.org/maven2/io/opentelemetry/opentelemetry-sdk-metrics/1.41.0/opentelemetry-sdk-metrics-1.41.0.pom
2025-06-15 19:55:24,346 [Worker-43: Building] INFO  o.e.m.c.i.e.AbstractTransferListenerAdapter - Downloading https://repo.maven.apache.org/maven2/io/opentelemetry/opentelemetry-sdk-logs/1.41.0/opentelemetry-sdk-logs-1.41.0.pom
2025-06-15 19:55:24,405 [Worker-43: Building] INFO  o.e.m.c.i.e.AbstractTransferListenerAdapter - Downloaded https://repo.maven.apache.org/maven2/io/opentelemetry/opentelemetry-sdk-logs/1.41.0/opentelemetry-sdk-logs-1.41.0.pom
2025-06-15 19:55:24,441 [Worker-43: Building] INFO  o.e.m.c.i.e.AbstractTransferListenerAdapter - Downloading https://repo.maven.apache.org/maven2/io/opentelemetry/opentelemetry-sdk-extension-autoconfigure-spi/1.41.0/opentelemetry-sdk-extension-autoconfigure-spi-1.41.0.pom
2025-06-15 19:55:24,463 [Worker-43: Building] INFO  o.e.m.c.i.e.AbstractTransferListenerAdapter - Downloaded https://repo.maven.apache.org/maven2/io/opentelemetry/opentelemetry-sdk-extension-autoconfigure-spi/1.41.0/opentelemetry-sdk-extension-autoconfigure-spi-1.41.0.pom
2025-06-15 19:55:24,506 [Worker-43: Building] INFO  o.e.m.c.i.e.AbstractTransferListenerAdapter - Downloading https://repo.maven.apache.org/maven2/io/opentelemetry/opentelemetry-sdk-extension-autoconfigure/1.41.0/opentelemetry-sdk-extension-autoconfigure-1.41.0.pom
2025-06-15 19:55:24,539 [Worker-43: Building] INFO  o.e.m.c.i.e.AbstractTransferListenerAdapter - Downloaded https://repo.maven.apache.org/maven2/io/opentelemetry/opentelemetry-sdk-extension-autoconfigure/1.41.0/opentelemetry-sdk-extension-autoconfigure-1.41.0.pom
2025-06-15 19:55:24,581 [Worker-43: Building] INFO  o.e.m.c.i.e.AbstractTransferListenerAdapter - Downloading https://repo.maven.apache.org/maven2/net/bytebuddy/byte-buddy/1.15.0/byte-buddy-1.15.0.pom
2025-06-15 19:55:24,670 [Worker-43: Building] INFO  o.e.m.c.i.e.AbstractTransferListenerAdapter - Downloaded https://repo.maven.apache.org/maven2/net/bytebuddy/byte-buddy/1.15.0/byte-buddy-1.15.0.pom
2025-06-15 19:55:24,718 [Worker-43: Building] INFO  o.e.m.c.i.e.AbstractTransferListenerAdapter - Downloading https://repo.maven.apache.org/maven2/net/bytebuddy/byte-buddy-parent/1.15.0/byte-buddy-parent-1.15.0.pom
2025-06-15 19:55:24,821 [Worker-43: Building] INFO  o.e.m.c.i.e.AbstractTransferListenerAdapter - Downloaded https://repo.maven.apache.org/maven2/net/bytebuddy/byte-buddy-parent/1.15.0/byte-buddy-parent-1.15.0.pom
2025-06-15 19:55:24,868 [Worker-43: Building] INFO  o.e.m.c.i.e.AbstractTransferListenerAdapter - Downloading https://repo.maven.apache.org/maven2/org/seleniumhq/selenium/selenium-http/4.24.0/selenium-http-4.24.0.pom
2025-06-15 19:55:24,898 [Worker-43: Building] INFO  o.e.m.c.i.e.AbstractTransferListenerAdapter - Downloaded https://repo.maven.apache.org/maven2/org/seleniumhq/selenium/selenium-http/4.24.0/selenium-http-4.24.0.pom
2025-06-15 19:55:24,933 [Worker-43: Building] INFO  o.e.m.c.i.e.AbstractTransferListenerAdapter - Downloading https://repo.maven.apache.org/maven2/org/seleniumhq/selenium/selenium-manager/4.24.0/selenium-manager-4.24.0.pom
2025-06-15 19:55:24,964 [Worker-43: Building] INFO  o.e.m.c.i.e.AbstractTransferListenerAdapter - Downloaded https://repo.maven.apache.org/maven2/org/seleniumhq/selenium/selenium-manager/4.24.0/selenium-manager-4.24.0.pom
2025-06-15 19:55:25,001 [Worker-43: Building] INFO  o.e.m.c.i.e.AbstractTransferListenerAdapter - Downloading https://repo.maven.apache.org/maven2/org/seleniumhq/selenium/selenium-os/4.24.0/selenium-os-4.24.0.pom
2025-06-15 19:55:25,033 [Worker-43: Building] INFO  o.e.m.c.i.e.AbstractTransferListenerAdapter - Downloaded https://repo.maven.apache.org/maven2/org/seleniumhq/selenium/selenium-os/4.24.0/selenium-os-4.24.0.pom
2025-06-15 19:55:26,942 [Worker-43: Building] INFO  o.e.m.c.i.e.AbstractTransferListenerAdapter - Downloading https://repo.maven.apache.org/maven2/org/seleniumhq/selenium/selenium-devtools-v128/4.24.0/selenium-devtools-v128-4.24.0.jar
2025-06-15 19:55:28,044 [Worker-43: Building] INFO  o.e.m.c.i.e.AbstractTransferListenerAdapter - Downloaded https://repo.maven.apache.org/maven2/org/seleniumhq/selenium/selenium-devtools-v128/4.24.0/selenium-devtools-v128-4.24.0.jar
2025-06-15 19:55:28,076 [BasicRepositoryConnector-repo.maven.apache.org-0-0] INFO  o.e.m.c.i.e.AbstractTransferListenerAdapter - Downloading https://repo.maven.apache.org/maven2/org/seleniumhq/selenium/selenium-json/4.24.0/selenium-json-4.24.0.jar
2025-06-15 19:55:28,155 [BasicRepositoryConnector-repo.maven.apache.org-0-0] INFO  o.e.m.c.i.e.AbstractTransferListenerAdapter - Downloaded https://repo.maven.apache.org/maven2/org/seleniumhq/selenium/selenium-json/4.24.0/selenium-json-4.24.0.jar
2025-06-15 19:55:29,476 [Worker-43: Building] INFO  o.a.m.s.f.DefaultMavenResourcesFiltering - Copying 0 resource from src\main\resources to target\classes
2025-06-15 19:55:29,483 [Worker-43: Building] INFO  o.a.m.s.f.DefaultMavenResourcesFiltering - skip non existing resourceDirectory E:\Qk_practice_Project\FireSolution_Project\Project_Firesolution\src\test\resources
2025-06-15 19:55:30,072 [Worker-43: Download sources and javadoc] INFO  o.e.m.c.i.e.AbstractTransferListenerAdapter - Downloading https://repo.maven.apache.org/maven2/org/seleniumhq/selenium/selenium-devtools-v128/4.24.0/selenium-devtools-v128-4.24.0-sources.jar
2025-06-15 19:55:30,342 [Worker-43: Download sources and javadoc] INFO  o.e.m.c.i.e.AbstractTransferListenerAdapter - Downloaded https://repo.maven.apache.org/maven2/org/seleniumhq/selenium/selenium-devtools-v128/4.24.0/selenium-devtools-v128-4.24.0-sources.jar
2025-06-15 19:55:30,351 [Worker-43: Download sources and javadoc] INFO  o.e.m.j.internal.DownloadSourcesJob - Downloaded sources for org.seleniumhq.selenium:selenium-devtools-v128:4.24.0
2025-06-15 19:55:30,490 [Worker-43: Download sources and javadoc] INFO  o.e.m.c.i.e.AbstractTransferListenerAdapter - Downloading https://repo.maven.apache.org/maven2/org/seleniumhq/selenium/selenium-json/4.24.0/selenium-json-4.24.0-sources.jar
2025-06-15 19:55:32,053 [Worker-47: Building] INFO  o.e.m.c.i.l.LifecycleMappingFactory - Using org.eclipse.m2e.jdt.JarLifecycleMapping lifecycle mapping for MavenProject: Project_Firesolution:Project_Firesolution:0.0.1-SNAPSHOT @ E:\Qk_practice_Project\FireSolution_Project\Project_Firesolution\pom.xml.
2025-06-15 19:55:32,583 [Worker-43: Download sources and javadoc] INFO  o.e.m.c.i.e.AbstractTransferListenerAdapter - Downloaded https://repo.maven.apache.org/maven2/org/seleniumhq/selenium/selenium-json/4.24.0/selenium-json-4.24.0-sources.jar
2025-06-15 19:55:32,589 [Worker-43: Download sources and javadoc] INFO  o.e.m.j.internal.DownloadSourcesJob - Downloaded sources for org.seleniumhq.selenium:selenium-json:4.24.0
2025-06-15 19:55:32,832 [Worker-47: Building] INFO  o.a.m.s.f.DefaultMavenResourcesFiltering - Copying 0 resource from src\main\resources to target\classes
2025-06-15 19:55:32,839 [Worker-47: Building] INFO  o.a.m.s.f.DefaultMavenResourcesFiltering - skip non existing resourceDirectory E:\Qk_practice_Project\FireSolution_Project\Project_Firesolution\src\test\resources
2025-06-15 21:02:15,745 [Worker-55: Building] INFO  o.a.m.s.f.DefaultMavenResourcesFiltering - Copying 0 resource from src\main\resources to target\classes
2025-06-15 21:02:15,752 [Worker-55: Building] INFO  o.a.m.s.f.DefaultMavenResourcesFiltering - skip non existing resourceDirectory E:\Qk_practice_Project\FireSolution_Project\Project_Firesolution\src\test\resources
2025-06-15 21:06:29,718 [Worker-2: Loading available Gradle versions] INFO  o.e.b.c.i.u.g.PublishedGradleVersions - Gradle version information cache is up-to-date. Trying to read.
2025-06-15 21:22:15,467 [Worker-1: Loading available Gradle versions] INFO  o.e.b.c.i.u.g.PublishedGradleVersions - Gradle version information cache is up-to-date. Trying to read.
2025-06-15 21:28:39,965 [Worker-0: Loading available Gradle versions] INFO  o.e.b.c.i.u.g.PublishedGradleVersions - Gradle version information cache is up-to-date. Trying to read.
2025-06-15 21:31:38,640 [Worker-3: Building] INFO  o.e.m.c.i.l.LifecycleMappingFactory - Using org.eclipse.m2e.jdt.JarLifecycleMapping lifecycle mapping for MavenProject: Project_Firesolution:Project_Firesolution:0.0.1-SNAPSHOT @ E:\Qk_practice_Project\FireSolution_Project\Project_Firesolution\pom.xml.
2025-06-15 21:31:46,731 [Worker-3: Building] INFO  o.a.m.s.f.DefaultMavenResourcesFiltering - Copying 0 resource from src\main\resources to target\classes
2025-06-15 21:31:46,744 [Worker-3: Building] INFO  o.a.m.s.f.DefaultMavenResourcesFiltering - skip non existing resourceDirectory E:\Qk_practice_Project\FireSolution_Project\Project_Firesolution\src\test\resources
2025-06-15 21:31:56,224 [Worker-4: Building] INFO  o.a.m.s.f.DefaultMavenResourcesFiltering - Copying 0 resource from src\main\resources to target\classes
2025-06-15 21:31:56,232 [Worker-4: Building] INFO  o.a.m.s.f.DefaultMavenResourcesFiltering - skip non existing resourceDirectory E:\Qk_practice_Project\FireSolution_Project\Project_Firesolution\src\test\resources
2025-06-15 21:41:07,754 [Worker-0: Loading available Gradle versions] INFO  o.e.b.c.i.u.g.PublishedGradleVersions - Gradle version information cache is up-to-date. Trying to read.
2025-06-15 21:47:59,131 [Worker-25: Building] INFO  o.a.m.s.f.DefaultMavenResourcesFiltering - Copying 0 resource from src\main\resources to target\classes
2025-06-15 21:47:59,161 [Worker-25: Building] INFO  o.a.m.s.f.DefaultMavenResourcesFiltering - skip non existing resourceDirectory E:\Qk_practice_Project\FireSolution_Project\Project_Firesolution\src\test\resources
2025-06-18 12:37:15,033 [Worker-4: Loading available Gradle versions] INFO  o.e.b.c.i.u.g.PublishedGradleVersions - Gradle version information cache is out-of-date. Trying to update.
2025-06-18 12:37:17,297 [Worker-4: Loading available Gradle versions] INFO  o.e.b.c.i.u.g.PublishedGradleVersions - Updating Gradle version information cache failed. Using outdated cache.
2025-06-25 11:18:01,791 [Worker-1: Loading available Gradle versions] INFO  o.e.b.c.i.u.g.PublishedGradleVersions - Gradle version information cache is out-of-date. Trying to update.
2025-06-25 11:22:00,063 [Worker-13: Building] INFO  o.a.m.s.f.DefaultMavenResourcesFiltering - Copying 0 resource from src\main\resources to target\classes
2025-06-25 11:22:00,085 [Worker-13: Building] INFO  o.a.m.s.f.DefaultMavenResourcesFiltering - skip non existing resourceDirectory E:\Qk_practice_Project\FireSolution_Project\Project_Firesolution\src\test\resources
2025-06-25 11:24:47,711 [Worker-7: Building] INFO  o.a.m.s.f.DefaultMavenResourcesFiltering - Copying 0 resource from src\main\resources to target\classes
2025-06-25 11:24:47,718 [Worker-7: Building] INFO  o.a.m.s.f.DefaultMavenResourcesFiltering - skip non existing resourceDirectory E:\Qk_practice_Project\FireSolution_Project\Project_Firesolution\src\test\resources
2025-06-25 11:25:04,439 [Worker-2: Building] INFO  o.a.m.s.f.DefaultMavenResourcesFiltering - Copying 0 resource from src\main\resources to target\classes
2025-06-25 11:25:04,451 [Worker-2: Building] INFO  o.a.m.s.f.DefaultMavenResourcesFiltering - skip non existing resourceDirectory E:\Qk_practice_Project\FireSolution_Project\Project_Firesolution\src\test\resources
2025-07-06 23:29:08,335 [Worker-6: Loading available Gradle versions] INFO  o.e.b.c.i.u.g.PublishedGradleVersions - Gradle version information cache is out-of-date. Trying to update.
2025-07-19 15:38:09,711 [Worker-1: Loading available Gradle versions] INFO  o.e.b.c.i.u.g.PublishedGradleVersions - Gradle version information cache is out-of-date. Trying to update.
2025-07-19 15:40:04,373 [Worker-1: Building] INFO  o.a.m.s.f.DefaultMavenResourcesFiltering - Copying 0 resource from src\main\resources to target\classes
2025-07-19 15:40:04,379 [Worker-1: Building] INFO  o.a.m.s.f.DefaultMavenResourcesFiltering - skip non existing resourceDirectory E:\Qk_practice_Project\FireSolution_Project\Project_Firesolution\src\test\resources
2025-07-19 15:41:35,629 [Worker-3: Building] INFO  o.a.m.s.f.DefaultMavenResourcesFiltering - Copying 0 resource from src\main\resources to target\classes
2025-07-19 15:41:35,636 [Worker-3: Building] INFO  o.a.m.s.f.DefaultMavenResourcesFiltering - skip non existing resourceDirectory E:\Qk_practice_Project\FireSolution_Project\Project_Firesolution\src\test\resources
2025-07-19 15:46:38,898 [Worker-3: Building] INFO  o.a.m.s.f.DefaultMavenResourcesFiltering - Copying 0 resource from src\main\resources to target\classes
2025-07-19 15:46:38,902 [Worker-3: Building] INFO  o.a.m.s.f.DefaultMavenResourcesFiltering - skip non existing resourceDirectory E:\Qk_practice_Project\FireSolution_Project\Project_Firesolution\src\test\resources
2025-07-19 15:47:23,523 [Worker-17: Building] INFO  o.a.m.s.f.DefaultMavenResourcesFiltering - Copying 0 resource from src\main\resources to target\classes
2025-07-19 15:47:23,526 [Worker-17: Building] INFO  o.a.m.s.f.DefaultMavenResourcesFiltering - skip non existing resourceDirectory E:\Qk_practice_Project\FireSolution_Project\Project_Firesolution\src\test\resources
